/*
 *  CMSIS Pack Debug Access Sequence Log
 *  File        : C:\Users\16117\Desktop\stm32_jx\stm32_car\project_Sequences_0005.log
 *  Created     : 11:01:58 (29/07/2025)
 *  Device      : STM32F103C8
 *  PDSC File   : C:/Users/16117/AppData/Local/Arm/Packs/Keil/STM32F1xx_DFP/2.3.0/Keil.STM32F1xx_DFP.pdsc
 *  Config File : C:\Users\16117\Desktop\stm32_jx\stm32_car\DebugConfig\Target_1_STM32F103C8_1.0.0.dbgconf
 *
 */

[11:01:58.258]  **********  Sequence "DebugDeviceUnlock"  (Context="Target Access", Pname="", info="")
[11:01:58.258]  
[11:01:58.258]  <debugvars>
[11:01:58.259]    // Pre-defined
[11:01:58.259]    __protocol=0x00010002      (Protocol="SWD", SWJ-DP="True")
[11:01:58.259]    __connection=0x00000202    (Connection Type="Flash", Reset Type="System Reset")
[11:01:58.259]    __dp=0x00000000
[11:01:58.259]    __ap=0x00000000
[11:01:58.259]    __traceout=0x00000000      (Trace Disabled)
[11:01:58.259]    __errorcontrol=0x00000000  (Skip Errors="False")
[11:01:58.259]    __FlashAddr=0x00000000
[11:01:58.259]    __FlashLen=0x00000000
[11:01:58.259]    __FlashArg=0x00000000
[11:01:58.259]    __FlashOp=0x00000000
[11:01:58.260]    __Result=0x00000000
[11:01:58.260]    
[11:01:58.260]    // User-defined
[11:01:58.260]    DbgMCU_CR=0x00000007
[11:01:58.260]  </debugvars>
[11:01:58.260]  
[11:01:58.260]  <sequence name="DebugDeviceUnlock" Pname="" disable="false" info="">
[11:01:58.260]    <block atomic="false" info="">
[11:01:58.260]      Sequence("CheckID");
[11:01:58.260]        <sequence name="CheckID" Pname="" disable="false" info="">
[11:01:58.260]          <block atomic="false" info="">
[11:01:58.260]            __var pidr1 = 0;
[11:01:58.260]              // -> [pidr1 <= 0x00000000]
[11:01:58.260]            __var pidr2 = 0;
[11:01:58.260]              // -> [pidr2 <= 0x00000000]
[11:01:58.260]            __var jep106id = 0;
[11:01:58.260]              // -> [jep106id <= 0x00000000]
[11:01:58.260]            __var ROMTableBase = 0;
[11:01:58.261]              // -> [ROMTableBase <= 0x00000000]
[11:01:58.261]            __ap = 0;      // AHB-AP
[11:01:58.261]              // -> [__ap <= 0x00000000]
[11:01:58.261]            ROMTableBase = ReadAP(0xF8) & ~0x3;
[11:01:58.261]              // -> [ReadAP(0x000000F8) => 0xE00FF003]   (__dp=0x00000000, __ap=0x00000000)
[11:01:58.261]              // -> [ROMTableBase <= 0xE00FF000]
[11:01:58.261]            pidr1 = Read32(ROMTableBase + 0x0FE4);
[11:01:58.261]              // -> [Read32(0xE00FFFE4) => 0x00000004]   (__dp=0x00000000, __ap=0x00000000)
[11:01:58.261]              // -> [pidr1 <= 0x00000004]
[11:01:58.262]            pidr2 = Read32(ROMTableBase + 0x0FE8);
[11:01:58.262]              // -> [Read32(0xE00FFFE8) => 0x0000000A]   (__dp=0x00000000, __ap=0x00000000)
[11:01:58.262]              // -> [pidr2 <= 0x0000000A]
[11:01:58.262]            jep106id = ((pidr2 & 0x7) << 4 ) | ((pidr1 >> 4) & 0xF);
[11:01:58.262]              // -> [jep106id <= 0x00000020]
[11:01:58.262]          </block>
[11:01:58.262]          <control if="jep106id != 0x20" while="" timeout="0" info="">
[11:01:58.263]            // if-block "jep106id != 0x20"
[11:01:58.263]              // =>  FALSE
[11:01:58.263]            // skip if-block "jep106id != 0x20"
[11:01:58.263]          </control>
[11:01:58.263]        </sequence>
[11:01:58.263]    </block>
[11:01:58.263]  </sequence>
[11:01:58.263]  
[11:01:58.263]  **********  Sequence "DebugCoreStart"  (Context="Target Access", Pname="", info="")
[11:01:58.263]  
[11:01:58.264]  <debugvars>
[11:01:58.264]    // Pre-defined
[11:01:58.264]    __protocol=0x00010002      (Protocol="SWD", SWJ-DP="True")
[11:01:58.264]    __connection=0x00000202    (Connection Type="Flash", Reset Type="System Reset")
[11:01:58.264]    __dp=0x00000000
[11:01:58.264]    __ap=0x00000000
[11:01:58.265]    __traceout=0x00000000      (Trace Disabled)
[11:01:58.265]    __errorcontrol=0x00000000  (Skip Errors="False")
[11:01:58.265]    __FlashAddr=0x00000000
[11:01:58.265]    __FlashLen=0x00000000
[11:01:58.265]    __FlashArg=0x00000000
[11:01:58.265]    __FlashOp=0x00000000
[11:01:58.265]    __Result=0x00000000
[11:01:58.265]    
[11:01:58.265]    // User-defined
[11:01:58.265]    DbgMCU_CR=0x00000007
[11:01:58.265]  </debugvars>
[11:01:58.265]  
[11:01:58.265]  <sequence name="DebugCoreStart" Pname="" disable="false" info="">
[11:01:58.265]    <block atomic="false" info="">
[11:01:58.265]      Write32(0xE000EDF0, 0xA05F0001);                                        // Enable Core Debug via DHCSR
[11:01:58.265]        // -> [Write32(0xE000EDF0, 0xA05F0001)]   (__dp=0x00000000, __ap=0x00000000)
[11:01:58.266]      Write32(0xE0042004, DbgMCU_CR);                                         // DBGMCU_CR: Configure MCU Debug
[11:01:58.266]        // -> [Write32(0xE0042004, 0x00000007)]   (__dp=0x00000000, __ap=0x00000000)
[11:01:58.266]    </block>
[11:01:58.266]  </sequence>
[11:01:58.266]  
[11:02:00.854]  **********  Sequence "DebugDeviceUnlock"  (Context="Target Access", Pname="", info="")
[11:02:00.854]  
[11:02:00.854]  <debugvars>
[11:02:00.854]    // Pre-defined
[11:02:00.854]    __protocol=0x00010002      (Protocol="SWD", SWJ-DP="True")
[11:02:00.854]    __connection=0x00000201    (Connection Type="Debug", Reset Type="System Reset")
[11:02:00.855]    __dp=0x00000000
[11:02:00.855]    __ap=0x00000000
[11:02:00.855]    __traceout=0x00000000      (Trace Disabled)
[11:02:00.855]    __errorcontrol=0x00000000  (Skip Errors="False")
[11:02:00.855]    __FlashAddr=0x00000000
[11:02:00.855]    __FlashLen=0x00000000
[11:02:00.855]    __FlashArg=0x00000000
[11:02:00.855]    __FlashOp=0x00000000
[11:02:00.855]    __Result=0x00000000
[11:02:00.855]    
[11:02:00.855]    // User-defined
[11:02:00.855]    DbgMCU_CR=0x00000007
[11:02:00.855]  </debugvars>
[11:02:00.855]  
[11:02:00.855]  <sequence name="DebugDeviceUnlock" Pname="" disable="false" info="">
[11:02:00.855]    <block atomic="false" info="">
[11:02:00.855]      Sequence("CheckID");
[11:02:00.855]        <sequence name="CheckID" Pname="" disable="false" info="">
[11:02:00.855]          <block atomic="false" info="">
[11:02:00.855]            __var pidr1 = 0;
[11:02:00.855]              // -> [pidr1 <= 0x00000000]
[11:02:00.855]            __var pidr2 = 0;
[11:02:00.855]              // -> [pidr2 <= 0x00000000]
[11:02:00.855]            __var jep106id = 0;
[11:02:00.855]              // -> [jep106id <= 0x00000000]
[11:02:00.855]            __var ROMTableBase = 0;
[11:02:00.855]              // -> [ROMTableBase <= 0x00000000]
[11:02:00.855]            __ap = 0;      // AHB-AP
[11:02:00.855]              // -> [__ap <= 0x00000000]
[11:02:00.855]            ROMTableBase = ReadAP(0xF8) & ~0x3;
[11:02:00.855]              // -> [ReadAP(0x000000F8) => 0xE00FF003]   (__dp=0x00000000, __ap=0x00000000)
[11:02:00.855]              // -> [ROMTableBase <= 0xE00FF000]
[11:02:00.855]            pidr1 = Read32(ROMTableBase + 0x0FE4);
[11:02:00.856]              // -> [Read32(0xE00FFFE4) => 0x00000004]   (__dp=0x00000000, __ap=0x00000000)
[11:02:00.856]              // -> [pidr1 <= 0x00000004]
[11:02:00.856]            pidr2 = Read32(ROMTableBase + 0x0FE8);
[11:02:00.856]              // -> [Read32(0xE00FFFE8) => 0x0000000A]   (__dp=0x00000000, __ap=0x00000000)
[11:02:00.856]              // -> [pidr2 <= 0x0000000A]
[11:02:00.856]            jep106id = ((pidr2 & 0x7) << 4 ) | ((pidr1 >> 4) & 0xF);
[11:02:00.856]              // -> [jep106id <= 0x00000020]
[11:02:00.856]          </block>
[11:02:00.856]          <control if="jep106id != 0x20" while="" timeout="0" info="">
[11:02:00.856]            // if-block "jep106id != 0x20"
[11:02:00.856]              // =>  FALSE
[11:02:00.856]            // skip if-block "jep106id != 0x20"
[11:02:00.856]          </control>
[11:02:00.856]        </sequence>
[11:02:00.856]    </block>
[11:02:00.856]  </sequence>
[11:02:00.856]  
[11:02:00.856]  **********  Sequence "DebugCoreStart"  (Context="Target Access", Pname="", info="")
[11:02:00.856]  
[11:02:00.856]  <debugvars>
[11:02:00.856]    // Pre-defined
[11:02:00.856]    __protocol=0x00010002      (Protocol="SWD", SWJ-DP="True")
[11:02:00.856]    __connection=0x00000201    (Connection Type="Debug", Reset Type="System Reset")
[11:02:00.856]    __dp=0x00000000
[11:02:00.856]    __ap=0x00000000
[11:02:00.858]    __traceout=0x00000000      (Trace Disabled)
[11:02:00.858]    __errorcontrol=0x00000000  (Skip Errors="False")
[11:02:00.858]    __FlashAddr=0x00000000
[11:02:00.858]    __FlashLen=0x00000000
[11:02:00.858]    __FlashArg=0x00000000
[11:02:00.858]    __FlashOp=0x00000000
[11:02:00.858]    __Result=0x00000000
[11:02:00.858]    
[11:02:00.858]    // User-defined
[11:02:00.858]    DbgMCU_CR=0x00000007
[11:02:00.858]  </debugvars>
[11:02:00.858]  
[11:02:00.858]  <sequence name="DebugCoreStart" Pname="" disable="false" info="">
[11:02:00.858]    <block atomic="false" info="">
[11:02:00.858]      Write32(0xE000EDF0, 0xA05F0001);                                        // Enable Core Debug via DHCSR
[11:02:00.858]        // -> [Write32(0xE000EDF0, 0xA05F0001)]   (__dp=0x00000000, __ap=0x00000000)
[11:02:00.858]      Write32(0xE0042004, DbgMCU_CR);                                         // DBGMCU_CR: Configure MCU Debug
[11:02:00.859]        // -> [Write32(0xE0042004, 0x00000007)]   (__dp=0x00000000, __ap=0x00000000)
[11:02:00.859]    </block>
[11:02:00.859]  </sequence>
[11:02:00.859]  
[11:02:29.584]  **********  Sequence "DebugDeviceUnlock"  (Context="Target Access", Pname="", info="")
[11:02:29.584]  
[11:02:29.584]  <debugvars>
[11:02:29.584]    // Pre-defined
[11:02:29.584]    __protocol=0x00010002      (Protocol="SWD", SWJ-DP="True")
[11:02:29.584]    __connection=0x00000202    (Connection Type="Flash", Reset Type="System Reset")
[11:02:29.584]    __dp=0x00000000
[11:02:29.584]    __ap=0x00000000
[11:02:29.584]    __traceout=0x00000000      (Trace Disabled)
[11:02:29.584]    __errorcontrol=0x00000000  (Skip Errors="False")
[11:02:29.584]    __FlashAddr=0x00000000
[11:02:29.584]    __FlashLen=0x00000000
[11:02:29.584]    __FlashArg=0x00000000
[11:02:29.584]    __FlashOp=0x00000000
[11:02:29.584]    __Result=0x00000000
[11:02:29.584]    
[11:02:29.584]    // User-defined
[11:02:29.584]    DbgMCU_CR=0x00000007
[11:02:29.584]  </debugvars>
[11:02:29.584]  
[11:02:29.584]  <sequence name="DebugDeviceUnlock" Pname="" disable="false" info="">
[11:02:29.584]    <block atomic="false" info="">
[11:02:29.585]      Sequence("CheckID");
[11:02:29.585]        <sequence name="CheckID" Pname="" disable="false" info="">
[11:02:29.585]          <block atomic="false" info="">
[11:02:29.585]            __var pidr1 = 0;
[11:02:29.585]              // -> [pidr1 <= 0x00000000]
[11:02:29.585]            __var pidr2 = 0;
[11:02:29.585]              // -> [pidr2 <= 0x00000000]
[11:02:29.585]            __var jep106id = 0;
[11:02:29.585]              // -> [jep106id <= 0x00000000]
[11:02:29.585]            __var ROMTableBase = 0;
[11:02:29.585]              // -> [ROMTableBase <= 0x00000000]
[11:02:29.585]            __ap = 0;      // AHB-AP
[11:02:29.585]              // -> [__ap <= 0x00000000]
[11:02:29.585]            ROMTableBase = ReadAP(0xF8) & ~0x3;
[11:02:29.585]              // -> [ReadAP(0x000000F8) => 0xE00FF003]   (__dp=0x00000000, __ap=0x00000000)
[11:02:29.585]              // -> [ROMTableBase <= 0xE00FF000]
[11:02:29.585]            pidr1 = Read32(ROMTableBase + 0x0FE4);
[11:02:29.586]              // -> [Read32(0xE00FFFE4) => 0x00000004]   (__dp=0x00000000, __ap=0x00000000)
[11:02:29.586]              // -> [pidr1 <= 0x00000004]
[11:02:29.586]            pidr2 = Read32(ROMTableBase + 0x0FE8);
[11:02:29.586]              // -> [Read32(0xE00FFFE8) => 0x0000000A]   (__dp=0x00000000, __ap=0x00000000)
[11:02:29.586]              // -> [pidr2 <= 0x0000000A]
[11:02:29.586]            jep106id = ((pidr2 & 0x7) << 4 ) | ((pidr1 >> 4) & 0xF);
[11:02:29.586]              // -> [jep106id <= 0x00000020]
[11:02:29.586]          </block>
[11:02:29.586]          <control if="jep106id != 0x20" while="" timeout="0" info="">
[11:02:29.586]            // if-block "jep106id != 0x20"
[11:02:29.586]              // =>  FALSE
[11:02:29.586]            // skip if-block "jep106id != 0x20"
[11:02:29.586]          </control>
[11:02:29.587]        </sequence>
[11:02:29.587]    </block>
[11:02:29.587]  </sequence>
[11:02:29.587]  
[11:02:29.587]  **********  Sequence "DebugCoreStart"  (Context="Target Access", Pname="", info="")
[11:02:29.587]  
[11:02:29.587]  <debugvars>
[11:02:29.587]    // Pre-defined
[11:02:29.587]    __protocol=0x00010002      (Protocol="SWD", SWJ-DP="True")
[11:02:29.587]    __connection=0x00000202    (Connection Type="Flash", Reset Type="System Reset")
[11:02:29.588]    __dp=0x00000000
[11:02:29.588]    __ap=0x00000000
[11:02:29.588]    __traceout=0x00000000      (Trace Disabled)
[11:02:29.588]    __errorcontrol=0x00000000  (Skip Errors="False")
[11:02:29.588]    __FlashAddr=0x00000000
[11:02:29.588]    __FlashLen=0x00000000
[11:02:29.588]    __FlashArg=0x00000000
[11:02:29.588]    __FlashOp=0x00000000
[11:02:29.588]    __Result=0x00000000
[11:02:29.588]    
[11:02:29.588]    // User-defined
[11:02:29.588]    DbgMCU_CR=0x00000007
[11:02:29.588]  </debugvars>
[11:02:29.588]  
[11:02:29.588]  <sequence name="DebugCoreStart" Pname="" disable="false" info="">
[11:02:29.588]    <block atomic="false" info="">
[11:02:29.588]      Write32(0xE000EDF0, 0xA05F0001);                                        // Enable Core Debug via DHCSR
[11:02:29.588]        // -> [Write32(0xE000EDF0, 0xA05F0001)]   (__dp=0x00000000, __ap=0x00000000)
[11:02:29.588]      Write32(0xE0042004, DbgMCU_CR);                                         // DBGMCU_CR: Configure MCU Debug
[11:02:29.589]        // -> [Write32(0xE0042004, 0x00000007)]   (__dp=0x00000000, __ap=0x00000000)
[11:02:29.589]    </block>
[11:02:29.589]  </sequence>
[11:02:29.589]  
[11:02:32.920]  **********  Sequence "DebugDeviceUnlock"  (Context="Target Access", Pname="", info="")
[11:02:32.920]  
[11:02:32.920]  <debugvars>
[11:02:32.920]    // Pre-defined
[11:02:32.920]    __protocol=0x00010002      (Protocol="SWD", SWJ-DP="True")
[11:02:32.920]    __connection=0x00000201    (Connection Type="Debug", Reset Type="System Reset")
[11:02:32.920]    __dp=0x00000000
[11:02:32.920]    __ap=0x00000000
[11:02:32.920]    __traceout=0x00000000      (Trace Disabled)
[11:02:32.920]    __errorcontrol=0x00000000  (Skip Errors="False")
[11:02:32.920]    __FlashAddr=0x00000000
[11:02:32.920]    __FlashLen=0x00000000
[11:02:32.921]    __FlashArg=0x00000000
[11:02:32.921]    __FlashOp=0x00000000
[11:02:32.921]    __Result=0x00000000
[11:02:32.921]    
[11:02:32.921]    // User-defined
[11:02:32.921]    DbgMCU_CR=0x00000007
[11:02:32.921]  </debugvars>
[11:02:32.921]  
[11:02:32.921]  <sequence name="DebugDeviceUnlock" Pname="" disable="false" info="">
[11:02:32.921]    <block atomic="false" info="">
[11:02:32.921]      Sequence("CheckID");
[11:02:32.921]        <sequence name="CheckID" Pname="" disable="false" info="">
[11:02:32.921]          <block atomic="false" info="">
[11:02:32.921]            __var pidr1 = 0;
[11:02:32.921]              // -> [pidr1 <= 0x00000000]
[11:02:32.921]            __var pidr2 = 0;
[11:02:32.921]              // -> [pidr2 <= 0x00000000]
[11:02:32.921]            __var jep106id = 0;
[11:02:32.921]              // -> [jep106id <= 0x00000000]
[11:02:32.921]            __var ROMTableBase = 0;
[11:02:32.921]              // -> [ROMTableBase <= 0x00000000]
[11:02:32.921]            __ap = 0;      // AHB-AP
[11:02:32.921]              // -> [__ap <= 0x00000000]
[11:02:32.921]            ROMTableBase = ReadAP(0xF8) & ~0x3;
[11:02:32.922]              // -> [ReadAP(0x000000F8) => 0xE00FF003]   (__dp=0x00000000, __ap=0x00000000)
[11:02:32.922]              // -> [ROMTableBase <= 0xE00FF000]
[11:02:32.922]            pidr1 = Read32(ROMTableBase + 0x0FE4);
[11:02:32.922]              // -> [Read32(0xE00FFFE4) => 0x00000004]   (__dp=0x00000000, __ap=0x00000000)
[11:02:32.922]              // -> [pidr1 <= 0x00000004]
[11:02:32.922]            pidr2 = Read32(ROMTableBase + 0x0FE8);
[11:02:32.922]              // -> [Read32(0xE00FFFE8) => 0x0000000A]   (__dp=0x00000000, __ap=0x00000000)
[11:02:32.922]              // -> [pidr2 <= 0x0000000A]
[11:02:32.922]            jep106id = ((pidr2 & 0x7) << 4 ) | ((pidr1 >> 4) & 0xF);
[11:02:32.923]              // -> [jep106id <= 0x00000020]
[11:02:32.923]          </block>
[11:02:32.923]          <control if="jep106id != 0x20" while="" timeout="0" info="">
[11:02:32.923]            // if-block "jep106id != 0x20"
[11:02:32.923]              // =>  FALSE
[11:02:32.923]            // skip if-block "jep106id != 0x20"
[11:02:32.923]          </control>
[11:02:32.923]        </sequence>
[11:02:32.923]    </block>
[11:02:32.923]  </sequence>
[11:02:32.923]  
[11:02:32.923]  **********  Sequence "DebugCoreStart"  (Context="Target Access", Pname="", info="")
[11:02:32.923]  
[11:02:32.923]  <debugvars>
[11:02:32.923]    // Pre-defined
[11:02:32.923]    __protocol=0x00010002      (Protocol="SWD", SWJ-DP="True")
[11:02:32.923]    __connection=0x00000201    (Connection Type="Debug", Reset Type="System Reset")
[11:02:32.923]    __dp=0x00000000
[11:02:32.923]    __ap=0x00000000
[11:02:32.923]    __traceout=0x00000000      (Trace Disabled)
[11:02:32.923]    __errorcontrol=0x00000000  (Skip Errors="False")
[11:02:32.923]    __FlashAddr=0x00000000
[11:02:32.923]    __FlashLen=0x00000000
[11:02:32.923]    __FlashArg=0x00000000
[11:02:32.923]    __FlashOp=0x00000000
[11:02:32.923]    __Result=0x00000000
[11:02:32.924]    
[11:02:32.924]    // User-defined
[11:02:32.924]    DbgMCU_CR=0x00000007
[11:02:32.924]  </debugvars>
[11:02:32.924]  
[11:02:32.924]  <sequence name="DebugCoreStart" Pname="" disable="false" info="">
[11:02:32.924]    <block atomic="false" info="">
[11:02:32.924]      Write32(0xE000EDF0, 0xA05F0001);                                        // Enable Core Debug via DHCSR
[11:02:32.924]        // -> [Write32(0xE000EDF0, 0xA05F0001)]   (__dp=0x00000000, __ap=0x00000000)
[11:02:32.924]      Write32(0xE0042004, DbgMCU_CR);                                         // DBGMCU_CR: Configure MCU Debug
[11:02:32.925]        // -> [Write32(0xE0042004, 0x00000007)]   (__dp=0x00000000, __ap=0x00000000)
[11:02:32.925]    </block>
[11:02:32.925]  </sequence>
[11:02:32.925]  
[11:04:00.421]  **********  Sequence "DebugDeviceUnlock"  (Context="Target Access", Pname="", info="")
[11:04:00.421]  
[11:04:00.421]  <debugvars>
[11:04:00.421]    // Pre-defined
[11:04:00.421]    __protocol=0x00010002      (Protocol="SWD", SWJ-DP="True")
[11:04:00.421]    __connection=0x00000202    (Connection Type="Flash", Reset Type="System Reset")
[11:04:00.421]    __dp=0x00000000
[11:04:00.421]    __ap=0x00000000
[11:04:00.421]    __traceout=0x00000000      (Trace Disabled)
[11:04:00.421]    __errorcontrol=0x00000000  (Skip Errors="False")
[11:04:00.421]    __FlashAddr=0x00000000
[11:04:00.421]    __FlashLen=0x00000000
[11:04:00.421]    __FlashArg=0x00000000
[11:04:00.421]    __FlashOp=0x00000000
[11:04:00.421]    __Result=0x00000000
[11:04:00.421]    
[11:04:00.421]    // User-defined
[11:04:00.421]    DbgMCU_CR=0x00000007
[11:04:00.421]  </debugvars>
[11:04:00.421]  
[11:04:00.421]  <sequence name="DebugDeviceUnlock" Pname="" disable="false" info="">
[11:04:00.421]    <block atomic="false" info="">
[11:04:00.421]      Sequence("CheckID");
[11:04:00.422]        <sequence name="CheckID" Pname="" disable="false" info="">
[11:04:00.422]          <block atomic="false" info="">
[11:04:00.422]            __var pidr1 = 0;
[11:04:00.422]              // -> [pidr1 <= 0x00000000]
[11:04:00.422]            __var pidr2 = 0;
[11:04:00.422]              // -> [pidr2 <= 0x00000000]
[11:04:00.422]            __var jep106id = 0;
[11:04:00.422]              // -> [jep106id <= 0x00000000]
[11:04:00.422]            __var ROMTableBase = 0;
[11:04:00.422]              // -> [ROMTableBase <= 0x00000000]
[11:04:00.422]            __ap = 0;      // AHB-AP
[11:04:00.422]              // -> [__ap <= 0x00000000]
[11:04:00.422]            ROMTableBase = ReadAP(0xF8) & ~0x3;
[11:04:00.423]              // -> [ReadAP(0x000000F8) => 0xE00FF003]   (__dp=0x00000000, __ap=0x00000000)
[11:04:00.423]              // -> [ROMTableBase <= 0xE00FF000]
[11:04:00.423]            pidr1 = Read32(ROMTableBase + 0x0FE4);
[11:04:00.423]              // -> [Read32(0xE00FFFE4) => 0x00000004]   (__dp=0x00000000, __ap=0x00000000)
[11:04:00.423]              // -> [pidr1 <= 0x00000004]
[11:04:00.423]            pidr2 = Read32(ROMTableBase + 0x0FE8);
[11:04:00.423]              // -> [Read32(0xE00FFFE8) => 0x0000000A]   (__dp=0x00000000, __ap=0x00000000)
[11:04:00.423]              // -> [pidr2 <= 0x0000000A]
[11:04:00.424]            jep106id = ((pidr2 & 0x7) << 4 ) | ((pidr1 >> 4) & 0xF);
[11:04:00.424]              // -> [jep106id <= 0x00000020]
[11:04:00.424]          </block>
[11:04:00.424]          <control if="jep106id != 0x20" while="" timeout="0" info="">
[11:04:00.424]            // if-block "jep106id != 0x20"
[11:04:00.424]              // =>  FALSE
[11:04:00.424]            // skip if-block "jep106id != 0x20"
[11:04:00.424]          </control>
[11:04:00.424]        </sequence>
[11:04:00.424]    </block>
[11:04:00.424]  </sequence>
[11:04:00.424]  
[11:04:00.424]  **********  Sequence "DebugCoreStart"  (Context="Target Access", Pname="", info="")
[11:04:00.424]  
[11:04:00.424]  <debugvars>
[11:04:00.424]    // Pre-defined
[11:04:00.424]    __protocol=0x00010002      (Protocol="SWD", SWJ-DP="True")
[11:04:00.424]    __connection=0x00000202    (Connection Type="Flash", Reset Type="System Reset")
[11:04:00.424]    __dp=0x00000000
[11:04:00.424]    __ap=0x00000000
[11:04:00.424]    __traceout=0x00000000      (Trace Disabled)
[11:04:00.424]    __errorcontrol=0x00000000  (Skip Errors="False")
[11:04:00.424]    __FlashAddr=0x00000000
[11:04:00.424]    __FlashLen=0x00000000
[11:04:00.424]    __FlashArg=0x00000000
[11:04:00.424]    __FlashOp=0x00000000
[11:04:00.425]    __Result=0x00000000
[11:04:00.425]    
[11:04:00.425]    // User-defined
[11:04:00.425]    DbgMCU_CR=0x00000007
[11:04:00.425]  </debugvars>
[11:04:00.425]  
[11:04:00.425]  <sequence name="DebugCoreStart" Pname="" disable="false" info="">
[11:04:00.425]    <block atomic="false" info="">
[11:04:00.425]      Write32(0xE000EDF0, 0xA05F0001);                                        // Enable Core Debug via DHCSR
[11:04:00.425]        // -> [Write32(0xE000EDF0, 0xA05F0001)]   (__dp=0x00000000, __ap=0x00000000)
[11:04:00.425]      Write32(0xE0042004, DbgMCU_CR);                                         // DBGMCU_CR: Configure MCU Debug
[11:04:00.426]        // -> [Write32(0xE0042004, 0x00000007)]   (__dp=0x00000000, __ap=0x00000000)
[11:04:00.426]    </block>
[11:04:00.426]  </sequence>
[11:04:00.426]  
[11:04:03.063]  **********  Sequence "DebugDeviceUnlock"  (Context="Target Access", Pname="", info="")
[11:04:03.063]  
[11:04:03.071]  <debugvars>
[11:04:03.071]    // Pre-defined
[11:04:03.071]    __protocol=0x00010002      (Protocol="SWD", SWJ-DP="True")
[11:04:03.071]    __connection=0x00000201    (Connection Type="Debug", Reset Type="System Reset")
[11:04:03.071]    __dp=0x00000000
[11:04:03.071]    __ap=0x00000000
[11:04:03.071]    __traceout=0x00000000      (Trace Disabled)
[11:04:03.071]    __errorcontrol=0x00000000  (Skip Errors="False")
[11:04:03.071]    __FlashAddr=0x00000000
[11:04:03.071]    __FlashLen=0x00000000
[11:04:03.071]    __FlashArg=0x00000000
[11:04:03.071]    __FlashOp=0x00000000
[11:04:03.071]    __Result=0x00000000
[11:04:03.071]    
[11:04:03.071]    // User-defined
[11:04:03.071]    DbgMCU_CR=0x00000007
[11:04:03.071]  </debugvars>
[11:04:03.071]  
[11:04:03.071]  <sequence name="DebugDeviceUnlock" Pname="" disable="false" info="">
[11:04:03.071]    <block atomic="false" info="">
[11:04:03.071]      Sequence("CheckID");
[11:04:03.071]        <sequence name="CheckID" Pname="" disable="false" info="">
[11:04:03.071]          <block atomic="false" info="">
[11:04:03.071]            __var pidr1 = 0;
[11:04:03.071]              // -> [pidr1 <= 0x00000000]
[11:04:03.071]            __var pidr2 = 0;
[11:04:03.071]              // -> [pidr2 <= 0x00000000]
[11:04:03.071]            __var jep106id = 0;
[11:04:03.071]              // -> [jep106id <= 0x00000000]
[11:04:03.071]            __var ROMTableBase = 0;
[11:04:03.071]              // -> [ROMTableBase <= 0x00000000]
[11:04:03.071]            __ap = 0;      // AHB-AP
[11:04:03.071]              // -> [__ap <= 0x00000000]
[11:04:03.071]            ROMTableBase = ReadAP(0xF8) & ~0x3;
[11:04:03.071]              // -> [ReadAP(0x000000F8) => 0xE00FF003]   (__dp=0x00000000, __ap=0x00000000)
[11:04:03.071]              // -> [ROMTableBase <= 0xE00FF000]
[11:04:03.071]            pidr1 = Read32(ROMTableBase + 0x0FE4);
[11:04:03.072]              // -> [Read32(0xE00FFFE4) => 0x00000004]   (__dp=0x00000000, __ap=0x00000000)
[11:04:03.072]              // -> [pidr1 <= 0x00000004]
[11:04:03.072]            pidr2 = Read32(ROMTableBase + 0x0FE8);
[11:04:03.072]              // -> [Read32(0xE00FFFE8) => 0x0000000A]   (__dp=0x00000000, __ap=0x00000000)
[11:04:03.073]              // -> [pidr2 <= 0x0000000A]
[11:04:03.073]            jep106id = ((pidr2 & 0x7) << 4 ) | ((pidr1 >> 4) & 0xF);
[11:04:03.073]              // -> [jep106id <= 0x00000020]
[11:04:03.073]          </block>
[11:04:03.073]          <control if="jep106id != 0x20" while="" timeout="0" info="">
[11:04:03.073]            // if-block "jep106id != 0x20"
[11:04:03.073]              // =>  FALSE
[11:04:03.073]            // skip if-block "jep106id != 0x20"
[11:04:03.073]          </control>
[11:04:03.073]        </sequence>
[11:04:03.073]    </block>
[11:04:03.073]  </sequence>
[11:04:03.073]  
[11:04:03.073]  **********  Sequence "DebugCoreStart"  (Context="Target Access", Pname="", info="")
[11:04:03.073]  
[11:04:03.073]  <debugvars>
[11:04:03.073]    // Pre-defined
[11:04:03.073]    __protocol=0x00010002      (Protocol="SWD", SWJ-DP="True")
[11:04:03.074]    __connection=0x00000201    (Connection Type="Debug", Reset Type="System Reset")
[11:04:03.074]    __dp=0x00000000
[11:04:03.074]    __ap=0x00000000
[11:04:03.074]    __traceout=0x00000000      (Trace Disabled)
[11:04:03.074]    __errorcontrol=0x00000000  (Skip Errors="False")
[11:04:03.074]    __FlashAddr=0x00000000
[11:04:03.074]    __FlashLen=0x00000000
[11:04:03.074]    __FlashArg=0x00000000
[11:04:03.074]    __FlashOp=0x00000000
[11:04:03.074]    __Result=0x00000000
[11:04:03.074]    
[11:04:03.074]    // User-defined
[11:04:03.074]    DbgMCU_CR=0x00000007
[11:04:03.074]  </debugvars>
[11:04:03.074]  
[11:04:03.074]  <sequence name="DebugCoreStart" Pname="" disable="false" info="">
[11:04:03.074]    <block atomic="false" info="">
[11:04:03.074]      Write32(0xE000EDF0, 0xA05F0001);                                        // Enable Core Debug via DHCSR
[11:04:03.075]        // -> [Write32(0xE000EDF0, 0xA05F0001)]   (__dp=0x00000000, __ap=0x00000000)
[11:04:03.075]      Write32(0xE0042004, DbgMCU_CR);                                         // DBGMCU_CR: Configure MCU Debug
[11:04:03.075]        // -> [Write32(0xE0042004, 0x00000007)]   (__dp=0x00000000, __ap=0x00000000)
[11:04:03.075]    </block>
[11:04:03.075]  </sequence>
[11:04:03.075]  
[11:05:47.053]  **********  Sequence "DebugDeviceUnlock"  (Context="Target Access", Pname="", info="")
[11:05:47.053]  
[11:05:47.053]  <debugvars>
[11:05:47.053]    // Pre-defined
[11:05:47.053]    __protocol=0x00010002      (Protocol="SWD", SWJ-DP="True")
[11:05:47.053]    __connection=0x00000201    (Connection Type="Debug", Reset Type="System Reset")
[11:05:47.053]    __dp=0x00000000
[11:05:47.054]    __ap=0x00000000
[11:05:47.054]    __traceout=0x00000000      (Trace Disabled)
[11:05:47.054]    __errorcontrol=0x00000000  (Skip Errors="False")
[11:05:47.054]    __FlashAddr=0x00000000
[11:05:47.054]    __FlashLen=0x00000000
[11:05:47.054]    __FlashArg=0x00000000
[11:05:47.054]    __FlashOp=0x00000000
[11:05:47.054]    __Result=0x00000000
[11:05:47.054]    
[11:05:47.054]    // User-defined
[11:05:47.054]    DbgMCU_CR=0x00000007
[11:05:47.054]  </debugvars>
[11:05:47.054]  
[11:05:47.054]  <sequence name="DebugDeviceUnlock" Pname="" disable="false" info="">
[11:05:47.054]    <block atomic="false" info="">
[11:05:47.054]      Sequence("CheckID");
[11:05:47.054]        <sequence name="CheckID" Pname="" disable="false" info="">
[11:05:47.054]          <block atomic="false" info="">
[11:05:47.054]            __var pidr1 = 0;
[11:05:47.054]              // -> [pidr1 <= 0x00000000]
[11:05:47.054]            __var pidr2 = 0;
[11:05:47.054]              // -> [pidr2 <= 0x00000000]
[11:05:47.054]            __var jep106id = 0;
[11:05:47.054]              // -> [jep106id <= 0x00000000]
[11:05:47.054]            __var ROMTableBase = 0;
[11:05:47.055]              // -> [ROMTableBase <= 0x00000000]
[11:05:47.055]            __ap = 0;      // AHB-AP
[11:05:47.055]              // -> [__ap <= 0x00000000]
[11:05:47.055]            ROMTableBase = ReadAP(0xF8) & ~0x3;
[11:05:47.055]              // -> [ReadAP(0x000000F8) => 0xE00FF003]   (__dp=0x00000000, __ap=0x00000000)
[11:05:47.055]              // -> [ROMTableBase <= 0xE00FF000]
[11:05:47.055]            pidr1 = Read32(ROMTableBase + 0x0FE4);
[11:05:47.055]              // -> [Read32(0xE00FFFE4) => 0x00000004]   (__dp=0x00000000, __ap=0x00000000)
[11:05:47.055]              // -> [pidr1 <= 0x00000004]
[11:05:47.055]            pidr2 = Read32(ROMTableBase + 0x0FE8);
[11:05:47.056]              // -> [Read32(0xE00FFFE8) => 0x0000000A]   (__dp=0x00000000, __ap=0x00000000)
[11:05:47.056]              // -> [pidr2 <= 0x0000000A]
[11:05:47.056]            jep106id = ((pidr2 & 0x7) << 4 ) | ((pidr1 >> 4) & 0xF);
[11:05:47.056]              // -> [jep106id <= 0x00000020]
[11:05:47.056]          </block>
[11:05:47.056]          <control if="jep106id != 0x20" while="" timeout="0" info="">
[11:05:47.056]            // if-block "jep106id != 0x20"
[11:05:47.056]              // =>  FALSE
[11:05:47.056]            // skip if-block "jep106id != 0x20"
[11:05:47.056]          </control>
[11:05:47.056]        </sequence>
[11:05:47.056]    </block>
[11:05:47.056]  </sequence>
[11:05:47.056]  
[11:05:47.056]  **********  Sequence "DebugCoreStart"  (Context="Target Access", Pname="", info="")
[11:05:47.056]  
[11:05:47.056]  <debugvars>
[11:05:47.056]    // Pre-defined
[11:05:47.056]    __protocol=0x00010002      (Protocol="SWD", SWJ-DP="True")
[11:05:47.056]    __connection=0x00000201    (Connection Type="Debug", Reset Type="System Reset")
[11:05:47.057]    __dp=0x00000000
[11:05:47.057]    __ap=0x00000000
[11:05:47.057]    __traceout=0x00000000      (Trace Disabled)
[11:05:47.057]    __errorcontrol=0x00000000  (Skip Errors="False")
[11:05:47.057]    __FlashAddr=0x00000000
[11:05:47.057]    __FlashLen=0x00000000
[11:05:47.057]    __FlashArg=0x00000000
[11:05:47.057]    __FlashOp=0x00000000
[11:05:47.057]    __Result=0x00000000
[11:05:47.057]    
[11:05:47.057]    // User-defined
[11:05:47.057]    DbgMCU_CR=0x00000007
[11:05:47.057]  </debugvars>
[11:05:47.057]  
[11:05:47.057]  <sequence name="DebugCoreStart" Pname="" disable="false" info="">
[11:05:47.057]    <block atomic="false" info="">
[11:05:47.057]      Write32(0xE000EDF0, 0xA05F0001);                                        // Enable Core Debug via DHCSR
[11:05:47.057]        // -> [Write32(0xE000EDF0, 0xA05F0001)]   (__dp=0x00000000, __ap=0x00000000)
[11:05:47.057]      Write32(0xE0042004, DbgMCU_CR);                                         // DBGMCU_CR: Configure MCU Debug
[11:05:47.058]        // -> [Write32(0xE0042004, 0x00000007)]   (__dp=0x00000000, __ap=0x00000000)
[11:05:47.058]    </block>
[11:05:47.058]  </sequence>
[11:05:47.058]  
[11:06:45.515]  **********  Sequence "DebugDeviceUnlock"  (Context="Target Access", Pname="", info="")
[11:06:45.515]  
[11:06:45.515]  <debugvars>
[11:06:45.515]    // Pre-defined
[11:06:45.515]    __protocol=0x00010002      (Protocol="SWD", SWJ-DP="True")
[11:06:45.515]    __connection=0x00000201    (Connection Type="Debug", Reset Type="System Reset")
[11:06:45.515]    __dp=0x00000000
[11:06:45.515]    __ap=0x00000000
[11:06:45.515]    __traceout=0x00000000      (Trace Disabled)
[11:06:45.515]    __errorcontrol=0x00000000  (Skip Errors="False")
[11:06:45.515]    __FlashAddr=0x00000000
[11:06:45.515]    __FlashLen=0x00000000
[11:06:45.515]    __FlashArg=0x00000000
[11:06:45.515]    __FlashOp=0x00000000
[11:06:45.515]    __Result=0x00000000
[11:06:45.515]    
[11:06:45.515]    // User-defined
[11:06:45.515]    DbgMCU_CR=0x00000007
[11:06:45.515]  </debugvars>
[11:06:45.515]  
[11:06:45.515]  <sequence name="DebugDeviceUnlock" Pname="" disable="false" info="">
[11:06:45.515]    <block atomic="false" info="">
[11:06:45.515]      Sequence("CheckID");
[11:06:45.516]        <sequence name="CheckID" Pname="" disable="false" info="">
[11:06:45.516]          <block atomic="false" info="">
[11:06:45.516]            __var pidr1 = 0;
[11:06:45.516]              // -> [pidr1 <= 0x00000000]
[11:06:45.516]            __var pidr2 = 0;
[11:06:45.516]              // -> [pidr2 <= 0x00000000]
[11:06:45.516]            __var jep106id = 0;
[11:06:45.516]              // -> [jep106id <= 0x00000000]
[11:06:45.516]            __var ROMTableBase = 0;
[11:06:45.516]              // -> [ROMTableBase <= 0x00000000]
[11:06:45.516]            __ap = 0;      // AHB-AP
[11:06:45.516]              // -> [__ap <= 0x00000000]
[11:06:45.516]            ROMTableBase = ReadAP(0xF8) & ~0x3;
[11:06:45.516]              // -> [ReadAP(0x000000F8) => 0xE00FF003]   (__dp=0x00000000, __ap=0x00000000)
[11:06:45.516]              // -> [ROMTableBase <= 0xE00FF000]
[11:06:45.516]            pidr1 = Read32(ROMTableBase + 0x0FE4);
[11:06:45.517]              // -> [Read32(0xE00FFFE4) => 0x00000004]   (__dp=0x00000000, __ap=0x00000000)
[11:06:45.517]              // -> [pidr1 <= 0x00000004]
[11:06:45.517]            pidr2 = Read32(ROMTableBase + 0x0FE8);
[11:06:45.517]              // -> [Read32(0xE00FFFE8) => 0x0000000A]   (__dp=0x00000000, __ap=0x00000000)
[11:06:45.517]              // -> [pidr2 <= 0x0000000A]
[11:06:45.517]            jep106id = ((pidr2 & 0x7) << 4 ) | ((pidr1 >> 4) & 0xF);
[11:06:45.517]              // -> [jep106id <= 0x00000020]
[11:06:45.517]          </block>
[11:06:45.517]          <control if="jep106id != 0x20" while="" timeout="0" info="">
[11:06:45.517]            // if-block "jep106id != 0x20"
[11:06:45.517]              // =>  FALSE
[11:06:45.518]            // skip if-block "jep106id != 0x20"
[11:06:45.518]          </control>
[11:06:45.518]        </sequence>
[11:06:45.518]    </block>
[11:06:45.518]  </sequence>
[11:06:45.518]  
[11:06:45.518]  **********  Sequence "DebugCoreStart"  (Context="Target Access", Pname="", info="")
[11:06:45.518]  
[11:06:45.518]  <debugvars>
[11:06:45.518]    // Pre-defined
[11:06:45.518]    __protocol=0x00010002      (Protocol="SWD", SWJ-DP="True")
[11:06:45.518]    __connection=0x00000201    (Connection Type="Debug", Reset Type="System Reset")
[11:06:45.518]    __dp=0x00000000
[11:06:45.518]    __ap=0x00000000
[11:06:45.518]    __traceout=0x00000000      (Trace Disabled)
[11:06:45.518]    __errorcontrol=0x00000000  (Skip Errors="False")
[11:06:45.518]    __FlashAddr=0x00000000
[11:06:45.518]    __FlashLen=0x00000000
[11:06:45.518]    __FlashArg=0x00000000
[11:06:45.518]    __FlashOp=0x00000000
[11:06:45.518]    __Result=0x00000000
[11:06:45.518]    
[11:06:45.518]    // User-defined
[11:06:45.518]    DbgMCU_CR=0x00000007
[11:06:45.518]  </debugvars>
[11:06:45.518]  
[11:06:45.518]  <sequence name="DebugCoreStart" Pname="" disable="false" info="">
[11:06:45.518]    <block atomic="false" info="">
[11:06:45.518]      Write32(0xE000EDF0, 0xA05F0001);                                        // Enable Core Debug via DHCSR
[11:06:45.520]        // -> [Write32(0xE000EDF0, 0xA05F0001)]   (__dp=0x00000000, __ap=0x00000000)
[11:06:45.520]      Write32(0xE0042004, DbgMCU_CR);                                         // DBGMCU_CR: Configure MCU Debug
[11:06:45.520]        // -> [Write32(0xE0042004, 0x00000007)]   (__dp=0x00000000, __ap=0x00000000)
[11:06:45.520]    </block>
[11:06:45.520]  </sequence>
[11:06:45.520]  
[11:17:37.631]  **********  Sequence "DebugDeviceUnlock"  (Context="Target Access", Pname="", info="")
[11:17:37.631]  
[11:17:37.638]  <debugvars>
[11:17:37.638]    // Pre-defined
[11:17:37.638]    __protocol=0x00010002      (Protocol="SWD", SWJ-DP="True")
[11:17:37.638]    __connection=0x00000202    (Connection Type="Flash", Reset Type="System Reset")
[11:17:37.639]    __dp=0x00000000
[11:17:37.639]    __ap=0x00000000
[11:17:37.639]    __traceout=0x00000000      (Trace Disabled)
[11:17:37.639]    __errorcontrol=0x00000000  (Skip Errors="False")
[11:17:37.639]    __FlashAddr=0x00000000
[11:17:37.639]    __FlashLen=0x00000000
[11:17:37.639]    __FlashArg=0x00000000
[11:17:37.639]    __FlashOp=0x00000000
[11:17:37.639]    __Result=0x00000000
[11:17:37.639]    
[11:17:37.639]    // User-defined
[11:17:37.639]    DbgMCU_CR=0x00000007
[11:17:37.639]  </debugvars>
[11:17:37.639]  
[11:17:37.639]  <sequence name="DebugDeviceUnlock" Pname="" disable="false" info="">
[11:17:37.639]    <block atomic="false" info="">
[11:17:37.639]      Sequence("CheckID");
[11:17:37.639]        <sequence name="CheckID" Pname="" disable="false" info="">
[11:17:37.639]          <block atomic="false" info="">
[11:17:37.639]            __var pidr1 = 0;
[11:17:37.639]              // -> [pidr1 <= 0x00000000]
[11:17:37.639]            __var pidr2 = 0;
[11:17:37.639]              // -> [pidr2 <= 0x00000000]
[11:17:37.639]            __var jep106id = 0;
[11:17:37.639]              // -> [jep106id <= 0x00000000]
[11:17:37.640]            __var ROMTableBase = 0;
[11:17:37.640]              // -> [ROMTableBase <= 0x00000000]
[11:17:37.640]            __ap = 0;      // AHB-AP
[11:17:37.640]              // -> [__ap <= 0x00000000]
[11:17:37.640]            ROMTableBase = ReadAP(0xF8) & ~0x3;
[11:17:37.640]              // -> [ReadAP(0x000000F8) => 0xE00FF003]   (__dp=0x00000000, __ap=0x00000000)
[11:17:37.640]              // -> [ROMTableBase <= 0xE00FF000]
[11:17:37.640]            pidr1 = Read32(ROMTableBase + 0x0FE4);
[11:17:37.640]              // -> [Read32(0xE00FFFE4) => 0x00000004]   (__dp=0x00000000, __ap=0x00000000)
[11:17:37.640]              // -> [pidr1 <= 0x00000004]
[11:17:37.640]            pidr2 = Read32(ROMTableBase + 0x0FE8);
[11:17:37.641]              // -> [Read32(0xE00FFFE8) => 0x0000000A]   (__dp=0x00000000, __ap=0x00000000)
[11:17:37.641]              // -> [pidr2 <= 0x0000000A]
[11:17:37.641]            jep106id = ((pidr2 & 0x7) << 4 ) | ((pidr1 >> 4) & 0xF);
[11:17:37.641]              // -> [jep106id <= 0x00000020]
[11:17:37.641]          </block>
[11:17:37.641]          <control if="jep106id != 0x20" while="" timeout="0" info="">
[11:17:37.641]            // if-block "jep106id != 0x20"
[11:17:37.641]              // =>  FALSE
[11:17:37.641]            // skip if-block "jep106id != 0x20"
[11:17:37.641]          </control>
[11:17:37.641]        </sequence>
[11:17:37.641]    </block>
[11:17:37.641]  </sequence>
[11:17:37.641]  
[11:17:37.641]  **********  Sequence "DebugCoreStart"  (Context="Target Access", Pname="", info="")
[11:17:37.641]  
[11:17:37.641]  <debugvars>
[11:17:37.642]    // Pre-defined
[11:17:37.642]    __protocol=0x00010002      (Protocol="SWD", SWJ-DP="True")
[11:17:37.642]    __connection=0x00000202    (Connection Type="Flash", Reset Type="System Reset")
[11:17:37.642]    __dp=0x00000000
[11:17:37.642]    __ap=0x00000000
[11:17:37.642]    __traceout=0x00000000      (Trace Disabled)
[11:17:37.642]    __errorcontrol=0x00000000  (Skip Errors="False")
[11:17:37.642]    __FlashAddr=0x00000000
[11:17:37.642]    __FlashLen=0x00000000
[11:17:37.642]    __FlashArg=0x00000000
[11:17:37.642]    __FlashOp=0x00000000
[11:17:37.642]    __Result=0x00000000
[11:17:37.642]    
[11:17:37.642]    // User-defined
[11:17:37.642]    DbgMCU_CR=0x00000007
[11:17:37.642]  </debugvars>
[11:17:37.642]  
[11:17:37.642]  <sequence name="DebugCoreStart" Pname="" disable="false" info="">
[11:17:37.642]    <block atomic="false" info="">
[11:17:37.642]      Write32(0xE000EDF0, 0xA05F0001);                                        // Enable Core Debug via DHCSR
[11:17:37.643]        // -> [Write32(0xE000EDF0, 0xA05F0001)]   (__dp=0x00000000, __ap=0x00000000)
[11:17:37.643]      Write32(0xE0042004, DbgMCU_CR);                                         // DBGMCU_CR: Configure MCU Debug
[11:17:37.643]        // -> [Write32(0xE0042004, 0x00000007)]   (__dp=0x00000000, __ap=0x00000000)
[11:17:37.644]    </block>
[11:17:37.644]  </sequence>
[11:17:37.644]  
[11:17:40.062]  **********  Sequence "DebugDeviceUnlock"  (Context="Target Access", Pname="", info="")
[11:17:40.062]  
[11:17:40.062]  <debugvars>
[11:17:40.062]    // Pre-defined
[11:17:40.062]    __protocol=0x00010002      (Protocol="SWD", SWJ-DP="True")
[11:17:40.062]    __connection=0x00000201    (Connection Type="Debug", Reset Type="System Reset")
[11:17:40.062]    __dp=0x00000000
[11:17:40.062]    __ap=0x00000000
[11:17:40.062]    __traceout=0x00000000      (Trace Disabled)
[11:17:40.063]    __errorcontrol=0x00000000  (Skip Errors="False")
[11:17:40.063]    __FlashAddr=0x00000000
[11:17:40.063]    __FlashLen=0x00000000
[11:17:40.063]    __FlashArg=0x00000000
[11:17:40.063]    __FlashOp=0x00000000
[11:17:40.063]    __Result=0x00000000
[11:17:40.063]    
[11:17:40.063]    // User-defined
[11:17:40.063]    DbgMCU_CR=0x00000007
[11:17:40.063]  </debugvars>
[11:17:40.063]  
[11:17:40.063]  <sequence name="DebugDeviceUnlock" Pname="" disable="false" info="">
[11:17:40.063]    <block atomic="false" info="">
[11:17:40.063]      Sequence("CheckID");
[11:17:40.063]        <sequence name="CheckID" Pname="" disable="false" info="">
[11:17:40.063]          <block atomic="false" info="">
[11:17:40.063]            __var pidr1 = 0;
[11:17:40.063]              // -> [pidr1 <= 0x00000000]
[11:17:40.063]            __var pidr2 = 0;
[11:17:40.063]              // -> [pidr2 <= 0x00000000]
[11:17:40.063]            __var jep106id = 0;
[11:17:40.063]              // -> [jep106id <= 0x00000000]
[11:17:40.063]            __var ROMTableBase = 0;
[11:17:40.063]              // -> [ROMTableBase <= 0x00000000]
[11:17:40.063]            __ap = 0;      // AHB-AP
[11:17:40.063]              // -> [__ap <= 0x00000000]
[11:17:40.063]            ROMTableBase = ReadAP(0xF8) & ~0x3;
[11:17:40.064]              // -> [ReadAP(0x000000F8) => 0xE00FF003]   (__dp=0x00000000, __ap=0x00000000)
[11:17:40.064]              // -> [ROMTableBase <= 0xE00FF000]
[11:17:40.064]            pidr1 = Read32(ROMTableBase + 0x0FE4);
[11:17:40.064]              // -> [Read32(0xE00FFFE4) => 0x00000004]   (__dp=0x00000000, __ap=0x00000000)
[11:17:40.064]              // -> [pidr1 <= 0x00000004]
[11:17:40.064]            pidr2 = Read32(ROMTableBase + 0x0FE8);
[11:17:40.064]              // -> [Read32(0xE00FFFE8) => 0x0000000A]   (__dp=0x00000000, __ap=0x00000000)
[11:17:40.064]              // -> [pidr2 <= 0x0000000A]
[11:17:40.064]            jep106id = ((pidr2 & 0x7) << 4 ) | ((pidr1 >> 4) & 0xF);
[11:17:40.065]              // -> [jep106id <= 0x00000020]
[11:17:40.065]          </block>
[11:17:40.065]          <control if="jep106id != 0x20" while="" timeout="0" info="">
[11:17:40.065]            // if-block "jep106id != 0x20"
[11:17:40.065]              // =>  FALSE
[11:17:40.065]            // skip if-block "jep106id != 0x20"
[11:17:40.065]          </control>
[11:17:40.065]        </sequence>
[11:17:40.065]    </block>
[11:17:40.065]  </sequence>
[11:17:40.065]  
[11:17:40.065]  **********  Sequence "DebugCoreStart"  (Context="Target Access", Pname="", info="")
[11:17:40.065]  
[11:17:40.065]  <debugvars>
[11:17:40.065]    // Pre-defined
[11:17:40.065]    __protocol=0x00010002      (Protocol="SWD", SWJ-DP="True")
[11:17:40.065]    __connection=0x00000201    (Connection Type="Debug", Reset Type="System Reset")
[11:17:40.065]    __dp=0x00000000
[11:17:40.065]    __ap=0x00000000
[11:17:40.065]    __traceout=0x00000000      (Trace Disabled)
[11:17:40.065]    __errorcontrol=0x00000000  (Skip Errors="False")
[11:17:40.066]    __FlashAddr=0x00000000
[11:17:40.066]    __FlashLen=0x00000000
[11:17:40.066]    __FlashArg=0x00000000
[11:17:40.066]    __FlashOp=0x00000000
[11:17:40.066]    __Result=0x00000000
[11:17:40.066]    
[11:17:40.066]    // User-defined
[11:17:40.066]    DbgMCU_CR=0x00000007
[11:17:40.066]  </debugvars>
[11:17:40.066]  
[11:17:40.066]  <sequence name="DebugCoreStart" Pname="" disable="false" info="">
[11:17:40.066]    <block atomic="false" info="">
[11:17:40.066]      Write32(0xE000EDF0, 0xA05F0001);                                        // Enable Core Debug via DHCSR
[11:17:40.067]        // -> [Write32(0xE000EDF0, 0xA05F0001)]   (__dp=0x00000000, __ap=0x00000000)
[11:17:40.067]      Write32(0xE0042004, DbgMCU_CR);                                         // DBGMCU_CR: Configure MCU Debug
[11:17:40.067]        // -> [Write32(0xE0042004, 0x00000007)]   (__dp=0x00000000, __ap=0x00000000)
[11:17:40.067]    </block>
[11:17:40.067]  </sequence>
[11:17:40.067]  
[11:19:22.978]  **********  Sequence "DebugDeviceUnlock"  (Context="Target Access", Pname="", info="")
[11:19:22.978]  
[11:19:22.986]  <debugvars>
[11:19:22.986]    // Pre-defined
[11:19:22.986]    __protocol=0x00010002      (Protocol="SWD", SWJ-DP="True")
[11:19:22.986]    __connection=0x00000201    (Connection Type="Debug", Reset Type="System Reset")
[11:19:22.986]    __dp=0x00000000
[11:19:22.986]    __ap=0x00000000
[11:19:22.986]    __traceout=0x00000000      (Trace Disabled)
[11:19:22.986]    __errorcontrol=0x00000000  (Skip Errors="False")
[11:19:22.986]    __FlashAddr=0x00000000
[11:19:22.986]    __FlashLen=0x00000000
[11:19:22.986]    __FlashArg=0x00000000
[11:19:22.986]    __FlashOp=0x00000000
[11:19:22.986]    __Result=0x00000000
[11:19:22.986]    
[11:19:22.986]    // User-defined
[11:19:22.986]    DbgMCU_CR=0x00000007
[11:19:22.986]  </debugvars>
[11:19:22.986]  
[11:19:22.986]  <sequence name="DebugDeviceUnlock" Pname="" disable="false" info="">
[11:19:22.986]    <block atomic="false" info="">
[11:19:22.986]      Sequence("CheckID");
[11:19:22.986]        <sequence name="CheckID" Pname="" disable="false" info="">
[11:19:22.986]          <block atomic="false" info="">
[11:19:22.986]            __var pidr1 = 0;
[11:19:22.986]              // -> [pidr1 <= 0x00000000]
[11:19:22.986]            __var pidr2 = 0;
[11:19:22.986]              // -> [pidr2 <= 0x00000000]
[11:19:22.986]            __var jep106id = 0;
[11:19:22.986]              // -> [jep106id <= 0x00000000]
[11:19:22.987]            __var ROMTableBase = 0;
[11:19:22.987]              // -> [ROMTableBase <= 0x00000000]
[11:19:22.987]            __ap = 0;      // AHB-AP
[11:19:22.987]              // -> [__ap <= 0x00000000]
[11:19:22.987]            ROMTableBase = ReadAP(0xF8) & ~0x3;
[11:19:22.987]              // -> [ReadAP(0x000000F8) => 0xE00FF003]   (__dp=0x00000000, __ap=0x00000000)
[11:19:22.987]              // -> [ROMTableBase <= 0xE00FF000]
[11:19:22.987]            pidr1 = Read32(ROMTableBase + 0x0FE4);
[11:19:22.987]              // -> [Read32(0xE00FFFE4) => 0x00000004]   (__dp=0x00000000, __ap=0x00000000)
[11:19:22.987]              // -> [pidr1 <= 0x00000004]
[11:19:22.987]            pidr2 = Read32(ROMTableBase + 0x0FE8);
[11:19:22.987]              // -> [Read32(0xE00FFFE8) => 0x0000000A]   (__dp=0x00000000, __ap=0x00000000)
[11:19:22.987]              // -> [pidr2 <= 0x0000000A]
[11:19:22.987]            jep106id = ((pidr2 & 0x7) << 4 ) | ((pidr1 >> 4) & 0xF);
[11:19:22.987]              // -> [jep106id <= 0x00000020]
[11:19:22.987]          </block>
[11:19:22.987]          <control if="jep106id != 0x20" while="" timeout="0" info="">
[11:19:22.987]            // if-block "jep106id != 0x20"
[11:19:22.988]              // =>  FALSE
[11:19:22.988]            // skip if-block "jep106id != 0x20"
[11:19:22.988]          </control>
[11:19:22.988]        </sequence>
[11:19:22.988]    </block>
[11:19:22.988]  </sequence>
[11:19:22.988]  
[11:19:22.988]  **********  Sequence "DebugCoreStart"  (Context="Target Access", Pname="", info="")
[11:19:22.988]  
[11:19:22.988]  <debugvars>
[11:19:22.988]    // Pre-defined
[11:19:22.988]    __protocol=0x00010002      (Protocol="SWD", SWJ-DP="True")
[11:19:22.988]    __connection=0x00000201    (Connection Type="Debug", Reset Type="System Reset")
[11:19:22.988]    __dp=0x00000000
[11:19:22.988]    __ap=0x00000000
[11:19:22.988]    __traceout=0x00000000      (Trace Disabled)
[11:19:22.988]    __errorcontrol=0x00000000  (Skip Errors="False")
[11:19:22.988]    __FlashAddr=0x00000000
[11:19:22.988]    __FlashLen=0x00000000
[11:19:22.988]    __FlashArg=0x00000000
[11:19:22.988]    __FlashOp=0x00000000
[11:19:22.988]    __Result=0x00000000
[11:19:22.988]    
[11:19:22.988]    // User-defined
[11:19:22.988]    DbgMCU_CR=0x00000007
[11:19:22.989]  </debugvars>
[11:19:22.989]  
[11:19:22.989]  <sequence name="DebugCoreStart" Pname="" disable="false" info="">
[11:19:22.989]    <block atomic="false" info="">
[11:19:22.989]      Write32(0xE000EDF0, 0xA05F0001);                                        // Enable Core Debug via DHCSR
[11:19:22.990]        // -> [Write32(0xE000EDF0, 0xA05F0001)]   (__dp=0x00000000, __ap=0x00000000)
[11:19:22.990]      Write32(0xE0042004, DbgMCU_CR);                                         // DBGMCU_CR: Configure MCU Debug
[11:19:22.990]        // -> [Write32(0xE0042004, 0x00000007)]   (__dp=0x00000000, __ap=0x00000000)
[11:19:22.990]    </block>
[11:19:22.990]  </sequence>
[11:19:22.990]  
[11:28:44.352]  **********  Sequence "DebugDeviceUnlock"  (Context="Target Access", Pname="", info="")
[11:28:44.352]  
[11:28:44.352]  <debugvars>
[11:28:44.352]    // Pre-defined
[11:28:44.352]    __protocol=0x00010002      (Protocol="SWD", SWJ-DP="True")
[11:28:44.352]    __connection=0x00000201    (Connection Type="Debug", Reset Type="System Reset")
[11:28:44.352]    __dp=0x00000000
[11:28:44.352]    __ap=0x00000000
[11:28:44.353]    __traceout=0x00000000      (Trace Disabled)
[11:28:44.353]    __errorcontrol=0x00000000  (Skip Errors="False")
[11:28:44.353]    __FlashAddr=0x00000000
[11:28:44.353]    __FlashLen=0x00000000
[11:28:44.353]    __FlashArg=0x00000000
[11:28:44.353]    __FlashOp=0x00000000
[11:28:44.353]    __Result=0x00000000
[11:28:44.353]    
[11:28:44.353]    // User-defined
[11:28:44.353]    DbgMCU_CR=0x00000007
[11:28:44.353]  </debugvars>
[11:28:44.354]  
[11:28:44.354]  <sequence name="DebugDeviceUnlock" Pname="" disable="false" info="">
[11:28:44.354]    <block atomic="false" info="">
[11:28:44.354]      Sequence("CheckID");
[11:28:44.354]        <sequence name="CheckID" Pname="" disable="false" info="">
[11:28:44.354]          <block atomic="false" info="">
[11:28:44.354]            __var pidr1 = 0;
[11:28:44.354]              // -> [pidr1 <= 0x00000000]
[11:28:44.354]            __var pidr2 = 0;
[11:28:44.354]              // -> [pidr2 <= 0x00000000]
[11:28:44.354]            __var jep106id = 0;
[11:28:44.354]              // -> [jep106id <= 0x00000000]
[11:28:44.354]            __var ROMTableBase = 0;
[11:28:44.354]              // -> [ROMTableBase <= 0x00000000]
[11:28:44.354]            __ap = 0;      // AHB-AP
[11:28:44.354]              // -> [__ap <= 0x00000000]
[11:28:44.354]            ROMTableBase = ReadAP(0xF8) & ~0x3;
[11:28:44.354]              // -> [ReadAP(0x000000F8) => 0xE00FF003]   (__dp=0x00000000, __ap=0x00000000)
[11:28:44.355]              // -> [ROMTableBase <= 0xE00FF000]
[11:28:44.355]            pidr1 = Read32(ROMTableBase + 0x0FE4);
[11:28:44.355]              // -> [Read32(0xE00FFFE4) => 0x00000004]   (__dp=0x00000000, __ap=0x00000000)
[11:28:44.355]              // -> [pidr1 <= 0x00000004]
[11:28:44.355]            pidr2 = Read32(ROMTableBase + 0x0FE8);
[11:28:44.355]              // -> [Read32(0xE00FFFE8) => 0x0000000A]   (__dp=0x00000000, __ap=0x00000000)
[11:28:44.356]              // -> [pidr2 <= 0x0000000A]
[11:28:44.356]            jep106id = ((pidr2 & 0x7) << 4 ) | ((pidr1 >> 4) & 0xF);
[11:28:44.356]              // -> [jep106id <= 0x00000020]
[11:28:44.356]          </block>
[11:28:44.356]          <control if="jep106id != 0x20" while="" timeout="0" info="">
[11:28:44.356]            // if-block "jep106id != 0x20"
[11:28:44.356]              // =>  FALSE
[11:28:44.356]            // skip if-block "jep106id != 0x20"
[11:28:44.356]          </control>
[11:28:44.356]        </sequence>
[11:28:44.356]    </block>
[11:28:44.356]  </sequence>
[11:28:44.356]  
[11:28:44.356]  **********  Sequence "DebugCoreStart"  (Context="Target Access", Pname="", info="")
[11:28:44.356]  
[11:28:44.356]  <debugvars>
[11:28:44.356]    // Pre-defined
[11:28:44.356]    __protocol=0x00010002      (Protocol="SWD", SWJ-DP="True")
[11:28:44.356]    __connection=0x00000201    (Connection Type="Debug", Reset Type="System Reset")
[11:28:44.356]    __dp=0x00000000
[11:28:44.357]    __ap=0x00000000
[11:28:44.357]    __traceout=0x00000000      (Trace Disabled)
[11:28:44.357]    __errorcontrol=0x00000000  (Skip Errors="False")
[11:28:44.357]    __FlashAddr=0x00000000
[11:28:44.357]    __FlashLen=0x00000000
[11:28:44.357]    __FlashArg=0x00000000
[11:28:44.357]    __FlashOp=0x00000000
[11:28:44.357]    __Result=0x00000000
[11:28:44.357]    
[11:28:44.357]    // User-defined
[11:28:44.357]    DbgMCU_CR=0x00000007
[11:28:44.357]  </debugvars>
[11:28:44.357]  
[11:28:44.357]  <sequence name="DebugCoreStart" Pname="" disable="false" info="">
[11:28:44.357]    <block atomic="false" info="">
[11:28:44.357]      Write32(0xE000EDF0, 0xA05F0001);                                        // Enable Core Debug via DHCSR
[11:28:44.357]        // -> [Write32(0xE000EDF0, 0xA05F0001)]   (__dp=0x00000000, __ap=0x00000000)
[11:28:44.357]      Write32(0xE0042004, DbgMCU_CR);                                         // DBGMCU_CR: Configure MCU Debug
[11:28:44.358]        // -> [Write32(0xE0042004, 0x00000007)]   (__dp=0x00000000, __ap=0x00000000)
[11:28:44.358]    </block>
[11:28:44.358]  </sequence>
[11:28:44.358]  
[11:34:46.763]  **********  Sequence "DebugDeviceUnlock"  (Context="Target Access", Pname="", info="")
[11:34:46.763]  
[11:34:46.769]  <debugvars>
[11:34:46.769]    // Pre-defined
[11:34:46.769]    __protocol=0x00010002      (Protocol="SWD", SWJ-DP="True")
[11:34:46.769]    __connection=0x00000202    (Connection Type="Flash", Reset Type="System Reset")
[11:34:46.769]    __dp=0x00000000
[11:34:46.769]    __ap=0x00000000
[11:34:46.769]    __traceout=0x00000000      (Trace Disabled)
[11:34:46.770]    __errorcontrol=0x00000000  (Skip Errors="False")
[11:34:46.770]    __FlashAddr=0x00000000
[11:34:46.770]    __FlashLen=0x00000000
[11:34:46.770]    __FlashArg=0x00000000
[11:34:46.770]    __FlashOp=0x00000000
[11:34:46.770]    __Result=0x00000000
[11:34:46.770]    
[11:34:46.770]    // User-defined
[11:34:46.770]    DbgMCU_CR=0x00000007
[11:34:46.770]  </debugvars>
[11:34:46.770]  
[11:34:46.770]  <sequence name="DebugDeviceUnlock" Pname="" disable="false" info="">
[11:34:46.770]    <block atomic="false" info="">
[11:34:46.770]      Sequence("CheckID");
[11:34:46.770]        <sequence name="CheckID" Pname="" disable="false" info="">
[11:34:46.770]          <block atomic="false" info="">
[11:34:46.770]            __var pidr1 = 0;
[11:34:46.770]              // -> [pidr1 <= 0x00000000]
[11:34:46.770]            __var pidr2 = 0;
[11:34:46.770]              // -> [pidr2 <= 0x00000000]
[11:34:46.770]            __var jep106id = 0;
[11:34:46.770]              // -> [jep106id <= 0x00000000]
[11:34:46.770]            __var ROMTableBase = 0;
[11:34:46.770]              // -> [ROMTableBase <= 0x00000000]
[11:34:46.770]            __ap = 0;      // AHB-AP
[11:34:46.770]              // -> [__ap <= 0x00000000]
[11:34:46.770]            ROMTableBase = ReadAP(0xF8) & ~0x3;
[11:34:46.772]              // -> [ReadAP(0x000000F8) => 0xE00FF003]   (__dp=0x00000000, __ap=0x00000000)
[11:34:46.772]              // -> [ROMTableBase <= 0xE00FF000]
[11:34:46.772]            pidr1 = Read32(ROMTableBase + 0x0FE4);
[11:34:46.772]              // -> [Read32(0xE00FFFE4) => 0x00000004]   (__dp=0x00000000, __ap=0x00000000)
[11:34:46.772]              // -> [pidr1 <= 0x00000004]
[11:34:46.772]            pidr2 = Read32(ROMTableBase + 0x0FE8);
[11:34:46.773]              // -> [Read32(0xE00FFFE8) => 0x0000000A]   (__dp=0x00000000, __ap=0x00000000)
[11:34:46.773]              // -> [pidr2 <= 0x0000000A]
[11:34:46.773]            jep106id = ((pidr2 & 0x7) << 4 ) | ((pidr1 >> 4) & 0xF);
[11:34:46.773]              // -> [jep106id <= 0x00000020]
[11:34:46.773]          </block>
[11:34:46.773]          <control if="jep106id != 0x20" while="" timeout="0" info="">
[11:34:46.773]            // if-block "jep106id != 0x20"
[11:34:46.773]              // =>  FALSE
[11:34:46.773]            // skip if-block "jep106id != 0x20"
[11:34:46.773]          </control>
[11:34:46.773]        </sequence>
[11:34:46.773]    </block>
[11:34:46.773]  </sequence>
[11:34:46.773]  
[11:34:46.773]  **********  Sequence "DebugCoreStart"  (Context="Target Access", Pname="", info="")
[11:34:46.773]  
[11:34:46.773]  <debugvars>
[11:34:46.773]    // Pre-defined
[11:34:46.773]    __protocol=0x00010002      (Protocol="SWD", SWJ-DP="True")
[11:34:46.773]    __connection=0x00000202    (Connection Type="Flash", Reset Type="System Reset")
[11:34:46.773]    __dp=0x00000000
[11:34:46.773]    __ap=0x00000000
[11:34:46.773]    __traceout=0x00000000      (Trace Disabled)
[11:34:46.773]    __errorcontrol=0x00000000  (Skip Errors="False")
[11:34:46.773]    __FlashAddr=0x00000000
[11:34:46.774]    __FlashLen=0x00000000
[11:34:46.774]    __FlashArg=0x00000000
[11:34:46.774]    __FlashOp=0x00000000
[11:34:46.774]    __Result=0x00000000
[11:34:46.774]    
[11:34:46.774]    // User-defined
[11:34:46.774]    DbgMCU_CR=0x00000007
[11:34:46.774]  </debugvars>
[11:34:46.774]  
[11:34:46.774]  <sequence name="DebugCoreStart" Pname="" disable="false" info="">
[11:34:46.774]    <block atomic="false" info="">
[11:34:46.774]      Write32(0xE000EDF0, 0xA05F0001);                                        // Enable Core Debug via DHCSR
[11:34:46.774]        // -> [Write32(0xE000EDF0, 0xA05F0001)]   (__dp=0x00000000, __ap=0x00000000)
[11:34:46.774]      Write32(0xE0042004, DbgMCU_CR);                                         // DBGMCU_CR: Configure MCU Debug
[11:34:46.775]        // -> [Write32(0xE0042004, 0x00000007)]   (__dp=0x00000000, __ap=0x00000000)
[11:34:46.775]    </block>
[11:34:46.775]  </sequence>
[11:34:46.775]  
[11:34:49.922]  **********  Sequence "DebugDeviceUnlock"  (Context="Target Access", Pname="", info="")
[11:34:49.922]  
[11:34:49.930]  <debugvars>
[11:34:49.930]    // Pre-defined
[11:34:49.930]    __protocol=0x00010002      (Protocol="SWD", SWJ-DP="True")
[11:34:49.930]    __connection=0x00000201    (Connection Type="Debug", Reset Type="System Reset")
[11:34:49.930]    __dp=0x00000000
[11:34:49.930]    __ap=0x00000000
[11:34:49.930]    __traceout=0x00000000      (Trace Disabled)
[11:34:49.930]    __errorcontrol=0x00000000  (Skip Errors="False")
[11:34:49.930]    __FlashAddr=0x00000000
[11:34:49.930]    __FlashLen=0x00000000
[11:34:49.930]    __FlashArg=0x00000000
[11:34:49.930]    __FlashOp=0x00000000
[11:34:49.930]    __Result=0x00000000
[11:34:49.930]    
[11:34:49.930]    // User-defined
[11:34:49.930]    DbgMCU_CR=0x00000007
[11:34:49.930]  </debugvars>
[11:34:49.930]  
[11:34:49.930]  <sequence name="DebugDeviceUnlock" Pname="" disable="false" info="">
[11:34:49.930]    <block atomic="false" info="">
[11:34:49.930]      Sequence("CheckID");
[11:34:49.930]        <sequence name="CheckID" Pname="" disable="false" info="">
[11:34:49.930]          <block atomic="false" info="">
[11:34:49.930]            __var pidr1 = 0;
[11:34:49.930]              // -> [pidr1 <= 0x00000000]
[11:34:49.930]            __var pidr2 = 0;
[11:34:49.930]              // -> [pidr2 <= 0x00000000]
[11:34:49.930]            __var jep106id = 0;
[11:34:49.930]              // -> [jep106id <= 0x00000000]
[11:34:49.930]            __var ROMTableBase = 0;
[11:34:49.930]              // -> [ROMTableBase <= 0x00000000]
[11:34:49.930]            __ap = 0;      // AHB-AP
[11:34:49.930]              // -> [__ap <= 0x00000000]
[11:34:49.930]            ROMTableBase = ReadAP(0xF8) & ~0x3;
[11:34:49.931]              // -> [ReadAP(0x000000F8) => 0xE00FF003]   (__dp=0x00000000, __ap=0x00000000)
[11:34:49.931]              // -> [ROMTableBase <= 0xE00FF000]
[11:34:49.931]            pidr1 = Read32(ROMTableBase + 0x0FE4);
[11:34:49.931]              // -> [Read32(0xE00FFFE4) => 0x00000004]   (__dp=0x00000000, __ap=0x00000000)
[11:34:49.931]              // -> [pidr1 <= 0x00000004]
[11:34:49.931]            pidr2 = Read32(ROMTableBase + 0x0FE8);
[11:34:49.931]              // -> [Read32(0xE00FFFE8) => 0x0000000A]   (__dp=0x00000000, __ap=0x00000000)
[11:34:49.931]              // -> [pidr2 <= 0x0000000A]
[11:34:49.931]            jep106id = ((pidr2 & 0x7) << 4 ) | ((pidr1 >> 4) & 0xF);
[11:34:49.931]              // -> [jep106id <= 0x00000020]
[11:34:49.932]          </block>
[11:34:49.932]          <control if="jep106id != 0x20" while="" timeout="0" info="">
[11:34:49.932]            // if-block "jep106id != 0x20"
[11:34:49.932]              // =>  FALSE
[11:34:49.932]            // skip if-block "jep106id != 0x20"
[11:34:49.932]          </control>
[11:34:49.932]        </sequence>
[11:34:49.932]    </block>
[11:34:49.932]  </sequence>
[11:34:49.932]  
[11:34:49.932]  **********  Sequence "DebugCoreStart"  (Context="Target Access", Pname="", info="")
[11:34:49.932]  
[11:34:49.932]  <debugvars>
[11:34:49.932]    // Pre-defined
[11:34:49.932]    __protocol=0x00010002      (Protocol="SWD", SWJ-DP="True")
[11:34:49.932]    __connection=0x00000201    (Connection Type="Debug", Reset Type="System Reset")
[11:34:49.932]    __dp=0x00000000
[11:34:49.932]    __ap=0x00000000
[11:34:49.932]    __traceout=0x00000000      (Trace Disabled)
[11:34:49.932]    __errorcontrol=0x00000000  (Skip Errors="False")
[11:34:49.932]    __FlashAddr=0x00000000
[11:34:49.932]    __FlashLen=0x00000000
[11:34:49.932]    __FlashArg=0x00000000
[11:34:49.932]    __FlashOp=0x00000000
[11:34:49.932]    __Result=0x00000000
[11:34:49.932]    
[11:34:49.932]    // User-defined
[11:34:49.933]    DbgMCU_CR=0x00000007
[11:34:49.933]  </debugvars>
[11:34:49.933]  
[11:34:49.933]  <sequence name="DebugCoreStart" Pname="" disable="false" info="">
[11:34:49.933]    <block atomic="false" info="">
[11:34:49.933]      Write32(0xE000EDF0, 0xA05F0001);                                        // Enable Core Debug via DHCSR
[11:34:49.933]        // -> [Write32(0xE000EDF0, 0xA05F0001)]   (__dp=0x00000000, __ap=0x00000000)
[11:34:49.933]      Write32(0xE0042004, DbgMCU_CR);                                         // DBGMCU_CR: Configure MCU Debug
[11:34:49.933]        // -> [Write32(0xE0042004, 0x00000007)]   (__dp=0x00000000, __ap=0x00000000)
[11:34:49.934]    </block>
[11:34:49.934]  </sequence>
[11:34:49.934]  
[11:36:19.744]  **********  Sequence "DebugDeviceUnlock"  (Context="Target Access", Pname="", info="")
[11:36:19.744]  
[11:36:19.751]  <debugvars>
[11:36:19.751]    // Pre-defined
[11:36:19.751]    __protocol=0x00010002      (Protocol="SWD", SWJ-DP="True")
[11:36:19.751]    __connection=0x00000201    (Connection Type="Debug", Reset Type="System Reset")
[11:36:19.751]    __dp=0x00000000
[11:36:19.751]    __ap=0x00000000
[11:36:19.751]    __traceout=0x00000000      (Trace Disabled)
[11:36:19.751]    __errorcontrol=0x00000000  (Skip Errors="False")
[11:36:19.751]    __FlashAddr=0x00000000
[11:36:19.751]    __FlashLen=0x00000000
[11:36:19.751]    __FlashArg=0x00000000
[11:36:19.751]    __FlashOp=0x00000000
[11:36:19.751]    __Result=0x00000000
[11:36:19.751]    
[11:36:19.751]    // User-defined
[11:36:19.751]    DbgMCU_CR=0x00000007
[11:36:19.751]  </debugvars>
[11:36:19.751]  
[11:36:19.752]  <sequence name="DebugDeviceUnlock" Pname="" disable="false" info="">
[11:36:19.752]    <block atomic="false" info="">
[11:36:19.752]      Sequence("CheckID");
[11:36:19.752]        <sequence name="CheckID" Pname="" disable="false" info="">
[11:36:19.752]          <block atomic="false" info="">
[11:36:19.752]            __var pidr1 = 0;
[11:36:19.752]              // -> [pidr1 <= 0x00000000]
[11:36:19.752]            __var pidr2 = 0;
[11:36:19.752]              // -> [pidr2 <= 0x00000000]
[11:36:19.752]            __var jep106id = 0;
[11:36:19.752]              // -> [jep106id <= 0x00000000]
[11:36:19.752]            __var ROMTableBase = 0;
[11:36:19.752]              // -> [ROMTableBase <= 0x00000000]
[11:36:19.752]            __ap = 0;      // AHB-AP
[11:36:19.752]              // -> [__ap <= 0x00000000]
[11:36:19.752]            ROMTableBase = ReadAP(0xF8) & ~0x3;
[11:36:19.752]              // -> [ReadAP(0x000000F8) => 0xE00FF003]   (__dp=0x00000000, __ap=0x00000000)
[11:36:19.752]              // -> [ROMTableBase <= 0xE00FF000]
[11:36:19.752]            pidr1 = Read32(ROMTableBase + 0x0FE4);
[11:36:19.753]              // -> [Read32(0xE00FFFE4) => 0x00000004]   (__dp=0x00000000, __ap=0x00000000)
[11:36:19.753]              // -> [pidr1 <= 0x00000004]
[11:36:19.753]            pidr2 = Read32(ROMTableBase + 0x0FE8);
[11:36:19.753]              // -> [Read32(0xE00FFFE8) => 0x0000000A]   (__dp=0x00000000, __ap=0x00000000)
[11:36:19.753]              // -> [pidr2 <= 0x0000000A]
[11:36:19.753]            jep106id = ((pidr2 & 0x7) << 4 ) | ((pidr1 >> 4) & 0xF);
[11:36:19.753]              // -> [jep106id <= 0x00000020]
[11:36:19.753]          </block>
[11:36:19.753]          <control if="jep106id != 0x20" while="" timeout="0" info="">
[11:36:19.753]            // if-block "jep106id != 0x20"
[11:36:19.753]              // =>  FALSE
[11:36:19.753]            // skip if-block "jep106id != 0x20"
[11:36:19.754]          </control>
[11:36:19.754]        </sequence>
[11:36:19.754]    </block>
[11:36:19.754]  </sequence>
[11:36:19.754]  
[11:36:19.754]  **********  Sequence "DebugCoreStart"  (Context="Target Access", Pname="", info="")
[11:36:19.754]  
[11:36:19.754]  <debugvars>
[11:36:19.754]    // Pre-defined
[11:36:19.754]    __protocol=0x00010002      (Protocol="SWD", SWJ-DP="True")
[11:36:19.754]    __connection=0x00000201    (Connection Type="Debug", Reset Type="System Reset")
[11:36:19.754]    __dp=0x00000000
[11:36:19.754]    __ap=0x00000000
[11:36:19.754]    __traceout=0x00000000      (Trace Disabled)
[11:36:19.754]    __errorcontrol=0x00000000  (Skip Errors="False")
[11:36:19.754]    __FlashAddr=0x00000000
[11:36:19.754]    __FlashLen=0x00000000
[11:36:19.754]    __FlashArg=0x00000000
[11:36:19.754]    __FlashOp=0x00000000
[11:36:19.754]    __Result=0x00000000
[11:36:19.754]    
[11:36:19.754]    // User-defined
[11:36:19.754]    DbgMCU_CR=0x00000007
[11:36:19.754]  </debugvars>
[11:36:19.754]  
[11:36:19.754]  <sequence name="DebugCoreStart" Pname="" disable="false" info="">
[11:36:19.754]    <block atomic="false" info="">
[11:36:19.755]      Write32(0xE000EDF0, 0xA05F0001);                                        // Enable Core Debug via DHCSR
[11:36:19.755]        // -> [Write32(0xE000EDF0, 0xA05F0001)]   (__dp=0x00000000, __ap=0x00000000)
[11:36:19.755]      Write32(0xE0042004, DbgMCU_CR);                                         // DBGMCU_CR: Configure MCU Debug
[11:36:19.756]        // -> [Write32(0xE0042004, 0x00000007)]   (__dp=0x00000000, __ap=0x00000000)
[11:36:19.756]    </block>
[11:36:19.756]  </sequence>
[11:36:19.756]  
[11:37:35.407]  **********  Sequence "DebugDeviceUnlock"  (Context="Target Access", Pname="", info="")
[11:37:35.407]  
[11:37:35.407]  <debugvars>
[11:37:35.407]    // Pre-defined
[11:37:35.407]    __protocol=0x00010002      (Protocol="SWD", SWJ-DP="True")
[11:37:35.407]    __connection=0x00000202    (Connection Type="Flash", Reset Type="System Reset")
[11:37:35.407]    __dp=0x00000000
[11:37:35.407]    __ap=0x00000000
[11:37:35.407]    __traceout=0x00000000      (Trace Disabled)
[11:37:35.407]    __errorcontrol=0x00000000  (Skip Errors="False")
[11:37:35.407]    __FlashAddr=0x00000000
[11:37:35.407]    __FlashLen=0x00000000
[11:37:35.407]    __FlashArg=0x00000000
[11:37:35.407]    __FlashOp=0x00000000
[11:37:35.407]    __Result=0x00000000
[11:37:35.407]    
[11:37:35.407]    // User-defined
[11:37:35.407]    DbgMCU_CR=0x00000007
[11:37:35.407]  </debugvars>
[11:37:35.407]  
[11:37:35.407]  <sequence name="DebugDeviceUnlock" Pname="" disable="false" info="">
[11:37:35.407]    <block atomic="false" info="">
[11:37:35.407]      Sequence("CheckID");
[11:37:35.407]        <sequence name="CheckID" Pname="" disable="false" info="">
[11:37:35.407]          <block atomic="false" info="">
[11:37:35.407]            __var pidr1 = 0;
[11:37:35.409]              // -> [pidr1 <= 0x00000000]
[11:37:35.409]            __var pidr2 = 0;
[11:37:35.409]              // -> [pidr2 <= 0x00000000]
[11:37:35.409]            __var jep106id = 0;
[11:37:35.409]              // -> [jep106id <= 0x00000000]
[11:37:35.409]            __var ROMTableBase = 0;
[11:37:35.409]              // -> [ROMTableBase <= 0x00000000]
[11:37:35.409]            __ap = 0;      // AHB-AP
[11:37:35.409]              // -> [__ap <= 0x00000000]
[11:37:35.409]            ROMTableBase = ReadAP(0xF8) & ~0x3;
[11:37:35.409]              // -> [ReadAP(0x000000F8) => 0xE00FF003]   (__dp=0x00000000, __ap=0x00000000)
[11:37:35.409]              // -> [ROMTableBase <= 0xE00FF000]
[11:37:35.409]            pidr1 = Read32(ROMTableBase + 0x0FE4);
[11:37:35.410]              // -> [Read32(0xE00FFFE4) => 0x00000004]   (__dp=0x00000000, __ap=0x00000000)
[11:37:35.410]              // -> [pidr1 <= 0x00000004]
[11:37:35.410]            pidr2 = Read32(ROMTableBase + 0x0FE8);
[11:37:35.410]              // -> [Read32(0xE00FFFE8) => 0x0000000A]   (__dp=0x00000000, __ap=0x00000000)
[11:37:35.410]              // -> [pidr2 <= 0x0000000A]
[11:37:35.410]            jep106id = ((pidr2 & 0x7) << 4 ) | ((pidr1 >> 4) & 0xF);
[11:37:35.410]              // -> [jep106id <= 0x00000020]
[11:37:35.410]          </block>
[11:37:35.410]          <control if="jep106id != 0x20" while="" timeout="0" info="">
[11:37:35.410]            // if-block "jep106id != 0x20"
[11:37:35.410]              // =>  FALSE
[11:37:35.410]            // skip if-block "jep106id != 0x20"
[11:37:35.410]          </control>
[11:37:35.410]        </sequence>
[11:37:35.411]    </block>
[11:37:35.411]  </sequence>
[11:37:35.411]  
[11:37:35.411]  **********  Sequence "DebugCoreStart"  (Context="Target Access", Pname="", info="")
[11:37:35.411]  
[11:37:35.411]  <debugvars>
[11:37:35.411]    // Pre-defined
[11:37:35.411]    __protocol=0x00010002      (Protocol="SWD", SWJ-DP="True")
[11:37:35.411]    __connection=0x00000202    (Connection Type="Flash", Reset Type="System Reset")
[11:37:35.411]    __dp=0x00000000
[11:37:35.411]    __ap=0x00000000
[11:37:35.411]    __traceout=0x00000000      (Trace Disabled)
[11:37:35.411]    __errorcontrol=0x00000000  (Skip Errors="False")
[11:37:35.411]    __FlashAddr=0x00000000
[11:37:35.411]    __FlashLen=0x00000000
[11:37:35.411]    __FlashArg=0x00000000
[11:37:35.411]    __FlashOp=0x00000000
[11:37:35.411]    __Result=0x00000000
[11:37:35.411]    
[11:37:35.411]    // User-defined
[11:37:35.411]    DbgMCU_CR=0x00000007
[11:37:35.411]  </debugvars>
[11:37:35.411]  
[11:37:35.411]  <sequence name="DebugCoreStart" Pname="" disable="false" info="">
[11:37:35.411]    <block atomic="false" info="">
[11:37:35.411]      Write32(0xE000EDF0, 0xA05F0001);                                        // Enable Core Debug via DHCSR
[11:37:35.412]        // -> [Write32(0xE000EDF0, 0xA05F0001)]   (__dp=0x00000000, __ap=0x00000000)
[11:37:35.412]      Write32(0xE0042004, DbgMCU_CR);                                         // DBGMCU_CR: Configure MCU Debug
[11:37:35.412]        // -> [Write32(0xE0042004, 0x00000007)]   (__dp=0x00000000, __ap=0x00000000)
[11:37:35.412]    </block>
[11:37:35.412]  </sequence>
[11:37:35.412]  
[11:37:38.137]  **********  Sequence "DebugDeviceUnlock"  (Context="Target Access", Pname="", info="")
[11:37:38.137]  
[11:37:38.144]  <debugvars>
[11:37:38.145]    // Pre-defined
[11:37:38.145]    __protocol=0x00010002      (Protocol="SWD", SWJ-DP="True")
[11:37:38.145]    __connection=0x00000201    (Connection Type="Debug", Reset Type="System Reset")
[11:37:38.145]    __dp=0x00000000
[11:37:38.145]    __ap=0x00000000
[11:37:38.145]    __traceout=0x00000000      (Trace Disabled)
[11:37:38.145]    __errorcontrol=0x00000000  (Skip Errors="False")
[11:37:38.145]    __FlashAddr=0x00000000
[11:37:38.145]    __FlashLen=0x00000000
[11:37:38.145]    __FlashArg=0x00000000
[11:37:38.145]    __FlashOp=0x00000000
[11:37:38.145]    __Result=0x00000000
[11:37:38.145]    
[11:37:38.145]    // User-defined
[11:37:38.145]    DbgMCU_CR=0x00000007
[11:37:38.145]  </debugvars>
[11:37:38.145]  
[11:37:38.145]  <sequence name="DebugDeviceUnlock" Pname="" disable="false" info="">
[11:37:38.145]    <block atomic="false" info="">
[11:37:38.145]      Sequence("CheckID");
[11:37:38.146]        <sequence name="CheckID" Pname="" disable="false" info="">
[11:37:38.146]          <block atomic="false" info="">
[11:37:38.146]            __var pidr1 = 0;
[11:37:38.146]              // -> [pidr1 <= 0x00000000]
[11:37:38.146]            __var pidr2 = 0;
[11:37:38.146]              // -> [pidr2 <= 0x00000000]
[11:37:38.146]            __var jep106id = 0;
[11:37:38.146]              // -> [jep106id <= 0x00000000]
[11:37:38.146]            __var ROMTableBase = 0;
[11:37:38.146]              // -> [ROMTableBase <= 0x00000000]
[11:37:38.146]            __ap = 0;      // AHB-AP
[11:37:38.146]              // -> [__ap <= 0x00000000]
[11:37:38.146]            ROMTableBase = ReadAP(0xF8) & ~0x3;
[11:37:38.146]              // -> [ReadAP(0x000000F8) => 0xE00FF003]   (__dp=0x00000000, __ap=0x00000000)
[11:37:38.146]              // -> [ROMTableBase <= 0xE00FF000]
[11:37:38.146]            pidr1 = Read32(ROMTableBase + 0x0FE4);
[11:37:38.147]              // -> [Read32(0xE00FFFE4) => 0x00000004]   (__dp=0x00000000, __ap=0x00000000)
[11:37:38.147]              // -> [pidr1 <= 0x00000004]
[11:37:38.147]            pidr2 = Read32(ROMTableBase + 0x0FE8);
[11:37:38.147]              // -> [Read32(0xE00FFFE8) => 0x0000000A]   (__dp=0x00000000, __ap=0x00000000)
[11:37:38.147]              // -> [pidr2 <= 0x0000000A]
[11:37:38.147]            jep106id = ((pidr2 & 0x7) << 4 ) | ((pidr1 >> 4) & 0xF);
[11:37:38.148]              // -> [jep106id <= 0x00000020]
[11:37:38.148]          </block>
[11:37:38.148]          <control if="jep106id != 0x20" while="" timeout="0" info="">
[11:37:38.148]            // if-block "jep106id != 0x20"
[11:37:38.148]              // =>  FALSE
[11:37:38.148]            // skip if-block "jep106id != 0x20"
[11:37:38.148]          </control>
[11:37:38.148]        </sequence>
[11:37:38.148]    </block>
[11:37:38.148]  </sequence>
[11:37:38.148]  
[11:37:38.148]  **********  Sequence "DebugCoreStart"  (Context="Target Access", Pname="", info="")
[11:37:38.148]  
[11:37:38.148]  <debugvars>
[11:37:38.148]    // Pre-defined
[11:37:38.148]    __protocol=0x00010002      (Protocol="SWD", SWJ-DP="True")
[11:37:38.148]    __connection=0x00000201    (Connection Type="Debug", Reset Type="System Reset")
[11:37:38.148]    __dp=0x00000000
[11:37:38.148]    __ap=0x00000000
[11:37:38.149]    __traceout=0x00000000      (Trace Disabled)
[11:37:38.149]    __errorcontrol=0x00000000  (Skip Errors="False")
[11:37:38.149]    __FlashAddr=0x00000000
[11:37:38.149]    __FlashLen=0x00000000
[11:37:38.149]    __FlashArg=0x00000000
[11:37:38.149]    __FlashOp=0x00000000
[11:37:38.149]    __Result=0x00000000
[11:37:38.149]    
[11:37:38.149]    // User-defined
[11:37:38.149]    DbgMCU_CR=0x00000007
[11:37:38.149]  </debugvars>
[11:37:38.149]  
[11:37:38.149]  <sequence name="DebugCoreStart" Pname="" disable="false" info="">
[11:37:38.149]    <block atomic="false" info="">
[11:37:38.149]      Write32(0xE000EDF0, 0xA05F0001);                                        // Enable Core Debug via DHCSR
[11:37:38.149]        // -> [Write32(0xE000EDF0, 0xA05F0001)]   (__dp=0x00000000, __ap=0x00000000)
[11:37:38.150]      Write32(0xE0042004, DbgMCU_CR);                                         // DBGMCU_CR: Configure MCU Debug
[11:37:38.150]        // -> [Write32(0xE0042004, 0x00000007)]   (__dp=0x00000000, __ap=0x00000000)
[11:37:38.150]    </block>
[11:37:38.150]  </sequence>
[11:37:38.150]  
[12:51:11.391]  **********  Sequence "DebugDeviceUnlock"  (Context="Target Access", Pname="", info="")
[12:51:11.391]  
[12:51:11.398]  <debugvars>
[12:51:11.398]    // Pre-defined
[12:51:11.398]    __protocol=0x00010002      (Protocol="SWD", SWJ-DP="True")
[12:51:11.398]    __connection=0x00000202    (Connection Type="Flash", Reset Type="System Reset")
[12:51:11.398]    __dp=0x00000000
[12:51:11.398]    __ap=0x00000000
[12:51:11.398]    __traceout=0x00000000      (Trace Disabled)
[12:51:11.398]    __errorcontrol=0x00000000  (Skip Errors="False")
[12:51:11.398]    __FlashAddr=0x00000000
[12:51:11.398]    __FlashLen=0x00000000
[12:51:11.399]    __FlashArg=0x00000000
[12:51:11.399]    __FlashOp=0x00000000
[12:51:11.399]    __Result=0x00000000
[12:51:11.399]    
[12:51:11.399]    // User-defined
[12:51:11.399]    DbgMCU_CR=0x00000007
[12:51:11.399]  </debugvars>
[12:51:11.399]  
[12:51:11.399]  <sequence name="DebugDeviceUnlock" Pname="" disable="false" info="">
[12:51:11.399]    <block atomic="false" info="">
[12:51:11.399]      Sequence("CheckID");
[12:51:11.399]        <sequence name="CheckID" Pname="" disable="false" info="">
[12:51:11.399]          <block atomic="false" info="">
[12:51:11.399]            __var pidr1 = 0;
[12:51:11.399]              // -> [pidr1 <= 0x00000000]
[12:51:11.399]            __var pidr2 = 0;
[12:51:11.399]              // -> [pidr2 <= 0x00000000]
[12:51:11.399]            __var jep106id = 0;
[12:51:11.400]              // -> [jep106id <= 0x00000000]
[12:51:11.400]            __var ROMTableBase = 0;
[12:51:11.400]              // -> [ROMTableBase <= 0x00000000]
[12:51:11.400]            __ap = 0;      // AHB-AP
[12:51:11.400]              // -> [__ap <= 0x00000000]
[12:51:11.400]            ROMTableBase = ReadAP(0xF8) & ~0x3;
[12:51:11.401]              // -> [ReadAP(0x000000F8) => 0xE00FF003]   (__dp=0x00000000, __ap=0x00000000)
[12:51:11.401]              // -> [ROMTableBase <= 0xE00FF000]
[12:51:11.401]            pidr1 = Read32(ROMTableBase + 0x0FE4);
[12:51:11.401]              // -> [Read32(0xE00FFFE4) => 0x00000004]   (__dp=0x00000000, __ap=0x00000000)
[12:51:11.401]              // -> [pidr1 <= 0x00000004]
[12:51:11.401]            pidr2 = Read32(ROMTableBase + 0x0FE8);
[12:51:11.402]              // -> [Read32(0xE00FFFE8) => 0x0000000A]   (__dp=0x00000000, __ap=0x00000000)
[12:51:11.402]              // -> [pidr2 <= 0x0000000A]
[12:51:11.402]            jep106id = ((pidr2 & 0x7) << 4 ) | ((pidr1 >> 4) & 0xF);
[12:51:11.402]              // -> [jep106id <= 0x00000020]
[12:51:11.402]          </block>
[12:51:11.402]          <control if="jep106id != 0x20" while="" timeout="0" info="">
[12:51:11.402]            // if-block "jep106id != 0x20"
[12:51:11.402]              // =>  FALSE
[12:51:11.402]            // skip if-block "jep106id != 0x20"
[12:51:11.402]          </control>
[12:51:11.402]        </sequence>
[12:51:11.402]    </block>
[12:51:11.402]  </sequence>
[12:51:11.403]  
[12:51:11.403]  **********  Sequence "DebugCoreStart"  (Context="Target Access", Pname="", info="")
[12:51:11.403]  
[12:51:11.403]  <debugvars>
[12:51:11.403]    // Pre-defined
[12:51:11.403]    __protocol=0x00010002      (Protocol="SWD", SWJ-DP="True")
[12:51:11.403]    __connection=0x00000202    (Connection Type="Flash", Reset Type="System Reset")
[12:51:11.403]    __dp=0x00000000
[12:51:11.403]    __ap=0x00000000
[12:51:11.403]    __traceout=0x00000000      (Trace Disabled)
[12:51:11.403]    __errorcontrol=0x00000000  (Skip Errors="False")
[12:51:11.403]    __FlashAddr=0x00000000
[12:51:11.403]    __FlashLen=0x00000000
[12:51:11.403]    __FlashArg=0x00000000
[12:51:11.403]    __FlashOp=0x00000000
[12:51:11.403]    __Result=0x00000000
[12:51:11.403]    
[12:51:11.403]    // User-defined
[12:51:11.403]    DbgMCU_CR=0x00000007
[12:51:11.404]  </debugvars>
[12:51:11.404]  
[12:51:11.404]  <sequence name="DebugCoreStart" Pname="" disable="false" info="">
[12:51:11.404]    <block atomic="false" info="">
[12:51:11.404]      Write32(0xE000EDF0, 0xA05F0001);                                        // Enable Core Debug via DHCSR
[12:51:11.404]        // -> [Write32(0xE000EDF0, 0xA05F0001)]   (__dp=0x00000000, __ap=0x00000000)
[12:51:11.405]      Write32(0xE0042004, DbgMCU_CR);                                         // DBGMCU_CR: Configure MCU Debug
[12:51:11.405]        // -> [Write32(0xE0042004, 0x00000007)]   (__dp=0x00000000, __ap=0x00000000)
[12:51:11.405]    </block>
[12:51:11.405]  </sequence>
[12:51:11.405]  
[12:51:13.899]  **********  Sequence "DebugDeviceUnlock"  (Context="Target Access", Pname="", info="")
[12:51:13.899]  
[12:51:13.899]  <debugvars>
[12:51:13.899]    // Pre-defined
[12:51:13.899]    __protocol=0x00010002      (Protocol="SWD", SWJ-DP="True")
[12:51:13.899]    __connection=0x00000201    (Connection Type="Debug", Reset Type="System Reset")
[12:51:13.899]    __dp=0x00000000
[12:51:13.899]    __ap=0x00000000
[12:51:13.899]    __traceout=0x00000000      (Trace Disabled)
[12:51:13.899]    __errorcontrol=0x00000000  (Skip Errors="False")
[12:51:13.899]    __FlashAddr=0x00000000
[12:51:13.899]    __FlashLen=0x00000000
[12:51:13.899]    __FlashArg=0x00000000
[12:51:13.899]    __FlashOp=0x00000000
[12:51:13.899]    __Result=0x00000000
[12:51:13.899]    
[12:51:13.899]    // User-defined
[12:51:13.899]    DbgMCU_CR=0x00000007
[12:51:13.899]  </debugvars>
[12:51:13.899]  
[12:51:13.899]  <sequence name="DebugDeviceUnlock" Pname="" disable="false" info="">
[12:51:13.899]    <block atomic="false" info="">
[12:51:13.899]      Sequence("CheckID");
[12:51:13.899]        <sequence name="CheckID" Pname="" disable="false" info="">
[12:51:13.899]          <block atomic="false" info="">
[12:51:13.899]            __var pidr1 = 0;
[12:51:13.899]              // -> [pidr1 <= 0x00000000]
[12:51:13.899]            __var pidr2 = 0;
[12:51:13.899]              // -> [pidr2 <= 0x00000000]
[12:51:13.899]            __var jep106id = 0;
[12:51:13.899]              // -> [jep106id <= 0x00000000]
[12:51:13.899]            __var ROMTableBase = 0;
[12:51:13.899]              // -> [ROMTableBase <= 0x00000000]
[12:51:13.900]            __ap = 0;      // AHB-AP
[12:51:13.900]              // -> [__ap <= 0x00000000]
[12:51:13.900]            ROMTableBase = ReadAP(0xF8) & ~0x3;
[12:51:13.900]              // -> [ReadAP(0x000000F8) => 0xE00FF003]   (__dp=0x00000000, __ap=0x00000000)
[12:51:13.900]              // -> [ROMTableBase <= 0xE00FF000]
[12:51:13.900]            pidr1 = Read32(ROMTableBase + 0x0FE4);
[12:51:13.900]              // -> [Read32(0xE00FFFE4) => 0x00000004]   (__dp=0x00000000, __ap=0x00000000)
[12:51:13.900]              // -> [pidr1 <= 0x00000004]
[12:51:13.900]            pidr2 = Read32(ROMTableBase + 0x0FE8);
[12:51:13.901]              // -> [Read32(0xE00FFFE8) => 0x0000000A]   (__dp=0x00000000, __ap=0x00000000)
[12:51:13.901]              // -> [pidr2 <= 0x0000000A]
[12:51:13.901]            jep106id = ((pidr2 & 0x7) << 4 ) | ((pidr1 >> 4) & 0xF);
[12:51:13.901]              // -> [jep106id <= 0x00000020]
[12:51:13.901]          </block>
[12:51:13.901]          <control if="jep106id != 0x20" while="" timeout="0" info="">
[12:51:13.901]            // if-block "jep106id != 0x20"
[12:51:13.901]              // =>  FALSE
[12:51:13.902]            // skip if-block "jep106id != 0x20"
[12:51:13.902]          </control>
[12:51:13.902]        </sequence>
[12:51:13.902]    </block>
[12:51:13.902]  </sequence>
[12:51:13.902]  
[12:51:13.902]  **********  Sequence "DebugCoreStart"  (Context="Target Access", Pname="", info="")
[12:51:13.902]  
[12:51:13.902]  <debugvars>
[12:51:13.902]    // Pre-defined
[12:51:13.902]    __protocol=0x00010002      (Protocol="SWD", SWJ-DP="True")
[12:51:13.902]    __connection=0x00000201    (Connection Type="Debug", Reset Type="System Reset")
[12:51:13.902]    __dp=0x00000000
[12:51:13.902]    __ap=0x00000000
[12:51:13.902]    __traceout=0x00000000      (Trace Disabled)
[12:51:13.902]    __errorcontrol=0x00000000  (Skip Errors="False")
[12:51:13.902]    __FlashAddr=0x00000000
[12:51:13.902]    __FlashLen=0x00000000
[12:51:13.902]    __FlashArg=0x00000000
[12:51:13.902]    __FlashOp=0x00000000
[12:51:13.902]    __Result=0x00000000
[12:51:13.902]    
[12:51:13.902]    // User-defined
[12:51:13.902]    DbgMCU_CR=0x00000007
[12:51:13.902]  </debugvars>
[12:51:13.902]  
[12:51:13.903]  <sequence name="DebugCoreStart" Pname="" disable="false" info="">
[12:51:13.903]    <block atomic="false" info="">
[12:51:13.903]      Write32(0xE000EDF0, 0xA05F0001);                                        // Enable Core Debug via DHCSR
[12:51:13.903]        // -> [Write32(0xE000EDF0, 0xA05F0001)]   (__dp=0x00000000, __ap=0x00000000)
[12:51:13.903]      Write32(0xE0042004, DbgMCU_CR);                                         // DBGMCU_CR: Configure MCU Debug
[12:51:13.904]        // -> [Write32(0xE0042004, 0x00000007)]   (__dp=0x00000000, __ap=0x00000000)
[12:51:13.904]    </block>
[12:51:13.904]  </sequence>
[12:51:13.904]  
[13:03:53.939]  **********  Sequence "DebugDeviceUnlock"  (Context="Target Access", Pname="", info="")
[13:03:53.939]  
[13:03:53.939]  <debugvars>
[13:03:53.939]    // Pre-defined
[13:03:53.939]    __protocol=0x00010002      (Protocol="SWD", SWJ-DP="True")
[13:03:53.939]    __connection=0x00000202    (Connection Type="Flash", Reset Type="System Reset")
[13:03:53.939]    __dp=0x00000000
[13:03:53.939]    __ap=0x00000000
[13:03:53.939]    __traceout=0x00000000      (Trace Disabled)
[13:03:53.939]    __errorcontrol=0x00000000  (Skip Errors="False")
[13:03:53.939]    __FlashAddr=0x00000000
[13:03:53.939]    __FlashLen=0x00000000
[13:03:53.939]    __FlashArg=0x00000000
[13:03:53.939]    __FlashOp=0x00000000
[13:03:53.939]    __Result=0x00000000
[13:03:53.939]    
[13:03:53.939]    // User-defined
[13:03:53.939]    DbgMCU_CR=0x00000007
[13:03:53.939]  </debugvars>
[13:03:53.939]  
[13:03:53.940]  <sequence name="DebugDeviceUnlock" Pname="" disable="false" info="">
[13:03:53.940]    <block atomic="false" info="">
[13:03:53.940]      Sequence("CheckID");
[13:03:53.940]        <sequence name="CheckID" Pname="" disable="false" info="">
[13:03:53.940]          <block atomic="false" info="">
[13:03:53.940]            __var pidr1 = 0;
[13:03:53.940]              // -> [pidr1 <= 0x00000000]
[13:03:53.940]            __var pidr2 = 0;
[13:03:53.940]              // -> [pidr2 <= 0x00000000]
[13:03:53.940]            __var jep106id = 0;
[13:03:53.940]              // -> [jep106id <= 0x00000000]
[13:03:53.940]            __var ROMTableBase = 0;
[13:03:53.940]              // -> [ROMTableBase <= 0x00000000]
[13:03:53.940]            __ap = 0;      // AHB-AP
[13:03:53.940]              // -> [__ap <= 0x00000000]
[13:03:53.940]            ROMTableBase = ReadAP(0xF8) & ~0x3;
[13:03:53.940]              // -> [ReadAP(0x000000F8) => 0xE00FF003]   (__dp=0x00000000, __ap=0x00000000)
[13:03:53.941]              // -> [ROMTableBase <= 0xE00FF000]
[13:03:53.941]            pidr1 = Read32(ROMTableBase + 0x0FE4);
[13:03:53.941]              // -> [Read32(0xE00FFFE4) => 0x00000004]   (__dp=0x00000000, __ap=0x00000000)
[13:03:53.941]              // -> [pidr1 <= 0x00000004]
[13:03:53.941]            pidr2 = Read32(ROMTableBase + 0x0FE8);
[13:03:53.941]              // -> [Read32(0xE00FFFE8) => 0x0000000A]   (__dp=0x00000000, __ap=0x00000000)
[13:03:53.941]              // -> [pidr2 <= 0x0000000A]
[13:03:53.941]            jep106id = ((pidr2 & 0x7) << 4 ) | ((pidr1 >> 4) & 0xF);
[13:03:53.941]              // -> [jep106id <= 0x00000020]
[13:03:53.941]          </block>
[13:03:53.942]          <control if="jep106id != 0x20" while="" timeout="0" info="">
[13:03:53.942]            // if-block "jep106id != 0x20"
[13:03:53.942]              // =>  FALSE
[13:03:53.942]            // skip if-block "jep106id != 0x20"
[13:03:53.942]          </control>
[13:03:53.942]        </sequence>
[13:03:53.942]    </block>
[13:03:53.942]  </sequence>
[13:03:53.942]  
[13:03:53.942]  **********  Sequence "DebugCoreStart"  (Context="Target Access", Pname="", info="")
[13:03:53.942]  
[13:03:53.942]  <debugvars>
[13:03:53.942]    // Pre-defined
[13:03:53.943]    __protocol=0x00010002      (Protocol="SWD", SWJ-DP="True")
[13:03:53.943]    __connection=0x00000202    (Connection Type="Flash", Reset Type="System Reset")
[13:03:53.943]    __dp=0x00000000
[13:03:53.943]    __ap=0x00000000
[13:03:53.943]    __traceout=0x00000000      (Trace Disabled)
[13:03:53.943]    __errorcontrol=0x00000000  (Skip Errors="False")
[13:03:53.943]    __FlashAddr=0x00000000
[13:03:53.943]    __FlashLen=0x00000000
[13:03:53.943]    __FlashArg=0x00000000
[13:03:53.943]    __FlashOp=0x00000000
[13:03:53.943]    __Result=0x00000000
[13:03:53.944]    
[13:03:53.944]    // User-defined
[13:03:53.944]    DbgMCU_CR=0x00000007
[13:03:53.944]  </debugvars>
[13:03:53.944]  
[13:03:53.944]  <sequence name="DebugCoreStart" Pname="" disable="false" info="">
[13:03:53.944]    <block atomic="false" info="">
[13:03:53.944]      Write32(0xE000EDF0, 0xA05F0001);                                        // Enable Core Debug via DHCSR
[13:03:53.945]        // -> [Write32(0xE000EDF0, 0xA05F0001)]   (__dp=0x00000000, __ap=0x00000000)
[13:03:53.945]      Write32(0xE0042004, DbgMCU_CR);                                         // DBGMCU_CR: Configure MCU Debug
[13:03:53.945]        // -> [Write32(0xE0042004, 0x00000007)]   (__dp=0x00000000, __ap=0x00000000)
[13:03:53.946]    </block>
[13:03:53.946]  </sequence>
[13:03:53.946]  
[13:03:58.124]  **********  Sequence "DebugDeviceUnlock"  (Context="Target Access", Pname="", info="")
[13:03:58.124]  
[13:03:58.124]  <debugvars>
[13:03:58.124]    // Pre-defined
[13:03:58.124]    __protocol=0x00010002      (Protocol="SWD", SWJ-DP="True")
[13:03:58.124]    __connection=0x00000201    (Connection Type="Debug", Reset Type="System Reset")
[13:03:58.124]    __dp=0x00000000
[13:03:58.124]    __ap=0x00000000
[13:03:58.124]    __traceout=0x00000000      (Trace Disabled)
[13:03:58.124]    __errorcontrol=0x00000000  (Skip Errors="False")
[13:03:58.124]    __FlashAddr=0x00000000
[13:03:58.124]    __FlashLen=0x00000000
[13:03:58.124]    __FlashArg=0x00000000
[13:03:58.124]    __FlashOp=0x00000000
[13:03:58.124]    __Result=0x00000000
[13:03:58.124]    
[13:03:58.124]    // User-defined
[13:03:58.124]    DbgMCU_CR=0x00000007
[13:03:58.124]  </debugvars>
[13:03:58.124]  
[13:03:58.124]  <sequence name="DebugDeviceUnlock" Pname="" disable="false" info="">
[13:03:58.124]    <block atomic="false" info="">
[13:03:58.124]      Sequence("CheckID");
[13:03:58.124]        <sequence name="CheckID" Pname="" disable="false" info="">
[13:03:58.125]          <block atomic="false" info="">
[13:03:58.125]            __var pidr1 = 0;
[13:03:58.125]              // -> [pidr1 <= 0x00000000]
[13:03:58.125]            __var pidr2 = 0;
[13:03:58.125]              // -> [pidr2 <= 0x00000000]
[13:03:58.125]            __var jep106id = 0;
[13:03:58.125]              // -> [jep106id <= 0x00000000]
[13:03:58.125]            __var ROMTableBase = 0;
[13:03:58.125]              // -> [ROMTableBase <= 0x00000000]
[13:03:58.125]            __ap = 0;      // AHB-AP
[13:03:58.126]              // -> [__ap <= 0x00000000]
[13:03:58.126]            ROMTableBase = ReadAP(0xF8) & ~0x3;
[13:03:58.126]              // -> [ReadAP(0x000000F8) => 0xE00FF003]   (__dp=0x00000000, __ap=0x00000000)
[13:03:58.126]              // -> [ROMTableBase <= 0xE00FF000]
[13:03:58.126]            pidr1 = Read32(ROMTableBase + 0x0FE4);
[13:03:58.126]              // -> [Read32(0xE00FFFE4) => 0x00000004]   (__dp=0x00000000, __ap=0x00000000)
[13:03:58.126]              // -> [pidr1 <= 0x00000004]
[13:03:58.126]            pidr2 = Read32(ROMTableBase + 0x0FE8);
[13:03:58.127]              // -> [Read32(0xE00FFFE8) => 0x0000000A]   (__dp=0x00000000, __ap=0x00000000)
[13:03:58.127]              // -> [pidr2 <= 0x0000000A]
[13:03:58.127]            jep106id = ((pidr2 & 0x7) << 4 ) | ((pidr1 >> 4) & 0xF);
[13:03:58.127]              // -> [jep106id <= 0x00000020]
[13:03:58.127]          </block>
[13:03:58.127]          <control if="jep106id != 0x20" while="" timeout="0" info="">
[13:03:58.127]            // if-block "jep106id != 0x20"
[13:03:58.127]              // =>  FALSE
[13:03:58.127]            // skip if-block "jep106id != 0x20"
[13:03:58.127]          </control>
[13:03:58.127]        </sequence>
[13:03:58.127]    </block>
[13:03:58.127]  </sequence>
[13:03:58.127]  
[13:03:58.127]  **********  Sequence "DebugCoreStart"  (Context="Target Access", Pname="", info="")
[13:03:58.127]  
[13:03:58.127]  <debugvars>
[13:03:58.127]    // Pre-defined
[13:03:58.128]    __protocol=0x00010002      (Protocol="SWD", SWJ-DP="True")
[13:03:58.128]    __connection=0x00000201    (Connection Type="Debug", Reset Type="System Reset")
[13:03:58.128]    __dp=0x00000000
[13:03:58.128]    __ap=0x00000000
[13:03:58.128]    __traceout=0x00000000      (Trace Disabled)
[13:03:58.128]    __errorcontrol=0x00000000  (Skip Errors="False")
[13:03:58.128]    __FlashAddr=0x00000000
[13:03:58.128]    __FlashLen=0x00000000
[13:03:58.128]    __FlashArg=0x00000000
[13:03:58.128]    __FlashOp=0x00000000
[13:03:58.128]    __Result=0x00000000
[13:03:58.128]    
[13:03:58.128]    // User-defined
[13:03:58.128]    DbgMCU_CR=0x00000007
[13:03:58.128]  </debugvars>
[13:03:58.128]  
[13:03:58.128]  <sequence name="DebugCoreStart" Pname="" disable="false" info="">
[13:03:58.128]    <block atomic="false" info="">
[13:03:58.128]      Write32(0xE000EDF0, 0xA05F0001);                                        // Enable Core Debug via DHCSR
[13:03:58.129]        // -> [Write32(0xE000EDF0, 0xA05F0001)]   (__dp=0x00000000, __ap=0x00000000)
[13:03:58.129]      Write32(0xE0042004, DbgMCU_CR);                                         // DBGMCU_CR: Configure MCU Debug
[13:03:58.129]        // -> [Write32(0xE0042004, 0x00000007)]   (__dp=0x00000000, __ap=0x00000000)
[13:03:58.129]    </block>
[13:03:58.129]  </sequence>
[13:03:58.129]  
[13:12:12.987]  **********  Sequence "DebugDeviceUnlock"  (Context="Target Access", Pname="", info="")
[13:12:12.987]  
[13:12:12.989]  <debugvars>
[13:12:12.989]    // Pre-defined
[13:12:12.989]    __protocol=0x00010002      (Protocol="SWD", SWJ-DP="True")
[13:12:12.989]    __connection=0x00000202    (Connection Type="Flash", Reset Type="System Reset")
[13:12:12.989]    __dp=0x00000000
[13:12:12.989]    __ap=0x00000000
[13:12:12.990]    __traceout=0x00000000      (Trace Disabled)
[13:12:12.990]    __errorcontrol=0x00000000  (Skip Errors="False")
[13:12:12.990]    __FlashAddr=0x00000000
[13:12:12.990]    __FlashLen=0x00000000
[13:12:12.990]    __FlashArg=0x00000000
[13:12:12.990]    __FlashOp=0x00000000
[13:12:12.990]    __Result=0x00000000
[13:12:12.990]    
[13:12:12.990]    // User-defined
[13:12:12.990]    DbgMCU_CR=0x00000007
[13:12:12.990]  </debugvars>
[13:12:12.990]  
[13:12:12.990]  <sequence name="DebugDeviceUnlock" Pname="" disable="false" info="">
[13:12:12.990]    <block atomic="false" info="">
[13:12:12.990]      Sequence("CheckID");
[13:12:12.990]        <sequence name="CheckID" Pname="" disable="false" info="">
[13:12:12.990]          <block atomic="false" info="">
[13:12:12.990]            __var pidr1 = 0;
[13:12:12.990]              // -> [pidr1 <= 0x00000000]
[13:12:12.990]            __var pidr2 = 0;
[13:12:12.990]              // -> [pidr2 <= 0x00000000]
[13:12:12.990]            __var jep106id = 0;
[13:12:12.990]              // -> [jep106id <= 0x00000000]
[13:12:12.990]            __var ROMTableBase = 0;
[13:12:12.990]              // -> [ROMTableBase <= 0x00000000]
[13:12:12.990]            __ap = 0;      // AHB-AP
[13:12:12.990]              // -> [__ap <= 0x00000000]
[13:12:12.990]            ROMTableBase = ReadAP(0xF8) & ~0x3;
[13:12:12.991]              // -> [ReadAP(0x000000F8) => 0xE00FF003]   (__dp=0x00000000, __ap=0x00000000)
[13:12:12.991]              // -> [ROMTableBase <= 0xE00FF000]
[13:12:12.991]            pidr1 = Read32(ROMTableBase + 0x0FE4);
[13:12:12.992]              // -> [Read32(0xE00FFFE4) => 0x00000004]   (__dp=0x00000000, __ap=0x00000000)
[13:12:12.992]              // -> [pidr1 <= 0x00000004]
[13:12:12.992]            pidr2 = Read32(ROMTableBase + 0x0FE8);
[13:12:12.992]              // -> [Read32(0xE00FFFE8) => 0x0000000A]   (__dp=0x00000000, __ap=0x00000000)
[13:12:12.992]              // -> [pidr2 <= 0x0000000A]
[13:12:12.992]            jep106id = ((pidr2 & 0x7) << 4 ) | ((pidr1 >> 4) & 0xF);
[13:12:12.992]              // -> [jep106id <= 0x00000020]
[13:12:12.992]          </block>
[13:12:12.992]          <control if="jep106id != 0x20" while="" timeout="0" info="">
[13:12:12.992]            // if-block "jep106id != 0x20"
[13:12:12.992]              // =>  FALSE
[13:12:12.993]            // skip if-block "jep106id != 0x20"
[13:12:12.993]          </control>
[13:12:12.993]        </sequence>
[13:12:12.993]    </block>
[13:12:12.993]  </sequence>
[13:12:12.993]  
[13:12:12.993]  **********  Sequence "DebugCoreStart"  (Context="Target Access", Pname="", info="")
[13:12:12.993]  
[13:12:12.993]  <debugvars>
[13:12:12.993]    // Pre-defined
[13:12:12.993]    __protocol=0x00010002      (Protocol="SWD", SWJ-DP="True")
[13:12:12.993]    __connection=0x00000202    (Connection Type="Flash", Reset Type="System Reset")
[13:12:12.993]    __dp=0x00000000
[13:12:12.993]    __ap=0x00000000
[13:12:12.993]    __traceout=0x00000000      (Trace Disabled)
[13:12:12.993]    __errorcontrol=0x00000000  (Skip Errors="False")
[13:12:12.993]    __FlashAddr=0x00000000
[13:12:12.993]    __FlashLen=0x00000000
[13:12:12.993]    __FlashArg=0x00000000
[13:12:12.993]    __FlashOp=0x00000000
[13:12:12.993]    __Result=0x00000000
[13:12:12.993]    
[13:12:12.993]    // User-defined
[13:12:12.993]    DbgMCU_CR=0x00000007
[13:12:12.993]  </debugvars>
[13:12:12.993]  
[13:12:12.993]  <sequence name="DebugCoreStart" Pname="" disable="false" info="">
[13:12:12.993]    <block atomic="false" info="">
[13:12:12.994]      Write32(0xE000EDF0, 0xA05F0001);                                        // Enable Core Debug via DHCSR
[13:12:12.994]        // -> [Write32(0xE000EDF0, 0xA05F0001)]   (__dp=0x00000000, __ap=0x00000000)
[13:12:12.994]      Write32(0xE0042004, DbgMCU_CR);                                         // DBGMCU_CR: Configure MCU Debug
[13:12:12.994]        // -> [Write32(0xE0042004, 0x00000007)]   (__dp=0x00000000, __ap=0x00000000)
[13:12:12.994]    </block>
[13:12:12.994]  </sequence>
[13:12:12.995]  
[13:17:50.676]  **********  Sequence "DebugDeviceUnlock"  (Context="Target Access", Pname="", info="")
[13:17:50.676]  
[13:17:50.676]  <debugvars>
[13:17:50.676]    // Pre-defined
[13:17:50.676]    __protocol=0x00010002      (Protocol="SWD", SWJ-DP="True")
[13:17:50.676]    __connection=0x00000202    (Connection Type="Flash", Reset Type="System Reset")
[13:17:50.677]    __dp=0x00000000
[13:17:50.677]    __ap=0x00000000
[13:17:50.677]    __traceout=0x00000000      (Trace Disabled)
[13:17:50.677]    __errorcontrol=0x00000000  (Skip Errors="False")
[13:17:50.677]    __FlashAddr=0x00000000
[13:17:50.677]    __FlashLen=0x00000000
[13:17:50.677]    __FlashArg=0x00000000
[13:17:50.677]    __FlashOp=0x00000000
[13:17:50.677]    __Result=0x00000000
[13:17:50.677]    
[13:17:50.677]    // User-defined
[13:17:50.677]    DbgMCU_CR=0x00000007
[13:17:50.677]  </debugvars>
[13:17:50.677]  
[13:17:50.677]  <sequence name="DebugDeviceUnlock" Pname="" disable="false" info="">
[13:17:50.677]    <block atomic="false" info="">
[13:17:50.677]      Sequence("CheckID");
[13:17:50.677]        <sequence name="CheckID" Pname="" disable="false" info="">
[13:17:50.677]          <block atomic="false" info="">
[13:17:50.677]            __var pidr1 = 0;
[13:17:50.677]              // -> [pidr1 <= 0x00000000]
[13:17:50.677]            __var pidr2 = 0;
[13:17:50.677]              // -> [pidr2 <= 0x00000000]
[13:17:50.677]            __var jep106id = 0;
[13:17:50.677]              // -> [jep106id <= 0x00000000]
[13:17:50.677]            __var ROMTableBase = 0;
[13:17:50.677]              // -> [ROMTableBase <= 0x00000000]
[13:17:50.677]            __ap = 0;      // AHB-AP
[13:17:50.677]              // -> [__ap <= 0x00000000]
[13:17:50.678]            ROMTableBase = ReadAP(0xF8) & ~0x3;
[13:17:50.678]              // -> [ReadAP(0x000000F8) => 0xE00FF003]   (__dp=0x00000000, __ap=0x00000000)
[13:17:50.678]              // -> [ROMTableBase <= 0xE00FF000]
[13:17:50.678]            pidr1 = Read32(ROMTableBase + 0x0FE4);
[13:17:50.679]              // -> [Read32(0xE00FFFE4) => 0x00000004]   (__dp=0x00000000, __ap=0x00000000)
[13:17:50.679]              // -> [pidr1 <= 0x00000004]
[13:17:50.679]            pidr2 = Read32(ROMTableBase + 0x0FE8);
[13:17:50.679]              // -> [Read32(0xE00FFFE8) => 0x0000000A]   (__dp=0x00000000, __ap=0x00000000)
[13:17:50.679]              // -> [pidr2 <= 0x0000000A]
[13:17:50.680]            jep106id = ((pidr2 & 0x7) << 4 ) | ((pidr1 >> 4) & 0xF);
[13:17:50.680]              // -> [jep106id <= 0x00000020]
[13:17:50.680]          </block>
[13:17:50.680]          <control if="jep106id != 0x20" while="" timeout="0" info="">
[13:17:50.680]            // if-block "jep106id != 0x20"
[13:17:50.680]              // =>  FALSE
[13:17:50.680]            // skip if-block "jep106id != 0x20"
[13:17:50.680]          </control>
[13:17:50.680]        </sequence>
[13:17:50.680]    </block>
[13:17:50.680]  </sequence>
[13:17:50.680]  
[13:17:50.680]  **********  Sequence "DebugCoreStart"  (Context="Target Access", Pname="", info="")
[13:17:50.680]  
[13:17:50.680]  <debugvars>
[13:17:50.680]    // Pre-defined
[13:17:50.680]    __protocol=0x00010002      (Protocol="SWD", SWJ-DP="True")
[13:17:50.680]    __connection=0x00000202    (Connection Type="Flash", Reset Type="System Reset")
[13:17:50.680]    __dp=0x00000000
[13:17:50.680]    __ap=0x00000000
[13:17:50.680]    __traceout=0x00000000      (Trace Disabled)
[13:17:50.680]    __errorcontrol=0x00000000  (Skip Errors="False")
[13:17:50.680]    __FlashAddr=0x00000000
[13:17:50.680]    __FlashLen=0x00000000
[13:17:50.681]    __FlashArg=0x00000000
[13:17:50.681]    __FlashOp=0x00000000
[13:17:50.681]    __Result=0x00000000
[13:17:50.681]    
[13:17:50.681]    // User-defined
[13:17:50.681]    DbgMCU_CR=0x00000007
[13:17:50.681]  </debugvars>
[13:17:50.681]  
[13:17:50.681]  <sequence name="DebugCoreStart" Pname="" disable="false" info="">
[13:17:50.681]    <block atomic="false" info="">
[13:17:50.681]      Write32(0xE000EDF0, 0xA05F0001);                                        // Enable Core Debug via DHCSR
[13:17:50.681]        // -> [Write32(0xE000EDF0, 0xA05F0001)]   (__dp=0x00000000, __ap=0x00000000)
[13:17:50.681]      Write32(0xE0042004, DbgMCU_CR);                                         // DBGMCU_CR: Configure MCU Debug
[13:17:50.681]        // -> [Write32(0xE0042004, 0x00000007)]   (__dp=0x00000000, __ap=0x00000000)
[13:17:50.681]    </block>
[13:17:50.682]  </sequence>
[13:17:50.682]  
[13:24:52.165]  **********  Sequence "DebugDeviceUnlock"  (Context="Target Access", Pname="", info="")
[13:24:52.165]  
[13:24:52.165]  <debugvars>
[13:24:52.165]    // Pre-defined
[13:24:52.165]    __protocol=0x00010002      (Protocol="SWD", SWJ-DP="True")
[13:24:52.165]    __connection=0x00000201    (Connection Type="Debug", Reset Type="System Reset")
[13:24:52.165]    __dp=0x00000000
[13:24:52.165]    __ap=0x00000000
[13:24:52.165]    __traceout=0x00000000      (Trace Disabled)
[13:24:52.165]    __errorcontrol=0x00000000  (Skip Errors="False")
[13:24:52.165]    __FlashAddr=0x00000000
[13:24:52.165]    __FlashLen=0x00000000
[13:24:52.165]    __FlashArg=0x00000000
[13:24:52.165]    __FlashOp=0x00000000
[13:24:52.165]    __Result=0x00000000
[13:24:52.165]    
[13:24:52.165]    // User-defined
[13:24:52.165]    DbgMCU_CR=0x00000007
[13:24:52.166]  </debugvars>
[13:24:52.166]  
[13:24:52.166]  <sequence name="DebugDeviceUnlock" Pname="" disable="false" info="">
[13:24:52.166]    <block atomic="false" info="">
[13:24:52.166]      Sequence("CheckID");
[13:24:52.166]        <sequence name="CheckID" Pname="" disable="false" info="">
[13:24:52.166]          <block atomic="false" info="">
[13:24:52.166]            __var pidr1 = 0;
[13:24:52.166]              // -> [pidr1 <= 0x00000000]
[13:24:52.166]            __var pidr2 = 0;
[13:24:52.166]              // -> [pidr2 <= 0x00000000]
[13:24:52.166]            __var jep106id = 0;
[13:24:52.166]              // -> [jep106id <= 0x00000000]
[13:24:52.166]            __var ROMTableBase = 0;
[13:24:52.166]              // -> [ROMTableBase <= 0x00000000]
[13:24:52.166]            __ap = 0;      // AHB-AP
[13:24:52.166]              // -> [__ap <= 0x00000000]
[13:24:52.166]            ROMTableBase = ReadAP(0xF8) & ~0x3;
[13:24:52.166]              // -> [ReadAP(0x000000F8) => 0xE00FF003]   (__dp=0x00000000, __ap=0x00000000)
[13:24:52.166]              // -> [ROMTableBase <= 0xE00FF000]
[13:24:52.167]            pidr1 = Read32(ROMTableBase + 0x0FE4);
[13:24:52.167]              // -> [Read32(0xE00FFFE4) => 0x00000004]   (__dp=0x00000000, __ap=0x00000000)
[13:24:52.167]              // -> [pidr1 <= 0x00000004]
[13:24:52.167]            pidr2 = Read32(ROMTableBase + 0x0FE8);
[13:24:52.167]              // -> [Read32(0xE00FFFE8) => 0x0000000A]   (__dp=0x00000000, __ap=0x00000000)
[13:24:52.167]              // -> [pidr2 <= 0x0000000A]
[13:24:52.167]            jep106id = ((pidr2 & 0x7) << 4 ) | ((pidr1 >> 4) & 0xF);
[13:24:52.167]              // -> [jep106id <= 0x00000020]
[13:24:52.167]          </block>
[13:24:52.168]          <control if="jep106id != 0x20" while="" timeout="0" info="">
[13:24:52.168]            // if-block "jep106id != 0x20"
[13:24:52.168]              // =>  FALSE
[13:24:52.168]            // skip if-block "jep106id != 0x20"
[13:24:52.168]          </control>
[13:24:52.168]        </sequence>
[13:24:52.168]    </block>
[13:24:52.168]  </sequence>
[13:24:52.168]  
[13:24:52.168]  **********  Sequence "DebugCoreStart"  (Context="Target Access", Pname="", info="")
[13:24:52.168]  
[13:24:52.168]  <debugvars>
[13:24:52.168]    // Pre-defined
[13:24:52.168]    __protocol=0x00010002      (Protocol="SWD", SWJ-DP="True")
[13:24:52.168]    __connection=0x00000201    (Connection Type="Debug", Reset Type="System Reset")
[13:24:52.168]    __dp=0x00000000
[13:24:52.168]    __ap=0x00000000
[13:24:52.168]    __traceout=0x00000000      (Trace Disabled)
[13:24:52.168]    __errorcontrol=0x00000000  (Skip Errors="False")
[13:24:52.168]    __FlashAddr=0x00000000
[13:24:52.168]    __FlashLen=0x00000000
[13:24:52.168]    __FlashArg=0x00000000
[13:24:52.168]    __FlashOp=0x00000000
[13:24:52.168]    __Result=0x00000000
[13:24:52.168]    
[13:24:52.168]    // User-defined
[13:24:52.169]    DbgMCU_CR=0x00000007
[13:24:52.169]  </debugvars>
[13:24:52.169]  
[13:24:52.169]  <sequence name="DebugCoreStart" Pname="" disable="false" info="">
[13:24:52.169]    <block atomic="false" info="">
[13:24:52.169]      Write32(0xE000EDF0, 0xA05F0001);                                        // Enable Core Debug via DHCSR
[13:24:52.169]        // -> [Write32(0xE000EDF0, 0xA05F0001)]   (__dp=0x00000000, __ap=0x00000000)
[13:24:52.169]      Write32(0xE0042004, DbgMCU_CR);                                         // DBGMCU_CR: Configure MCU Debug
[13:24:52.170]        // -> [Write32(0xE0042004, 0x00000007)]   (__dp=0x00000000, __ap=0x00000000)
[13:24:52.170]    </block>
[13:24:52.170]  </sequence>
[13:24:52.170]  
[13:30:12.974]  **********  Sequence "DebugDeviceUnlock"  (Context="Target Access", Pname="", info="")
[13:30:12.974]  
[13:30:12.981]  <debugvars>
[13:30:12.981]    // Pre-defined
[13:30:12.981]    __protocol=0x00010002      (Protocol="SWD", SWJ-DP="True")
[13:30:12.981]    __connection=0x00000202    (Connection Type="Flash", Reset Type="System Reset")
[13:30:12.981]    __dp=0x00000000
[13:30:12.981]    __ap=0x00000000
[13:30:12.981]    __traceout=0x00000000      (Trace Disabled)
[13:30:12.981]    __errorcontrol=0x00000000  (Skip Errors="False")
[13:30:12.981]    __FlashAddr=0x00000000
[13:30:12.982]    __FlashLen=0x00000000
[13:30:12.982]    __FlashArg=0x00000000
[13:30:12.982]    __FlashOp=0x00000000
[13:30:12.982]    __Result=0x00000000
[13:30:12.982]    
[13:30:12.982]    // User-defined
[13:30:12.982]    DbgMCU_CR=0x00000007
[13:30:12.982]  </debugvars>
[13:30:12.982]  
[13:30:12.982]  <sequence name="DebugDeviceUnlock" Pname="" disable="false" info="">
[13:30:12.982]    <block atomic="false" info="">
[13:30:12.982]      Sequence("CheckID");
[13:30:12.982]        <sequence name="CheckID" Pname="" disable="false" info="">
[13:30:12.982]          <block atomic="false" info="">
[13:30:12.982]            __var pidr1 = 0;
[13:30:12.982]              // -> [pidr1 <= 0x00000000]
[13:30:12.982]            __var pidr2 = 0;
[13:30:12.982]              // -> [pidr2 <= 0x00000000]
[13:30:12.982]            __var jep106id = 0;
[13:30:12.982]              // -> [jep106id <= 0x00000000]
[13:30:12.982]            __var ROMTableBase = 0;
[13:30:12.982]              // -> [ROMTableBase <= 0x00000000]
[13:30:12.983]            __ap = 0;      // AHB-AP
[13:30:12.984]              // -> [__ap <= 0x00000000]
[13:30:12.984]            ROMTableBase = ReadAP(0xF8) & ~0x3;
[13:30:12.984]              // -> [ReadAP(0x000000F8) => 0xE00FF003]   (__dp=0x00000000, __ap=0x00000000)
[13:30:12.984]              // -> [ROMTableBase <= 0xE00FF000]
[13:30:12.984]            pidr1 = Read32(ROMTableBase + 0x0FE4);
[13:30:12.984]              // -> [Read32(0xE00FFFE4) => 0x00000004]   (__dp=0x00000000, __ap=0x00000000)
[13:30:12.984]              // -> [pidr1 <= 0x00000004]
[13:30:12.984]            pidr2 = Read32(ROMTableBase + 0x0FE8);
[13:30:12.985]              // -> [Read32(0xE00FFFE8) => 0x0000000A]   (__dp=0x00000000, __ap=0x00000000)
[13:30:12.985]              // -> [pidr2 <= 0x0000000A]
[13:30:12.985]            jep106id = ((pidr2 & 0x7) << 4 ) | ((pidr1 >> 4) & 0xF);
[13:30:12.985]              // -> [jep106id <= 0x00000020]
[13:30:12.985]          </block>
[13:30:12.985]          <control if="jep106id != 0x20" while="" timeout="0" info="">
[13:30:12.985]            // if-block "jep106id != 0x20"
[13:30:12.985]              // =>  FALSE
[13:30:12.985]            // skip if-block "jep106id != 0x20"
[13:30:12.985]          </control>
[13:30:12.985]        </sequence>
[13:30:12.985]    </block>
[13:30:12.986]  </sequence>
[13:30:12.986]  
[13:30:12.986]  **********  Sequence "DebugCoreStart"  (Context="Target Access", Pname="", info="")
[13:30:12.986]  
[13:30:12.986]  <debugvars>
[13:30:12.986]    // Pre-defined
[13:30:12.986]    __protocol=0x00010002      (Protocol="SWD", SWJ-DP="True")
[13:30:12.986]    __connection=0x00000202    (Connection Type="Flash", Reset Type="System Reset")
[13:30:12.986]    __dp=0x00000000
[13:30:12.986]    __ap=0x00000000
[13:30:12.986]    __traceout=0x00000000      (Trace Disabled)
[13:30:12.986]    __errorcontrol=0x00000000  (Skip Errors="False")
[13:30:12.986]    __FlashAddr=0x00000000
[13:30:12.986]    __FlashLen=0x00000000
[13:30:12.986]    __FlashArg=0x00000000
[13:30:12.986]    __FlashOp=0x00000000
[13:30:12.986]    __Result=0x00000000
[13:30:12.986]    
[13:30:12.986]    // User-defined
[13:30:12.986]    DbgMCU_CR=0x00000007
[13:30:12.986]  </debugvars>
[13:30:12.986]  
[13:30:12.987]  <sequence name="DebugCoreStart" Pname="" disable="false" info="">
[13:30:12.987]    <block atomic="false" info="">
[13:30:12.987]      Write32(0xE000EDF0, 0xA05F0001);                                        // Enable Core Debug via DHCSR
[13:30:12.987]        // -> [Write32(0xE000EDF0, 0xA05F0001)]   (__dp=0x00000000, __ap=0x00000000)
[13:30:12.987]      Write32(0xE0042004, DbgMCU_CR);                                         // DBGMCU_CR: Configure MCU Debug
[13:30:12.988]        // -> [Write32(0xE0042004, 0x00000007)]   (__dp=0x00000000, __ap=0x00000000)
[13:30:12.988]    </block>
[13:30:12.988]  </sequence>
[13:30:12.988]  
[13:30:16.523]  **********  Sequence "DebugDeviceUnlock"  (Context="Target Access", Pname="", info="")
[13:30:16.523]  
[13:30:16.523]  <debugvars>
[13:30:16.523]    // Pre-defined
[13:30:16.523]    __protocol=0x00010002      (Protocol="SWD", SWJ-DP="True")
[13:30:16.523]    __connection=0x00000201    (Connection Type="Debug", Reset Type="System Reset")
[13:30:16.523]    __dp=0x00000000
[13:30:16.523]    __ap=0x00000000
[13:30:16.523]    __traceout=0x00000000      (Trace Disabled)
[13:30:16.523]    __errorcontrol=0x00000000  (Skip Errors="False")
[13:30:16.523]    __FlashAddr=0x00000000
[13:30:16.523]    __FlashLen=0x00000000
[13:30:16.523]    __FlashArg=0x00000000
[13:30:16.523]    __FlashOp=0x00000000
[13:30:16.524]    __Result=0x00000000
[13:30:16.524]    
[13:30:16.524]    // User-defined
[13:30:16.524]    DbgMCU_CR=0x00000007
[13:30:16.524]  </debugvars>
[13:30:16.524]  
[13:30:16.524]  <sequence name="DebugDeviceUnlock" Pname="" disable="false" info="">
[13:30:16.524]    <block atomic="false" info="">
[13:30:16.524]      Sequence("CheckID");
[13:30:16.524]        <sequence name="CheckID" Pname="" disable="false" info="">
[13:30:16.524]          <block atomic="false" info="">
[13:30:16.524]            __var pidr1 = 0;
[13:30:16.524]              // -> [pidr1 <= 0x00000000]
[13:30:16.524]            __var pidr2 = 0;
[13:30:16.524]              // -> [pidr2 <= 0x00000000]
[13:30:16.524]            __var jep106id = 0;
[13:30:16.524]              // -> [jep106id <= 0x00000000]
[13:30:16.524]            __var ROMTableBase = 0;
[13:30:16.524]              // -> [ROMTableBase <= 0x00000000]
[13:30:16.524]            __ap = 0;      // AHB-AP
[13:30:16.524]              // -> [__ap <= 0x00000000]
[13:30:16.524]            ROMTableBase = ReadAP(0xF8) & ~0x3;
[13:30:16.524]              // -> [ReadAP(0x000000F8) => 0xE00FF003]   (__dp=0x00000000, __ap=0x00000000)
[13:30:16.525]              // -> [ROMTableBase <= 0xE00FF000]
[13:30:16.525]            pidr1 = Read32(ROMTableBase + 0x0FE4);
[13:30:16.525]              // -> [Read32(0xE00FFFE4) => 0x00000004]   (__dp=0x00000000, __ap=0x00000000)
[13:30:16.525]              // -> [pidr1 <= 0x00000004]
[13:30:16.525]            pidr2 = Read32(ROMTableBase + 0x0FE8);
[13:30:16.525]              // -> [Read32(0xE00FFFE8) => 0x0000000A]   (__dp=0x00000000, __ap=0x00000000)
[13:30:16.525]              // -> [pidr2 <= 0x0000000A]
[13:30:16.525]            jep106id = ((pidr2 & 0x7) << 4 ) | ((pidr1 >> 4) & 0xF);
[13:30:16.525]              // -> [jep106id <= 0x00000020]
[13:30:16.525]          </block>
[13:30:16.525]          <control if="jep106id != 0x20" while="" timeout="0" info="">
[13:30:16.525]            // if-block "jep106id != 0x20"
[13:30:16.525]              // =>  FALSE
[13:30:16.525]            // skip if-block "jep106id != 0x20"
[13:30:16.525]          </control>
[13:30:16.525]        </sequence>
[13:30:16.525]    </block>
[13:30:16.525]  </sequence>
[13:30:16.525]  
[13:30:16.525]  **********  Sequence "DebugCoreStart"  (Context="Target Access", Pname="", info="")
[13:30:16.525]  
[13:30:16.525]  <debugvars>
[13:30:16.525]    // Pre-defined
[13:30:16.525]    __protocol=0x00010002      (Protocol="SWD", SWJ-DP="True")
[13:30:16.525]    __connection=0x00000201    (Connection Type="Debug", Reset Type="System Reset")
[13:30:16.525]    __dp=0x00000000
[13:30:16.526]    __ap=0x00000000
[13:30:16.526]    __traceout=0x00000000      (Trace Disabled)
[13:30:16.526]    __errorcontrol=0x00000000  (Skip Errors="False")
[13:30:16.526]    __FlashAddr=0x00000000
[13:30:16.526]    __FlashLen=0x00000000
[13:30:16.526]    __FlashArg=0x00000000
[13:30:16.526]    __FlashOp=0x00000000
[13:30:16.526]    __Result=0x00000000
[13:30:16.526]    
[13:30:16.526]    // User-defined
[13:30:16.526]    DbgMCU_CR=0x00000007
[13:30:16.526]  </debugvars>
[13:30:16.526]  
[13:30:16.526]  <sequence name="DebugCoreStart" Pname="" disable="false" info="">
[13:30:16.526]    <block atomic="false" info="">
[13:30:16.526]      Write32(0xE000EDF0, 0xA05F0001);                                        // Enable Core Debug via DHCSR
[13:30:16.526]        // -> [Write32(0xE000EDF0, 0xA05F0001)]   (__dp=0x00000000, __ap=0x00000000)
[13:30:16.526]      Write32(0xE0042004, DbgMCU_CR);                                         // DBGMCU_CR: Configure MCU Debug
[13:30:16.527]        // -> [Write32(0xE0042004, 0x00000007)]   (__dp=0x00000000, __ap=0x00000000)
[13:30:16.527]    </block>
[13:30:16.527]  </sequence>
[13:30:16.527]  
[13:34:56.487]  **********  Sequence "DebugDeviceUnlock"  (Context="Target Access", Pname="", info="")
[13:34:56.487]  
[13:34:56.487]  <debugvars>
[13:34:56.487]    // Pre-defined
[13:34:56.487]    __protocol=0x00010002      (Protocol="SWD", SWJ-DP="True")
[13:34:56.487]    __connection=0x00000201    (Connection Type="Debug", Reset Type="System Reset")
[13:34:56.487]    __dp=0x00000000
[13:34:56.487]    __ap=0x00000000
[13:34:56.487]    __traceout=0x00000000      (Trace Disabled)
[13:34:56.487]    __errorcontrol=0x00000000  (Skip Errors="False")
[13:34:56.487]    __FlashAddr=0x00000000
[13:34:56.487]    __FlashLen=0x00000000
[13:34:56.487]    __FlashArg=0x00000000
[13:34:56.487]    __FlashOp=0x00000000
[13:34:56.487]    __Result=0x00000000
[13:34:56.487]    
[13:34:56.487]    // User-defined
[13:34:56.487]    DbgMCU_CR=0x00000007
[13:34:56.487]  </debugvars>
[13:34:56.487]  
[13:34:56.487]  <sequence name="DebugDeviceUnlock" Pname="" disable="false" info="">
[13:34:56.487]    <block atomic="false" info="">
[13:34:56.487]      Sequence("CheckID");
[13:34:56.487]        <sequence name="CheckID" Pname="" disable="false" info="">
[13:34:56.488]          <block atomic="false" info="">
[13:34:56.488]            __var pidr1 = 0;
[13:34:56.488]              // -> [pidr1 <= 0x00000000]
[13:34:56.488]            __var pidr2 = 0;
[13:34:56.488]              // -> [pidr2 <= 0x00000000]
[13:34:56.488]            __var jep106id = 0;
[13:34:56.488]              // -> [jep106id <= 0x00000000]
[13:34:56.488]            __var ROMTableBase = 0;
[13:34:56.488]              // -> [ROMTableBase <= 0x00000000]
[13:34:56.488]            __ap = 0;      // AHB-AP
[13:34:56.488]              // -> [__ap <= 0x00000000]
[13:34:56.488]            ROMTableBase = ReadAP(0xF8) & ~0x3;
[13:34:56.488]              // -> [ReadAP(0x000000F8) => 0xE00FF003]   (__dp=0x00000000, __ap=0x00000000)
[13:34:56.488]              // -> [ROMTableBase <= 0xE00FF000]
[13:34:56.488]            pidr1 = Read32(ROMTableBase + 0x0FE4);
[13:34:56.489]              // -> [Read32(0xE00FFFE4) => 0x00000004]   (__dp=0x00000000, __ap=0x00000000)
[13:34:56.489]              // -> [pidr1 <= 0x00000004]
[13:34:56.489]            pidr2 = Read32(ROMTableBase + 0x0FE8);
[13:34:56.489]              // -> [Read32(0xE00FFFE8) => 0x0000000A]   (__dp=0x00000000, __ap=0x00000000)
[13:34:56.489]              // -> [pidr2 <= 0x0000000A]
[13:34:56.489]            jep106id = ((pidr2 & 0x7) << 4 ) | ((pidr1 >> 4) & 0xF);
[13:34:56.489]              // -> [jep106id <= 0x00000020]
[13:34:56.489]          </block>
[13:34:56.489]          <control if="jep106id != 0x20" while="" timeout="0" info="">
[13:34:56.489]            // if-block "jep106id != 0x20"
[13:34:56.489]              // =>  FALSE
[13:34:56.489]            // skip if-block "jep106id != 0x20"
[13:34:56.489]          </control>
[13:34:56.489]        </sequence>
[13:34:56.490]    </block>
[13:34:56.490]  </sequence>
[13:34:56.490]  
[13:34:56.490]  **********  Sequence "DebugCoreStart"  (Context="Target Access", Pname="", info="")
[13:34:56.490]  
[13:34:56.490]  <debugvars>
[13:34:56.490]    // Pre-defined
[13:34:56.490]    __protocol=0x00010002      (Protocol="SWD", SWJ-DP="True")
[13:34:56.490]    __connection=0x00000201    (Connection Type="Debug", Reset Type="System Reset")
[13:34:56.490]    __dp=0x00000000
[13:34:56.490]    __ap=0x00000000
[13:34:56.490]    __traceout=0x00000000      (Trace Disabled)
[13:34:56.490]    __errorcontrol=0x00000000  (Skip Errors="False")
[13:34:56.490]    __FlashAddr=0x00000000
[13:34:56.490]    __FlashLen=0x00000000
[13:34:56.490]    __FlashArg=0x00000000
[13:34:56.490]    __FlashOp=0x00000000
[13:34:56.490]    __Result=0x00000000
[13:34:56.490]    
[13:34:56.490]    // User-defined
[13:34:56.490]    DbgMCU_CR=0x00000007
[13:34:56.490]  </debugvars>
[13:34:56.490]  
[13:34:56.490]  <sequence name="DebugCoreStart" Pname="" disable="false" info="">
[13:34:56.490]    <block atomic="false" info="">
[13:34:56.490]      Write32(0xE000EDF0, 0xA05F0001);                                        // Enable Core Debug via DHCSR
[13:34:56.490]        // -> [Write32(0xE000EDF0, 0xA05F0001)]   (__dp=0x00000000, __ap=0x00000000)
[13:34:56.490]      Write32(0xE0042004, DbgMCU_CR);                                         // DBGMCU_CR: Configure MCU Debug
[13:34:56.491]        // -> [Write32(0xE0042004, 0x00000007)]   (__dp=0x00000000, __ap=0x00000000)
[13:34:56.491]    </block>
[13:34:56.491]  </sequence>
[13:34:56.492]  
[13:38:23.960]  **********  Sequence "DebugDeviceUnlock"  (Context="Target Access", Pname="", info="")
[13:38:23.960]  
[13:38:23.967]  <debugvars>
[13:38:23.967]    // Pre-defined
[13:38:23.967]    __protocol=0x00010002      (Protocol="SWD", SWJ-DP="True")
[13:38:23.967]    __connection=0x00000202    (Connection Type="Flash", Reset Type="System Reset")
[13:38:23.967]    __dp=0x00000000
[13:38:23.967]    __ap=0x00000000
[13:38:23.967]    __traceout=0x00000000      (Trace Disabled)
[13:38:23.967]    __errorcontrol=0x00000000  (Skip Errors="False")
[13:38:23.967]    __FlashAddr=0x00000000
[13:38:23.967]    __FlashLen=0x00000000
[13:38:23.967]    __FlashArg=0x00000000
[13:38:23.967]    __FlashOp=0x00000000
[13:38:23.967]    __Result=0x00000000
[13:38:23.967]    
[13:38:23.967]    // User-defined
[13:38:23.967]    DbgMCU_CR=0x00000007
[13:38:23.968]  </debugvars>
[13:38:23.968]  
[13:38:23.968]  <sequence name="DebugDeviceUnlock" Pname="" disable="false" info="">
[13:38:23.968]    <block atomic="false" info="">
[13:38:23.968]      Sequence("CheckID");
[13:38:23.968]        <sequence name="CheckID" Pname="" disable="false" info="">
[13:38:23.968]          <block atomic="false" info="">
[13:38:23.968]            __var pidr1 = 0;
[13:38:23.968]              // -> [pidr1 <= 0x00000000]
[13:38:23.968]            __var pidr2 = 0;
[13:38:23.968]              // -> [pidr2 <= 0x00000000]
[13:38:23.968]            __var jep106id = 0;
[13:38:23.968]              // -> [jep106id <= 0x00000000]
[13:38:23.968]            __var ROMTableBase = 0;
[13:38:23.968]              // -> [ROMTableBase <= 0x00000000]
[13:38:23.968]            __ap = 0;      // AHB-AP
[13:38:23.968]              // -> [__ap <= 0x00000000]
[13:38:23.968]            ROMTableBase = ReadAP(0xF8) & ~0x3;
[13:38:23.969]              // -> [ReadAP(0x000000F8) => 0xE00FF003]   (__dp=0x00000000, __ap=0x00000000)
[13:38:23.969]              // -> [ROMTableBase <= 0xE00FF000]
[13:38:23.969]            pidr1 = Read32(ROMTableBase + 0x0FE4);
[13:38:23.969]              // -> [Read32(0xE00FFFE4) => 0x00000004]   (__dp=0x00000000, __ap=0x00000000)
[13:38:23.969]              // -> [pidr1 <= 0x00000004]
[13:38:23.969]            pidr2 = Read32(ROMTableBase + 0x0FE8);
[13:38:23.970]              // -> [Read32(0xE00FFFE8) => 0x0000000A]   (__dp=0x00000000, __ap=0x00000000)
[13:38:23.970]              // -> [pidr2 <= 0x0000000A]
[13:38:23.970]            jep106id = ((pidr2 & 0x7) << 4 ) | ((pidr1 >> 4) & 0xF);
[13:38:23.970]              // -> [jep106id <= 0x00000020]
[13:38:23.970]          </block>
[13:38:23.970]          <control if="jep106id != 0x20" while="" timeout="0" info="">
[13:38:23.970]            // if-block "jep106id != 0x20"
[13:38:23.970]              // =>  FALSE
[13:38:23.970]            // skip if-block "jep106id != 0x20"
[13:38:23.970]          </control>
[13:38:23.970]        </sequence>
[13:38:23.970]    </block>
[13:38:23.970]  </sequence>
[13:38:23.970]  
[13:38:23.970]  **********  Sequence "DebugCoreStart"  (Context="Target Access", Pname="", info="")
[13:38:23.970]  
[13:38:23.970]  <debugvars>
[13:38:23.970]    // Pre-defined
[13:38:23.970]    __protocol=0x00010002      (Protocol="SWD", SWJ-DP="True")
[13:38:23.970]    __connection=0x00000202    (Connection Type="Flash", Reset Type="System Reset")
[13:38:23.970]    __dp=0x00000000
[13:38:23.970]    __ap=0x00000000
[13:38:23.970]    __traceout=0x00000000      (Trace Disabled)
[13:38:23.971]    __errorcontrol=0x00000000  (Skip Errors="False")
[13:38:23.971]    __FlashAddr=0x00000000
[13:38:23.971]    __FlashLen=0x00000000
[13:38:23.971]    __FlashArg=0x00000000
[13:38:23.971]    __FlashOp=0x00000000
[13:38:23.971]    __Result=0x00000000
[13:38:23.971]    
[13:38:23.971]    // User-defined
[13:38:23.971]    DbgMCU_CR=0x00000007
[13:38:23.971]  </debugvars>
[13:38:23.971]  
[13:38:23.971]  <sequence name="DebugCoreStart" Pname="" disable="false" info="">
[13:38:23.971]    <block atomic="false" info="">
[13:38:23.971]      Write32(0xE000EDF0, 0xA05F0001);                                        // Enable Core Debug via DHCSR
[13:38:23.972]        // -> [Write32(0xE000EDF0, 0xA05F0001)]   (__dp=0x00000000, __ap=0x00000000)
[13:38:23.972]      Write32(0xE0042004, DbgMCU_CR);                                         // DBGMCU_CR: Configure MCU Debug
[13:38:23.972]        // -> [Write32(0xE0042004, 0x00000007)]   (__dp=0x00000000, __ap=0x00000000)
[13:38:23.972]    </block>
[13:38:23.973]  </sequence>
[13:38:23.973]  
[13:38:26.690]  **********  Sequence "DebugDeviceUnlock"  (Context="Target Access", Pname="", info="")
[13:38:26.690]  
[13:38:26.697]  <debugvars>
[13:38:26.697]    // Pre-defined
[13:38:26.697]    __protocol=0x00010002      (Protocol="SWD", SWJ-DP="True")
[13:38:26.697]    __connection=0x00000201    (Connection Type="Debug", Reset Type="System Reset")
[13:38:26.697]    __dp=0x00000000
[13:38:26.697]    __ap=0x00000000
[13:38:26.697]    __traceout=0x00000000      (Trace Disabled)
[13:38:26.697]    __errorcontrol=0x00000000  (Skip Errors="False")
[13:38:26.697]    __FlashAddr=0x00000000
[13:38:26.698]    __FlashLen=0x00000000
[13:38:26.698]    __FlashArg=0x00000000
[13:38:26.698]    __FlashOp=0x00000000
[13:38:26.698]    __Result=0x00000000
[13:38:26.698]    
[13:38:26.698]    // User-defined
[13:38:26.698]    DbgMCU_CR=0x00000007
[13:38:26.698]  </debugvars>
[13:38:26.698]  
[13:38:26.698]  <sequence name="DebugDeviceUnlock" Pname="" disable="false" info="">
[13:38:26.698]    <block atomic="false" info="">
[13:38:26.698]      Sequence("CheckID");
[13:38:26.698]        <sequence name="CheckID" Pname="" disable="false" info="">
[13:38:26.698]          <block atomic="false" info="">
[13:38:26.698]            __var pidr1 = 0;
[13:38:26.698]              // -> [pidr1 <= 0x00000000]
[13:38:26.698]            __var pidr2 = 0;
[13:38:26.698]              // -> [pidr2 <= 0x00000000]
[13:38:26.698]            __var jep106id = 0;
[13:38:26.698]              // -> [jep106id <= 0x00000000]
[13:38:26.698]            __var ROMTableBase = 0;
[13:38:26.698]              // -> [ROMTableBase <= 0x00000000]
[13:38:26.698]            __ap = 0;      // AHB-AP
[13:38:26.698]              // -> [__ap <= 0x00000000]
[13:38:26.698]            ROMTableBase = ReadAP(0xF8) & ~0x3;
[13:38:26.699]              // -> [ReadAP(0x000000F8) => 0xE00FF003]   (__dp=0x00000000, __ap=0x00000000)
[13:38:26.699]              // -> [ROMTableBase <= 0xE00FF000]
[13:38:26.699]            pidr1 = Read32(ROMTableBase + 0x0FE4);
[13:38:26.699]              // -> [Read32(0xE00FFFE4) => 0x00000004]   (__dp=0x00000000, __ap=0x00000000)
[13:38:26.699]              // -> [pidr1 <= 0x00000004]
[13:38:26.699]            pidr2 = Read32(ROMTableBase + 0x0FE8);
[13:38:26.700]              // -> [Read32(0xE00FFFE8) => 0x0000000A]   (__dp=0x00000000, __ap=0x00000000)
[13:38:26.700]              // -> [pidr2 <= 0x0000000A]
[13:38:26.700]            jep106id = ((pidr2 & 0x7) << 4 ) | ((pidr1 >> 4) & 0xF);
[13:38:26.700]              // -> [jep106id <= 0x00000020]
[13:38:26.700]          </block>
[13:38:26.700]          <control if="jep106id != 0x20" while="" timeout="0" info="">
[13:38:26.700]            // if-block "jep106id != 0x20"
[13:38:26.700]              // =>  FALSE
[13:38:26.700]            // skip if-block "jep106id != 0x20"
[13:38:26.700]          </control>
[13:38:26.700]        </sequence>
[13:38:26.700]    </block>
[13:38:26.700]  </sequence>
[13:38:26.700]  
[13:38:26.700]  **********  Sequence "DebugCoreStart"  (Context="Target Access", Pname="", info="")
[13:38:26.700]  
[13:38:26.700]  <debugvars>
[13:38:26.700]    // Pre-defined
[13:38:26.700]    __protocol=0x00010002      (Protocol="SWD", SWJ-DP="True")
[13:38:26.700]    __connection=0x00000201    (Connection Type="Debug", Reset Type="System Reset")
[13:38:26.700]    __dp=0x00000000
[13:38:26.700]    __ap=0x00000000
[13:38:26.700]    __traceout=0x00000000      (Trace Disabled)
[13:38:26.700]    __errorcontrol=0x00000000  (Skip Errors="False")
[13:38:26.700]    __FlashAddr=0x00000000
[13:38:26.700]    __FlashLen=0x00000000
[13:38:26.700]    __FlashArg=0x00000000
[13:38:26.700]    __FlashOp=0x00000000
[13:38:26.701]    __Result=0x00000000
[13:38:26.701]    
[13:38:26.701]    // User-defined
[13:38:26.701]    DbgMCU_CR=0x00000007
[13:38:26.701]  </debugvars>
[13:38:26.701]  
[13:38:26.701]  <sequence name="DebugCoreStart" Pname="" disable="false" info="">
[13:38:26.701]    <block atomic="false" info="">
[13:38:26.701]      Write32(0xE000EDF0, 0xA05F0001);                                        // Enable Core Debug via DHCSR
[13:38:26.701]        // -> [Write32(0xE000EDF0, 0xA05F0001)]   (__dp=0x00000000, __ap=0x00000000)
[13:38:26.701]      Write32(0xE0042004, DbgMCU_CR);                                         // DBGMCU_CR: Configure MCU Debug
[13:38:26.702]        // -> [Write32(0xE0042004, 0x00000007)]   (__dp=0x00000000, __ap=0x00000000)
[13:38:26.702]    </block>
[13:38:26.702]  </sequence>
[13:38:26.702]  
[13:46:25.701]  **********  Sequence "DebugDeviceUnlock"  (Context="Target Access", Pname="", info="")
[13:46:25.701]  
[13:46:25.702]  <debugvars>
[13:46:25.702]    // Pre-defined
[13:46:25.702]    __protocol=0x00010002      (Protocol="SWD", SWJ-DP="True")
[13:46:25.702]    __connection=0x00000202    (Connection Type="Flash", Reset Type="System Reset")
[13:46:25.702]    __dp=0x00000000
[13:46:25.702]    __ap=0x00000000
[13:46:25.702]    __traceout=0x00000000      (Trace Disabled)
[13:46:25.702]    __errorcontrol=0x00000000  (Skip Errors="False")
[13:46:25.702]    __FlashAddr=0x00000000
[13:46:25.702]    __FlashLen=0x00000000
[13:46:25.702]    __FlashArg=0x00000000
[13:46:25.702]    __FlashOp=0x00000000
[13:46:25.702]    __Result=0x00000000
[13:46:25.702]    
[13:46:25.702]    // User-defined
[13:46:25.702]    DbgMCU_CR=0x00000007
[13:46:25.702]  </debugvars>
[13:46:25.703]  
[13:46:25.703]  <sequence name="DebugDeviceUnlock" Pname="" disable="false" info="">
[13:46:25.703]    <block atomic="false" info="">
[13:46:25.703]      Sequence("CheckID");
[13:46:25.703]        <sequence name="CheckID" Pname="" disable="false" info="">
[13:46:25.703]          <block atomic="false" info="">
[13:46:25.703]            __var pidr1 = 0;
[13:46:25.703]              // -> [pidr1 <= 0x00000000]
[13:46:25.703]            __var pidr2 = 0;
[13:46:25.703]              // -> [pidr2 <= 0x00000000]
[13:46:25.703]            __var jep106id = 0;
[13:46:25.703]              // -> [jep106id <= 0x00000000]
[13:46:25.703]            __var ROMTableBase = 0;
[13:46:25.703]              // -> [ROMTableBase <= 0x00000000]
[13:46:25.703]            __ap = 0;      // AHB-AP
[13:46:25.703]              // -> [__ap <= 0x00000000]
[13:46:25.703]            ROMTableBase = ReadAP(0xF8) & ~0x3;
[13:46:25.703]              // -> [ReadAP(0x000000F8) => 0xE00FF003]   (__dp=0x00000000, __ap=0x00000000)
[13:46:25.703]              // -> [ROMTableBase <= 0xE00FF000]
[13:46:25.703]            pidr1 = Read32(ROMTableBase + 0x0FE4);
[13:46:25.704]              // -> [Read32(0xE00FFFE4) => 0x00000004]   (__dp=0x00000000, __ap=0x00000000)
[13:46:25.704]              // -> [pidr1 <= 0x00000004]
[13:46:25.704]            pidr2 = Read32(ROMTableBase + 0x0FE8);
[13:46:25.704]              // -> [Read32(0xE00FFFE8) => 0x0000000A]   (__dp=0x00000000, __ap=0x00000000)
[13:46:25.704]              // -> [pidr2 <= 0x0000000A]
[13:46:25.704]            jep106id = ((pidr2 & 0x7) << 4 ) | ((pidr1 >> 4) & 0xF);
[13:46:25.704]              // -> [jep106id <= 0x00000020]
[13:46:25.704]          </block>
[13:46:25.704]          <control if="jep106id != 0x20" while="" timeout="0" info="">
[13:46:25.704]            // if-block "jep106id != 0x20"
[13:46:25.704]              // =>  FALSE
[13:46:25.704]            // skip if-block "jep106id != 0x20"
[13:46:25.705]          </control>
[13:46:25.705]        </sequence>
[13:46:25.705]    </block>
[13:46:25.705]  </sequence>
[13:46:25.705]  
[13:46:25.705]  **********  Sequence "DebugCoreStart"  (Context="Target Access", Pname="", info="")
[13:46:25.705]  
[13:46:25.705]  <debugvars>
[13:46:25.705]    // Pre-defined
[13:46:25.705]    __protocol=0x00010002      (Protocol="SWD", SWJ-DP="True")
[13:46:25.705]    __connection=0x00000202    (Connection Type="Flash", Reset Type="System Reset")
[13:46:25.705]    __dp=0x00000000
[13:46:25.705]    __ap=0x00000000
[13:46:25.705]    __traceout=0x00000000      (Trace Disabled)
[13:46:25.705]    __errorcontrol=0x00000000  (Skip Errors="False")
[13:46:25.705]    __FlashAddr=0x00000000
[13:46:25.705]    __FlashLen=0x00000000
[13:46:25.705]    __FlashArg=0x00000000
[13:46:25.705]    __FlashOp=0x00000000
[13:46:25.705]    __Result=0x00000000
[13:46:25.705]    
[13:46:25.705]    // User-defined
[13:46:25.706]    DbgMCU_CR=0x00000007
[13:46:25.706]  </debugvars>
[13:46:25.706]  
[13:46:25.706]  <sequence name="DebugCoreStart" Pname="" disable="false" info="">
[13:46:25.706]    <block atomic="false" info="">
[13:46:25.706]      Write32(0xE000EDF0, 0xA05F0001);                                        // Enable Core Debug via DHCSR
[13:46:25.706]        // -> [Write32(0xE000EDF0, 0xA05F0001)]   (__dp=0x00000000, __ap=0x00000000)
[13:46:25.706]      Write32(0xE0042004, DbgMCU_CR);                                         // DBGMCU_CR: Configure MCU Debug
[13:46:25.707]        // -> [Write32(0xE0042004, 0x00000007)]   (__dp=0x00000000, __ap=0x00000000)
[13:46:25.707]    </block>
[13:46:25.707]  </sequence>
[13:46:25.707]  
[13:46:29.192]  **********  Sequence "DebugDeviceUnlock"  (Context="Target Access", Pname="", info="")
[13:46:29.192]  
[13:46:29.199]  <debugvars>
[13:46:29.199]    // Pre-defined
[13:46:29.199]    __protocol=0x00010002      (Protocol="SWD", SWJ-DP="True")
[13:46:29.199]    __connection=0x00000201    (Connection Type="Debug", Reset Type="System Reset")
[13:46:29.199]    __dp=0x00000000
[13:46:29.199]    __ap=0x00000000
[13:46:29.199]    __traceout=0x00000000      (Trace Disabled)
[13:46:29.199]    __errorcontrol=0x00000000  (Skip Errors="False")
[13:46:29.199]    __FlashAddr=0x00000000
[13:46:29.199]    __FlashLen=0x00000000
[13:46:29.199]    __FlashArg=0x00000000
[13:46:29.199]    __FlashOp=0x00000000
[13:46:29.199]    __Result=0x00000000
[13:46:29.199]    
[13:46:29.199]    // User-defined
[13:46:29.200]    DbgMCU_CR=0x00000007
[13:46:29.200]  </debugvars>
[13:46:29.200]  
[13:46:29.200]  <sequence name="DebugDeviceUnlock" Pname="" disable="false" info="">
[13:46:29.200]    <block atomic="false" info="">
[13:46:29.200]      Sequence("CheckID");
[13:46:29.200]        <sequence name="CheckID" Pname="" disable="false" info="">
[13:46:29.200]          <block atomic="false" info="">
[13:46:29.200]            __var pidr1 = 0;
[13:46:29.200]              // -> [pidr1 <= 0x00000000]
[13:46:29.200]            __var pidr2 = 0;
[13:46:29.200]              // -> [pidr2 <= 0x00000000]
[13:46:29.200]            __var jep106id = 0;
[13:46:29.200]              // -> [jep106id <= 0x00000000]
[13:46:29.200]            __var ROMTableBase = 0;
[13:46:29.200]              // -> [ROMTableBase <= 0x00000000]
[13:46:29.200]            __ap = 0;      // AHB-AP
[13:46:29.200]              // -> [__ap <= 0x00000000]
[13:46:29.200]            ROMTableBase = ReadAP(0xF8) & ~0x3;
[13:46:29.200]              // -> [ReadAP(0x000000F8) => 0xE00FF003]   (__dp=0x00000000, __ap=0x00000000)
[13:46:29.200]              // -> [ROMTableBase <= 0xE00FF000]
[13:46:29.200]            pidr1 = Read32(ROMTableBase + 0x0FE4);
[13:46:29.201]              // -> [Read32(0xE00FFFE4) => 0x00000004]   (__dp=0x00000000, __ap=0x00000000)
[13:46:29.201]              // -> [pidr1 <= 0x00000004]
[13:46:29.201]            pidr2 = Read32(ROMTableBase + 0x0FE8);
[13:46:29.202]              // -> [Read32(0xE00FFFE8) => 0x0000000A]   (__dp=0x00000000, __ap=0x00000000)
[13:46:29.202]              // -> [pidr2 <= 0x0000000A]
[13:46:29.202]            jep106id = ((pidr2 & 0x7) << 4 ) | ((pidr1 >> 4) & 0xF);
[13:46:29.202]              // -> [jep106id <= 0x00000020]
[13:46:29.202]          </block>
[13:46:29.202]          <control if="jep106id != 0x20" while="" timeout="0" info="">
[13:46:29.202]            // if-block "jep106id != 0x20"
[13:46:29.202]              // =>  FALSE
[13:46:29.202]            // skip if-block "jep106id != 0x20"
[13:46:29.202]          </control>
[13:46:29.202]        </sequence>
[13:46:29.202]    </block>
[13:46:29.202]  </sequence>
[13:46:29.202]  
[13:46:29.202]  **********  Sequence "DebugCoreStart"  (Context="Target Access", Pname="", info="")
[13:46:29.202]  
[13:46:29.202]  <debugvars>
[13:46:29.202]    // Pre-defined
[13:46:29.202]    __protocol=0x00010002      (Protocol="SWD", SWJ-DP="True")
[13:46:29.202]    __connection=0x00000201    (Connection Type="Debug", Reset Type="System Reset")
[13:46:29.202]    __dp=0x00000000
[13:46:29.202]    __ap=0x00000000
[13:46:29.202]    __traceout=0x00000000      (Trace Disabled)
[13:46:29.202]    __errorcontrol=0x00000000  (Skip Errors="False")
[13:46:29.203]    __FlashAddr=0x00000000
[13:46:29.203]    __FlashLen=0x00000000
[13:46:29.203]    __FlashArg=0x00000000
[13:46:29.203]    __FlashOp=0x00000000
[13:46:29.203]    __Result=0x00000000
[13:46:29.203]    
[13:46:29.203]    // User-defined
[13:46:29.203]    DbgMCU_CR=0x00000007
[13:46:29.203]  </debugvars>
[13:46:29.203]  
[13:46:29.203]  <sequence name="DebugCoreStart" Pname="" disable="false" info="">
[13:46:29.203]    <block atomic="false" info="">
[13:46:29.203]      Write32(0xE000EDF0, 0xA05F0001);                                        // Enable Core Debug via DHCSR
[13:46:29.203]        // -> [Write32(0xE000EDF0, 0xA05F0001)]   (__dp=0x00000000, __ap=0x00000000)
[13:46:29.203]      Write32(0xE0042004, DbgMCU_CR);                                         // DBGMCU_CR: Configure MCU Debug
[13:46:29.204]        // -> [Write32(0xE0042004, 0x00000007)]   (__dp=0x00000000, __ap=0x00000000)
[13:46:29.204]    </block>
[13:46:29.204]  </sequence>
[13:46:29.204]  
[13:51:29.525]  **********  Sequence "DebugDeviceUnlock"  (Context="Target Access", Pname="", info="")
[13:51:29.525]  
[13:51:29.533]  <debugvars>
[13:51:29.533]    // Pre-defined
[13:51:29.533]    __protocol=0x00010002      (Protocol="SWD", SWJ-DP="True")
[13:51:29.533]    __connection=0x00000202    (Connection Type="Flash", Reset Type="System Reset")
[13:51:29.533]    __dp=0x00000000
[13:51:29.533]    __ap=0x00000000
[13:51:29.533]    __traceout=0x00000000      (Trace Disabled)
[13:51:29.533]    __errorcontrol=0x00000000  (Skip Errors="False")
[13:51:29.533]    __FlashAddr=0x00000000
[13:51:29.533]    __FlashLen=0x00000000
[13:51:29.533]    __FlashArg=0x00000000
[13:51:29.533]    __FlashOp=0x00000000
[13:51:29.533]    __Result=0x00000000
[13:51:29.533]    
[13:51:29.533]    // User-defined
[13:51:29.533]    DbgMCU_CR=0x00000007
[13:51:29.533]  </debugvars>
[13:51:29.534]  
[13:51:29.534]  <sequence name="DebugDeviceUnlock" Pname="" disable="false" info="">
[13:51:29.534]    <block atomic="false" info="">
[13:51:29.534]      Sequence("CheckID");
[13:51:29.534]        <sequence name="CheckID" Pname="" disable="false" info="">
[13:51:29.534]          <block atomic="false" info="">
[13:51:29.534]            __var pidr1 = 0;
[13:51:29.534]              // -> [pidr1 <= 0x00000000]
[13:51:29.534]            __var pidr2 = 0;
[13:51:29.534]              // -> [pidr2 <= 0x00000000]
[13:51:29.534]            __var jep106id = 0;
[13:51:29.534]              // -> [jep106id <= 0x00000000]
[13:51:29.534]            __var ROMTableBase = 0;
[13:51:29.534]              // -> [ROMTableBase <= 0x00000000]
[13:51:29.534]            __ap = 0;      // AHB-AP
[13:51:29.534]              // -> [__ap <= 0x00000000]
[13:51:29.534]            ROMTableBase = ReadAP(0xF8) & ~0x3;
[13:51:29.534]              // -> [ReadAP(0x000000F8) => 0xE00FF003]   (__dp=0x00000000, __ap=0x00000000)
[13:51:29.534]              // -> [ROMTableBase <= 0xE00FF000]
[13:51:29.534]            pidr1 = Read32(ROMTableBase + 0x0FE4);
[13:51:29.535]              // -> [Read32(0xE00FFFE4) => 0x00000004]   (__dp=0x00000000, __ap=0x00000000)
[13:51:29.535]              // -> [pidr1 <= 0x00000004]
[13:51:29.535]            pidr2 = Read32(ROMTableBase + 0x0FE8);
[13:51:29.535]              // -> [Read32(0xE00FFFE8) => 0x0000000A]   (__dp=0x00000000, __ap=0x00000000)
[13:51:29.535]              // -> [pidr2 <= 0x0000000A]
[13:51:29.535]            jep106id = ((pidr2 & 0x7) << 4 ) | ((pidr1 >> 4) & 0xF);
[13:51:29.535]              // -> [jep106id <= 0x00000020]
[13:51:29.535]          </block>
[13:51:29.535]          <control if="jep106id != 0x20" while="" timeout="0" info="">
[13:51:29.535]            // if-block "jep106id != 0x20"
[13:51:29.535]              // =>  FALSE
[13:51:29.535]            // skip if-block "jep106id != 0x20"
[13:51:29.535]          </control>
[13:51:29.536]        </sequence>
[13:51:29.536]    </block>
[13:51:29.536]  </sequence>
[13:51:29.536]  
[13:51:29.536]  **********  Sequence "DebugCoreStart"  (Context="Target Access", Pname="", info="")
[13:51:29.536]  
[13:51:29.536]  <debugvars>
[13:51:29.536]    // Pre-defined
[13:51:29.536]    __protocol=0x00010002      (Protocol="SWD", SWJ-DP="True")
[13:51:29.536]    __connection=0x00000202    (Connection Type="Flash", Reset Type="System Reset")
[13:51:29.536]    __dp=0x00000000
[13:51:29.536]    __ap=0x00000000
[13:51:29.536]    __traceout=0x00000000      (Trace Disabled)
[13:51:29.536]    __errorcontrol=0x00000000  (Skip Errors="False")
[13:51:29.536]    __FlashAddr=0x00000000
[13:51:29.536]    __FlashLen=0x00000000
[13:51:29.536]    __FlashArg=0x00000000
[13:51:29.536]    __FlashOp=0x00000000
[13:51:29.536]    __Result=0x00000000
[13:51:29.536]    
[13:51:29.536]    // User-defined
[13:51:29.536]    DbgMCU_CR=0x00000007
[13:51:29.536]  </debugvars>
[13:51:29.536]  
[13:51:29.536]  <sequence name="DebugCoreStart" Pname="" disable="false" info="">
[13:51:29.536]    <block atomic="false" info="">
[13:51:29.536]      Write32(0xE000EDF0, 0xA05F0001);                                        // Enable Core Debug via DHCSR
[13:51:29.537]        // -> [Write32(0xE000EDF0, 0xA05F0001)]   (__dp=0x00000000, __ap=0x00000000)
[13:51:29.537]      Write32(0xE0042004, DbgMCU_CR);                                         // DBGMCU_CR: Configure MCU Debug
[13:51:29.537]        // -> [Write32(0xE0042004, 0x00000007)]   (__dp=0x00000000, __ap=0x00000000)
[13:51:29.537]    </block>
[13:51:29.537]  </sequence>
[13:51:29.537]  
[13:51:58.300]  **********  Sequence "DebugDeviceUnlock"  (Context="Target Access", Pname="", info="")
[13:51:58.300]  
[13:51:58.307]  <debugvars>
[13:51:58.307]    // Pre-defined
[13:51:58.307]    __protocol=0x00010002      (Protocol="SWD", SWJ-DP="True")
[13:51:58.307]    __connection=0x00000202    (Connection Type="Flash", Reset Type="System Reset")
[13:51:58.307]    __dp=0x00000000
[13:51:58.308]    __ap=0x00000000
[13:51:58.308]    __traceout=0x00000000      (Trace Disabled)
[13:51:58.308]    __errorcontrol=0x00000000  (Skip Errors="False")
[13:51:58.308]    __FlashAddr=0x00000000
[13:51:58.308]    __FlashLen=0x00000000
[13:51:58.308]    __FlashArg=0x00000000
[13:51:58.308]    __FlashOp=0x00000000
[13:51:58.308]    __Result=0x00000000
[13:51:58.308]    
[13:51:58.308]    // User-defined
[13:51:58.308]    DbgMCU_CR=0x00000007
[13:51:58.308]  </debugvars>
[13:51:58.308]  
[13:51:58.308]  <sequence name="DebugDeviceUnlock" Pname="" disable="false" info="">
[13:51:58.308]    <block atomic="false" info="">
[13:51:58.308]      Sequence("CheckID");
[13:51:58.308]        <sequence name="CheckID" Pname="" disable="false" info="">
[13:51:58.308]          <block atomic="false" info="">
[13:51:58.308]            __var pidr1 = 0;
[13:51:58.308]              // -> [pidr1 <= 0x00000000]
[13:51:58.308]            __var pidr2 = 0;
[13:51:58.308]              // -> [pidr2 <= 0x00000000]
[13:51:58.308]            __var jep106id = 0;
[13:51:58.308]              // -> [jep106id <= 0x00000000]
[13:51:58.308]            __var ROMTableBase = 0;
[13:51:58.308]              // -> [ROMTableBase <= 0x00000000]
[13:51:58.308]            __ap = 0;      // AHB-AP
[13:51:58.308]              // -> [__ap <= 0x00000000]
[13:51:58.308]            ROMTableBase = ReadAP(0xF8) & ~0x3;
[13:51:58.309]              // -> [ReadAP(0x000000F8) => 0xE00FF003]   (__dp=0x00000000, __ap=0x00000000)
[13:51:58.309]              // -> [ROMTableBase <= 0xE00FF000]
[13:51:58.309]            pidr1 = Read32(ROMTableBase + 0x0FE4);
[13:51:58.309]              // -> [Read32(0xE00FFFE4) => 0x00000004]   (__dp=0x00000000, __ap=0x00000000)
[13:51:58.309]              // -> [pidr1 <= 0x00000004]
[13:51:58.309]            pidr2 = Read32(ROMTableBase + 0x0FE8);
[13:51:58.310]              // -> [Read32(0xE00FFFE8) => 0x0000000A]   (__dp=0x00000000, __ap=0x00000000)
[13:51:58.310]              // -> [pidr2 <= 0x0000000A]
[13:51:58.310]            jep106id = ((pidr2 & 0x7) << 4 ) | ((pidr1 >> 4) & 0xF);
[13:51:58.310]              // -> [jep106id <= 0x00000020]
[13:51:58.310]          </block>
[13:51:58.310]          <control if="jep106id != 0x20" while="" timeout="0" info="">
[13:51:58.310]            // if-block "jep106id != 0x20"
[13:51:58.310]              // =>  FALSE
[13:51:58.310]            // skip if-block "jep106id != 0x20"
[13:51:58.310]          </control>
[13:51:58.310]        </sequence>
[13:51:58.310]    </block>
[13:51:58.310]  </sequence>
[13:51:58.310]  
[13:51:58.310]  **********  Sequence "DebugCoreStart"  (Context="Target Access", Pname="", info="")
[13:51:58.310]  
[13:51:58.310]  <debugvars>
[13:51:58.310]    // Pre-defined
[13:51:58.310]    __protocol=0x00010002      (Protocol="SWD", SWJ-DP="True")
[13:51:58.310]    __connection=0x00000202    (Connection Type="Flash", Reset Type="System Reset")
[13:51:58.310]    __dp=0x00000000
[13:51:58.311]    __ap=0x00000000
[13:51:58.311]    __traceout=0x00000000      (Trace Disabled)
[13:51:58.311]    __errorcontrol=0x00000000  (Skip Errors="False")
[13:51:58.311]    __FlashAddr=0x00000000
[13:51:58.311]    __FlashLen=0x00000000
[13:51:58.311]    __FlashArg=0x00000000
[13:51:58.311]    __FlashOp=0x00000000
[13:51:58.311]    __Result=0x00000000
[13:51:58.311]    
[13:51:58.311]    // User-defined
[13:51:58.311]    DbgMCU_CR=0x00000007
[13:51:58.311]  </debugvars>
[13:51:58.311]  
[13:51:58.311]  <sequence name="DebugCoreStart" Pname="" disable="false" info="">
[13:51:58.311]    <block atomic="false" info="">
[13:51:58.311]      Write32(0xE000EDF0, 0xA05F0001);                                        // Enable Core Debug via DHCSR
[13:51:58.311]        // -> [Write32(0xE000EDF0, 0xA05F0001)]   (__dp=0x00000000, __ap=0x00000000)
[13:51:58.311]      Write32(0xE0042004, DbgMCU_CR);                                         // DBGMCU_CR: Configure MCU Debug
[13:51:58.312]        // -> [Write32(0xE0042004, 0x00000007)]   (__dp=0x00000000, __ap=0x00000000)
[13:51:58.312]    </block>
[13:51:58.312]  </sequence>
[13:51:58.312]  
