/*
 *  CMSIS Pack Debug Access Sequence Log
 *  File        : C:\Users\16117\Desktop\stm32_jx\stm32_car\project_Sequences_0002.log
 *  Created     : 22:22:46 (19/07/2025)
 *  Device      : STM32F103C8
 *  PDSC File   : C:/Users/16117/AppData/Local/Arm/Packs/Keil/STM32F1xx_DFP/2.3.0/Keil.STM32F1xx_DFP.pdsc
 *  Config File : C:\Users\16117\Desktop\stm32_jx\stm32_car\DebugConfig\Target_1_STM32F103C8_1.0.0.dbgconf
 *
 */

[22:22:46.630]  **********  Sequence "DebugDeviceUnlock"  (Context="Target Access", Pname="", info="")
[22:22:46.630]  
[22:22:46.631]  <debugvars>
[22:22:46.631]    // Pre-defined
[22:22:46.631]    __protocol=0x00010002      (Protocol="SWD", SWJ-DP="True")
[22:22:46.631]    __connection=0x00000202    (Connection Type="Flash", Reset Type="System Reset")
[22:22:46.632]    __dp=0x00000000
[22:22:46.632]    __ap=0x00000000
[22:22:46.632]    __traceout=0x00000000      (Trace Disabled)
[22:22:46.632]    __errorcontrol=0x00000000  (Skip Errors="False")
[22:22:46.632]    __FlashAddr=0x00000000
[22:22:46.632]    __FlashLen=0x00000000
[22:22:46.632]    __FlashArg=0x00000000
[22:22:46.632]    __FlashOp=0x00000000
[22:22:46.632]    __Result=0x00000000
[22:22:46.633]    
[22:22:46.633]    // User-defined
[22:22:46.633]    DbgMCU_CR=0x00000007
[22:22:46.633]  </debugvars>
[22:22:46.633]  
[22:22:46.633]  <sequence name="DebugDeviceUnlock" Pname="" disable="false" info="">
[22:22:46.633]    <block atomic="false" info="">
[22:22:46.634]      Sequence("CheckID");
[22:22:46.634]        <sequence name="CheckID" Pname="" disable="false" info="">
[22:22:46.634]          <block atomic="false" info="">
[22:22:46.634]            __var pidr1 = 0;
[22:22:46.634]              // -> [pidr1 <= 0x00000000]
[22:22:46.634]            __var pidr2 = 0;
[22:22:46.635]              // -> [pidr2 <= 0x00000000]
[22:22:46.635]            __var jep106id = 0;
[22:22:46.635]              // -> [jep106id <= 0x00000000]
[22:22:46.635]            __var ROMTableBase = 0;
[22:22:46.635]              // -> [ROMTableBase <= 0x00000000]
[22:22:46.635]            __ap = 0;      // AHB-AP
[22:22:46.636]              // -> [__ap <= 0x00000000]
[22:22:46.636]            ROMTableBase = ReadAP(0xF8) & ~0x3;
[22:22:46.637]              // -> [ReadAP(0x000000F8) => 0xE00FF003]   (__dp=0x00000000, __ap=0x00000000)
[22:22:46.638]              // -> [ROMTableBase <= 0xE00FF000]
[22:22:46.638]            pidr1 = Read32(ROMTableBase + 0x0FE4);
[22:22:46.638]              // -> [Read32(0xE00FFFE4) => 0x00000004]   (__dp=0x00000000, __ap=0x00000000)
[22:22:46.638]              // -> [pidr1 <= 0x00000004]
[22:22:46.638]            pidr2 = Read32(ROMTableBase + 0x0FE8);
[22:22:46.639]              // -> [Read32(0xE00FFFE8) => 0x0000000A]   (__dp=0x00000000, __ap=0x00000000)
[22:22:46.639]              // -> [pidr2 <= 0x0000000A]
[22:22:46.639]            jep106id = ((pidr2 & 0x7) << 4 ) | ((pidr1 >> 4) & 0xF);
[22:22:46.639]              // -> [jep106id <= 0x00000020]
[22:22:46.639]          </block>
[22:22:46.639]          <control if="jep106id != 0x20" while="" timeout="0" info="">
[22:22:46.639]            // if-block "jep106id != 0x20"
[22:22:46.639]              // =>  FALSE
[22:22:46.639]            // skip if-block "jep106id != 0x20"
[22:22:46.639]          </control>
[22:22:46.639]        </sequence>
[22:22:46.639]    </block>
[22:22:46.639]  </sequence>
[22:22:46.639]  
[22:22:46.639]  **********  Sequence "DebugCoreStart"  (Context="Target Access", Pname="", info="")
[22:22:46.639]  
[22:22:46.639]  <debugvars>
[22:22:46.639]    // Pre-defined
[22:22:46.639]    __protocol=0x00010002      (Protocol="SWD", SWJ-DP="True")
[22:22:46.640]    __connection=0x00000202    (Connection Type="Flash", Reset Type="System Reset")
[22:22:46.640]    __dp=0x00000000
[22:22:46.640]    __ap=0x00000000
[22:22:46.640]    __traceout=0x00000000      (Trace Disabled)
[22:22:46.640]    __errorcontrol=0x00000000  (Skip Errors="False")
[22:22:46.640]    __FlashAddr=0x00000000
[22:22:46.640]    __FlashLen=0x00000000
[22:22:46.640]    __FlashArg=0x00000000
[22:22:46.640]    __FlashOp=0x00000000
[22:22:46.640]    __Result=0x00000000
[22:22:46.640]    
[22:22:46.640]    // User-defined
[22:22:46.640]    DbgMCU_CR=0x00000007
[22:22:46.640]  </debugvars>
[22:22:46.640]  
[22:22:46.640]  <sequence name="DebugCoreStart" Pname="" disable="false" info="">
[22:22:46.640]    <block atomic="false" info="">
[22:22:46.640]      Write32(0xE000EDF0, 0xA05F0001);                                        // Enable Core Debug via DHCSR
[22:22:46.641]        // -> [Write32(0xE000EDF0, 0xA05F0001)]   (__dp=0x00000000, __ap=0x00000000)
[22:22:46.641]      Write32(0xE0042004, DbgMCU_CR);                                         // DBGMCU_CR: Configure MCU Debug
[22:22:46.641]        // -> [Write32(0xE0042004, 0x00000007)]   (__dp=0x00000000, __ap=0x00000000)
[22:22:46.641]    </block>
[22:22:46.641]  </sequence>
[22:22:46.641]  
[22:22:48.811]  **********  Sequence "DebugDeviceUnlock"  (Context="Target Access", Pname="", info="")
[22:22:48.811]  
[22:22:48.811]  <debugvars>
[22:22:48.811]    // Pre-defined
[22:22:48.811]    __protocol=0x00010002      (Protocol="SWD", SWJ-DP="True")
[22:22:48.811]    __connection=0x00000201    (Connection Type="Debug", Reset Type="System Reset")
[22:22:48.811]    __dp=0x00000000
[22:22:48.811]    __ap=0x00000000
[22:22:48.811]    __traceout=0x00000000      (Trace Disabled)
[22:22:48.811]    __errorcontrol=0x00000000  (Skip Errors="False")
[22:22:48.811]    __FlashAddr=0x00000000
[22:22:48.811]    __FlashLen=0x00000000
[22:22:48.811]    __FlashArg=0x00000000
[22:22:48.811]    __FlashOp=0x00000000
[22:22:48.812]    __Result=0x00000000
[22:22:48.812]    
[22:22:48.812]    // User-defined
[22:22:48.812]    DbgMCU_CR=0x00000007
[22:22:48.812]  </debugvars>
[22:22:48.812]  
[22:22:48.812]  <sequence name="DebugDeviceUnlock" Pname="" disable="false" info="">
[22:22:48.812]    <block atomic="false" info="">
[22:22:48.812]      Sequence("CheckID");
[22:22:48.812]        <sequence name="CheckID" Pname="" disable="false" info="">
[22:22:48.812]          <block atomic="false" info="">
[22:22:48.812]            __var pidr1 = 0;
[22:22:48.812]              // -> [pidr1 <= 0x00000000]
[22:22:48.812]            __var pidr2 = 0;
[22:22:48.812]              // -> [pidr2 <= 0x00000000]
[22:22:48.812]            __var jep106id = 0;
[22:22:48.812]              // -> [jep106id <= 0x00000000]
[22:22:48.812]            __var ROMTableBase = 0;
[22:22:48.812]              // -> [ROMTableBase <= 0x00000000]
[22:22:48.812]            __ap = 0;      // AHB-AP
[22:22:48.812]              // -> [__ap <= 0x00000000]
[22:22:48.812]            ROMTableBase = ReadAP(0xF8) & ~0x3;
[22:22:48.813]              // -> [ReadAP(0x000000F8) => 0xE00FF003]   (__dp=0x00000000, __ap=0x00000000)
[22:22:48.813]              // -> [ROMTableBase <= 0xE00FF000]
[22:22:48.813]            pidr1 = Read32(ROMTableBase + 0x0FE4);
[22:22:48.813]              // -> [Read32(0xE00FFFE4) => 0x00000004]   (__dp=0x00000000, __ap=0x00000000)
[22:22:48.813]              // -> [pidr1 <= 0x00000004]
[22:22:48.813]            pidr2 = Read32(ROMTableBase + 0x0FE8);
[22:22:48.814]              // -> [Read32(0xE00FFFE8) => 0x0000000A]   (__dp=0x00000000, __ap=0x00000000)
[22:22:48.814]              // -> [pidr2 <= 0x0000000A]
[22:22:48.814]            jep106id = ((pidr2 & 0x7) << 4 ) | ((pidr1 >> 4) & 0xF);
[22:22:48.814]              // -> [jep106id <= 0x00000020]
[22:22:48.814]          </block>
[22:22:48.814]          <control if="jep106id != 0x20" while="" timeout="0" info="">
[22:22:48.814]            // if-block "jep106id != 0x20"
[22:22:48.814]              // =>  FALSE
[22:22:48.814]            // skip if-block "jep106id != 0x20"
[22:22:48.814]          </control>
[22:22:48.814]        </sequence>
[22:22:48.814]    </block>
[22:22:48.814]  </sequence>
[22:22:48.814]  
[22:22:48.814]  **********  Sequence "DebugCoreStart"  (Context="Target Access", Pname="", info="")
[22:22:48.814]  
[22:22:48.814]  <debugvars>
[22:22:48.814]    // Pre-defined
[22:22:48.814]    __protocol=0x00010002      (Protocol="SWD", SWJ-DP="True")
[22:22:48.814]    __connection=0x00000201    (Connection Type="Debug", Reset Type="System Reset")
[22:22:48.814]    __dp=0x00000000
[22:22:48.814]    __ap=0x00000000
[22:22:48.814]    __traceout=0x00000000      (Trace Disabled)
[22:22:48.815]    __errorcontrol=0x00000000  (Skip Errors="False")
[22:22:48.815]    __FlashAddr=0x00000000
[22:22:48.815]    __FlashLen=0x00000000
[22:22:48.815]    __FlashArg=0x00000000
[22:22:48.815]    __FlashOp=0x00000000
[22:22:48.815]    __Result=0x00000000
[22:22:48.815]    
[22:22:48.815]    // User-defined
[22:22:48.815]    DbgMCU_CR=0x00000007
[22:22:48.815]  </debugvars>
[22:22:48.815]  
[22:22:48.815]  <sequence name="DebugCoreStart" Pname="" disable="false" info="">
[22:22:48.815]    <block atomic="false" info="">
[22:22:48.815]      Write32(0xE000EDF0, 0xA05F0001);                                        // Enable Core Debug via DHCSR
[22:22:48.815]        // -> [Write32(0xE000EDF0, 0xA05F0001)]   (__dp=0x00000000, __ap=0x00000000)
[22:22:48.815]      Write32(0xE0042004, DbgMCU_CR);                                         // DBGMCU_CR: Configure MCU Debug
[22:22:48.816]        // -> [Write32(0xE0042004, 0x00000007)]   (__dp=0x00000000, __ap=0x00000000)
[22:22:48.816]    </block>
[22:22:48.816]  </sequence>
[22:22:48.816]  
[22:33:48.351]  **********  Sequence "DebugDeviceUnlock"  (Context="Target Access", Pname="", info="")
[22:33:48.351]  
[22:33:48.359]  <debugvars>
[22:33:48.359]    // Pre-defined
[22:33:48.359]    __protocol=0x00010002      (Protocol="SWD", SWJ-DP="True")
[22:33:48.359]    __connection=0x00000202    (Connection Type="Flash", Reset Type="System Reset")
[22:33:48.359]    __dp=0x00000000
[22:33:48.359]    __ap=0x00000000
[22:33:48.359]    __traceout=0x00000000      (Trace Disabled)
[22:33:48.359]    __errorcontrol=0x00000000  (Skip Errors="False")
[22:33:48.359]    __FlashAddr=0x00000000
[22:33:48.359]    __FlashLen=0x00000000
[22:33:48.359]    __FlashArg=0x00000000
[22:33:48.359]    __FlashOp=0x00000000
[22:33:48.359]    __Result=0x00000000
[22:33:48.359]    
[22:33:48.359]    // User-defined
[22:33:48.359]    DbgMCU_CR=0x00000007
[22:33:48.359]  </debugvars>
[22:33:48.359]  
[22:33:48.359]  <sequence name="DebugDeviceUnlock" Pname="" disable="false" info="">
[22:33:48.359]    <block atomic="false" info="">
[22:33:48.359]      Sequence("CheckID");
[22:33:48.360]        <sequence name="CheckID" Pname="" disable="false" info="">
[22:33:48.360]          <block atomic="false" info="">
[22:33:48.360]            __var pidr1 = 0;
[22:33:48.360]              // -> [pidr1 <= 0x00000000]
[22:33:48.360]            __var pidr2 = 0;
[22:33:48.360]              // -> [pidr2 <= 0x00000000]
[22:33:48.360]            __var jep106id = 0;
[22:33:48.360]              // -> [jep106id <= 0x00000000]
[22:33:48.360]            __var ROMTableBase = 0;
[22:33:48.360]              // -> [ROMTableBase <= 0x00000000]
[22:33:48.360]            __ap = 0;      // AHB-AP
[22:33:48.360]              // -> [__ap <= 0x00000000]
[22:33:48.360]            ROMTableBase = ReadAP(0xF8) & ~0x3;
[22:33:48.360]              // -> [ReadAP(0x000000F8) => 0xE00FF003]   (__dp=0x00000000, __ap=0x00000000)
[22:33:48.360]              // -> [ROMTableBase <= 0xE00FF000]
[22:33:48.361]            pidr1 = Read32(ROMTableBase + 0x0FE4);
[22:33:48.361]              // -> [Read32(0xE00FFFE4) => 0x00000004]   (__dp=0x00000000, __ap=0x00000000)
[22:33:48.361]              // -> [pidr1 <= 0x00000004]
[22:33:48.361]            pidr2 = Read32(ROMTableBase + 0x0FE8);
[22:33:48.361]              // -> [Read32(0xE00FFFE8) => 0x0000000A]   (__dp=0x00000000, __ap=0x00000000)
[22:33:48.361]              // -> [pidr2 <= 0x0000000A]
[22:33:48.362]            jep106id = ((pidr2 & 0x7) << 4 ) | ((pidr1 >> 4) & 0xF);
[22:33:48.362]              // -> [jep106id <= 0x00000020]
[22:33:48.362]          </block>
[22:33:48.362]          <control if="jep106id != 0x20" while="" timeout="0" info="">
[22:33:48.362]            // if-block "jep106id != 0x20"
[22:33:48.362]              // =>  FALSE
[22:33:48.362]            // skip if-block "jep106id != 0x20"
[22:33:48.362]          </control>
[22:33:48.362]        </sequence>
[22:33:48.362]    </block>
[22:33:48.362]  </sequence>
[22:33:48.362]  
[22:33:48.362]  **********  Sequence "DebugCoreStart"  (Context="Target Access", Pname="", info="")
[22:33:48.362]  
[22:33:48.362]  <debugvars>
[22:33:48.362]    // Pre-defined
[22:33:48.362]    __protocol=0x00010002      (Protocol="SWD", SWJ-DP="True")
[22:33:48.362]    __connection=0x00000202    (Connection Type="Flash", Reset Type="System Reset")
[22:33:48.362]    __dp=0x00000000
[22:33:48.362]    __ap=0x00000000
[22:33:48.362]    __traceout=0x00000000      (Trace Disabled)
[22:33:48.362]    __errorcontrol=0x00000000  (Skip Errors="False")
[22:33:48.362]    __FlashAddr=0x00000000
[22:33:48.362]    __FlashLen=0x00000000
[22:33:48.362]    __FlashArg=0x00000000
[22:33:48.362]    __FlashOp=0x00000000
[22:33:48.362]    __Result=0x00000000
[22:33:48.362]    
[22:33:48.362]    // User-defined
[22:33:48.362]    DbgMCU_CR=0x00000007
[22:33:48.363]  </debugvars>
[22:33:48.363]  
[22:33:48.363]  <sequence name="DebugCoreStart" Pname="" disable="false" info="">
[22:33:48.363]    <block atomic="false" info="">
[22:33:48.363]      Write32(0xE000EDF0, 0xA05F0001);                                        // Enable Core Debug via DHCSR
[22:33:48.363]        // -> [Write32(0xE000EDF0, 0xA05F0001)]   (__dp=0x00000000, __ap=0x00000000)
[22:33:48.363]      Write32(0xE0042004, DbgMCU_CR);                                         // DBGMCU_CR: Configure MCU Debug
[22:33:48.364]        // -> [Write32(0xE0042004, 0x00000007)]   (__dp=0x00000000, __ap=0x00000000)
[22:33:48.364]    </block>
[22:33:48.364]  </sequence>
[22:33:48.364]  
[22:33:56.822]  **********  Sequence "DebugDeviceUnlock"  (Context="Target Access", Pname="", info="")
[22:33:56.822]  
[22:33:56.829]  <debugvars>
[22:33:56.829]    // Pre-defined
[22:33:56.829]    __protocol=0x00010002      (Protocol="SWD", SWJ-DP="True")
[22:33:56.829]    __connection=0x00000202    (Connection Type="Flash", Reset Type="System Reset")
[22:33:56.829]    __dp=0x00000000
[22:33:56.829]    __ap=0x00000000
[22:33:56.829]    __traceout=0x00000000      (Trace Disabled)
[22:33:56.829]    __errorcontrol=0x00000000  (Skip Errors="False")
[22:33:56.829]    __FlashAddr=0x00000000
[22:33:56.830]    __FlashLen=0x00000000
[22:33:56.830]    __FlashArg=0x00000000
[22:33:56.830]    __FlashOp=0x00000000
[22:33:56.830]    __Result=0x00000000
[22:33:56.830]    
[22:33:56.830]    // User-defined
[22:33:56.830]    DbgMCU_CR=0x00000007
[22:33:56.830]  </debugvars>
[22:33:56.830]  
[22:33:56.830]  <sequence name="DebugDeviceUnlock" Pname="" disable="false" info="">
[22:33:56.830]    <block atomic="false" info="">
[22:33:56.830]      Sequence("CheckID");
[22:33:56.830]        <sequence name="CheckID" Pname="" disable="false" info="">
[22:33:56.830]          <block atomic="false" info="">
[22:33:56.830]            __var pidr1 = 0;
[22:33:56.830]              // -> [pidr1 <= 0x00000000]
[22:33:56.830]            __var pidr2 = 0;
[22:33:56.830]              // -> [pidr2 <= 0x00000000]
[22:33:56.830]            __var jep106id = 0;
[22:33:56.830]              // -> [jep106id <= 0x00000000]
[22:33:56.830]            __var ROMTableBase = 0;
[22:33:56.831]              // -> [ROMTableBase <= 0x00000000]
[22:33:56.831]            __ap = 0;      // AHB-AP
[22:33:56.831]              // -> [__ap <= 0x00000000]
[22:33:56.831]            ROMTableBase = ReadAP(0xF8) & ~0x3;
[22:33:56.831]              // -> [ReadAP(0x000000F8) => 0xE00FF003]   (__dp=0x00000000, __ap=0x00000000)
[22:33:56.831]              // -> [ROMTableBase <= 0xE00FF000]
[22:33:56.831]            pidr1 = Read32(ROMTableBase + 0x0FE4);
[22:33:56.832]              // -> [Read32(0xE00FFFE4) => 0x00000004]   (__dp=0x00000000, __ap=0x00000000)
[22:33:56.832]              // -> [pidr1 <= 0x00000004]
[22:33:56.832]            pidr2 = Read32(ROMTableBase + 0x0FE8);
[22:33:56.832]              // -> [Read32(0xE00FFFE8) => 0x0000000A]   (__dp=0x00000000, __ap=0x00000000)
[22:33:56.832]              // -> [pidr2 <= 0x0000000A]
[22:33:56.832]            jep106id = ((pidr2 & 0x7) << 4 ) | ((pidr1 >> 4) & 0xF);
[22:33:56.832]              // -> [jep106id <= 0x00000020]
[22:33:56.832]          </block>
[22:33:56.832]          <control if="jep106id != 0x20" while="" timeout="0" info="">
[22:33:56.832]            // if-block "jep106id != 0x20"
[22:33:56.832]              // =>  FALSE
[22:33:56.832]            // skip if-block "jep106id != 0x20"
[22:33:56.832]          </control>
[22:33:56.832]        </sequence>
[22:33:56.832]    </block>
[22:33:56.832]  </sequence>
[22:33:56.832]  
[22:33:56.832]  **********  Sequence "DebugCoreStart"  (Context="Target Access", Pname="", info="")
[22:33:56.832]  
[22:33:56.832]  <debugvars>
[22:33:56.832]    // Pre-defined
[22:33:56.832]    __protocol=0x00010002      (Protocol="SWD", SWJ-DP="True")
[22:33:56.832]    __connection=0x00000202    (Connection Type="Flash", Reset Type="System Reset")
[22:33:56.832]    __dp=0x00000000
[22:33:56.832]    __ap=0x00000000
[22:33:56.834]    __traceout=0x00000000      (Trace Disabled)
[22:33:56.834]    __errorcontrol=0x00000000  (Skip Errors="False")
[22:33:56.834]    __FlashAddr=0x00000000
[22:33:56.834]    __FlashLen=0x00000000
[22:33:56.834]    __FlashArg=0x00000000
[22:33:56.834]    __FlashOp=0x00000000
[22:33:56.834]    __Result=0x00000000
[22:33:56.834]    
[22:33:56.834]    // User-defined
[22:33:56.834]    DbgMCU_CR=0x00000007
[22:33:56.834]  </debugvars>
[22:33:56.834]  
[22:33:56.834]  <sequence name="DebugCoreStart" Pname="" disable="false" info="">
[22:33:56.834]    <block atomic="false" info="">
[22:33:56.834]      Write32(0xE000EDF0, 0xA05F0001);                                        // Enable Core Debug via DHCSR
[22:33:56.835]        // -> [Write32(0xE000EDF0, 0xA05F0001)]   (__dp=0x00000000, __ap=0x00000000)
[22:33:56.835]      Write32(0xE0042004, DbgMCU_CR);                                         // DBGMCU_CR: Configure MCU Debug
[22:33:56.835]        // -> [Write32(0xE0042004, 0x00000007)]   (__dp=0x00000000, __ap=0x00000000)
[22:33:56.835]    </block>
[22:33:56.835]  </sequence>
[22:33:56.835]  
[22:34:00.651]  **********  Sequence "DebugDeviceUnlock"  (Context="Target Access", Pname="", info="")
[22:34:00.651]  
[22:34:00.652]  <debugvars>
[22:34:00.652]    // Pre-defined
[22:34:00.652]    __protocol=0x00010002      (Protocol="SWD", SWJ-DP="True")
[22:34:00.652]    __connection=0x00000201    (Connection Type="Debug", Reset Type="System Reset")
[22:34:00.652]    __dp=0x00000000
[22:34:00.652]    __ap=0x00000000
[22:34:00.652]    __traceout=0x00000000      (Trace Disabled)
[22:34:00.652]    __errorcontrol=0x00000000  (Skip Errors="False")
[22:34:00.652]    __FlashAddr=0x00000000
[22:34:00.652]    __FlashLen=0x00000000
[22:34:00.652]    __FlashArg=0x00000000
[22:34:00.652]    __FlashOp=0x00000000
[22:34:00.652]    __Result=0x00000000
[22:34:00.652]    
[22:34:00.652]    // User-defined
[22:34:00.652]    DbgMCU_CR=0x00000007
[22:34:00.653]  </debugvars>
[22:34:00.653]  
[22:34:00.653]  <sequence name="DebugDeviceUnlock" Pname="" disable="false" info="">
[22:34:00.653]    <block atomic="false" info="">
[22:34:00.653]      Sequence("CheckID");
[22:34:00.653]        <sequence name="CheckID" Pname="" disable="false" info="">
[22:34:00.653]          <block atomic="false" info="">
[22:34:00.653]            __var pidr1 = 0;
[22:34:00.653]              // -> [pidr1 <= 0x00000000]
[22:34:00.653]            __var pidr2 = 0;
[22:34:00.653]              // -> [pidr2 <= 0x00000000]
[22:34:00.653]            __var jep106id = 0;
[22:34:00.653]              // -> [jep106id <= 0x00000000]
[22:34:00.653]            __var ROMTableBase = 0;
[22:34:00.653]              // -> [ROMTableBase <= 0x00000000]
[22:34:00.653]            __ap = 0;      // AHB-AP
[22:34:00.653]              // -> [__ap <= 0x00000000]
[22:34:00.653]            ROMTableBase = ReadAP(0xF8) & ~0x3;
[22:34:00.655]              // -> [ReadAP(0x000000F8) => 0xE00FF003]   (__dp=0x00000000, __ap=0x00000000)
[22:34:00.655]              // -> [ROMTableBase <= 0xE00FF000]
[22:34:00.655]            pidr1 = Read32(ROMTableBase + 0x0FE4);
[22:34:00.655]              // -> [Read32(0xE00FFFE4) => 0x00000004]   (__dp=0x00000000, __ap=0x00000000)
[22:34:00.655]              // -> [pidr1 <= 0x00000004]
[22:34:00.655]            pidr2 = Read32(ROMTableBase + 0x0FE8);
[22:34:00.656]              // -> [Read32(0xE00FFFE8) => 0x0000000A]   (__dp=0x00000000, __ap=0x00000000)
[22:34:00.656]              // -> [pidr2 <= 0x0000000A]
[22:34:00.656]            jep106id = ((pidr2 & 0x7) << 4 ) | ((pidr1 >> 4) & 0xF);
[22:34:00.656]              // -> [jep106id <= 0x00000020]
[22:34:00.656]          </block>
[22:34:00.656]          <control if="jep106id != 0x20" while="" timeout="0" info="">
[22:34:00.656]            // if-block "jep106id != 0x20"
[22:34:00.656]              // =>  FALSE
[22:34:00.656]            // skip if-block "jep106id != 0x20"
[22:34:00.656]          </control>
[22:34:00.656]        </sequence>
[22:34:00.656]    </block>
[22:34:00.656]  </sequence>
[22:34:00.656]  
[22:34:00.656]  **********  Sequence "DebugCoreStart"  (Context="Target Access", Pname="", info="")
[22:34:00.656]  
[22:34:00.657]  <debugvars>
[22:34:00.657]    // Pre-defined
[22:34:00.657]    __protocol=0x00010002      (Protocol="SWD", SWJ-DP="True")
[22:34:00.657]    __connection=0x00000201    (Connection Type="Debug", Reset Type="System Reset")
[22:34:00.657]    __dp=0x00000000
[22:34:00.657]    __ap=0x00000000
[22:34:00.657]    __traceout=0x00000000      (Trace Disabled)
[22:34:00.657]    __errorcontrol=0x00000000  (Skip Errors="False")
[22:34:00.657]    __FlashAddr=0x00000000
[22:34:00.657]    __FlashLen=0x00000000
[22:34:00.657]    __FlashArg=0x00000000
[22:34:00.657]    __FlashOp=0x00000000
[22:34:00.657]    __Result=0x00000000
[22:34:00.657]    
[22:34:00.657]    // User-defined
[22:34:00.657]    DbgMCU_CR=0x00000007
[22:34:00.657]  </debugvars>
[22:34:00.657]  
[22:34:00.657]  <sequence name="DebugCoreStart" Pname="" disable="false" info="">
[22:34:00.657]    <block atomic="false" info="">
[22:34:00.657]      Write32(0xE000EDF0, 0xA05F0001);                                        // Enable Core Debug via DHCSR
[22:34:00.658]        // -> [Write32(0xE000EDF0, 0xA05F0001)]   (__dp=0x00000000, __ap=0x00000000)
[22:34:00.658]      Write32(0xE0042004, DbgMCU_CR);                                         // DBGMCU_CR: Configure MCU Debug
[22:34:00.658]        // -> [Write32(0xE0042004, 0x00000007)]   (__dp=0x00000000, __ap=0x00000000)
[22:34:00.659]    </block>
[22:34:00.659]  </sequence>
[22:34:00.659]  
[22:36:09.981]  **********  Sequence "DebugDeviceUnlock"  (Context="Target Access", Pname="", info="")
[22:36:09.981]  
[22:36:09.988]  <debugvars>
[22:36:09.988]    // Pre-defined
[22:36:09.988]    __protocol=0x00010002      (Protocol="SWD", SWJ-DP="True")
[22:36:09.988]    __connection=0x00000202    (Connection Type="Flash", Reset Type="System Reset")
[22:36:09.988]    __dp=0x00000000
[22:36:09.988]    __ap=0x00000000
[22:36:09.988]    __traceout=0x00000000      (Trace Disabled)
[22:36:09.988]    __errorcontrol=0x00000000  (Skip Errors="False")
[22:36:09.989]    __FlashAddr=0x00000000
[22:36:09.989]    __FlashLen=0x00000000
[22:36:09.989]    __FlashArg=0x00000000
[22:36:09.989]    __FlashOp=0x00000000
[22:36:09.989]    __Result=0x00000000
[22:36:09.989]    
[22:36:09.989]    // User-defined
[22:36:09.989]    DbgMCU_CR=0x00000007
[22:36:09.989]  </debugvars>
[22:36:09.989]  
[22:36:09.989]  <sequence name="DebugDeviceUnlock" Pname="" disable="false" info="">
[22:36:09.989]    <block atomic="false" info="">
[22:36:09.989]      Sequence("CheckID");
[22:36:09.989]        <sequence name="CheckID" Pname="" disable="false" info="">
[22:36:09.989]          <block atomic="false" info="">
[22:36:09.989]            __var pidr1 = 0;
[22:36:09.989]              // -> [pidr1 <= 0x00000000]
[22:36:09.989]            __var pidr2 = 0;
[22:36:09.989]              // -> [pidr2 <= 0x00000000]
[22:36:09.989]            __var jep106id = 0;
[22:36:09.989]              // -> [jep106id <= 0x00000000]
[22:36:09.990]            __var ROMTableBase = 0;
[22:36:09.990]              // -> [ROMTableBase <= 0x00000000]
[22:36:09.990]            __ap = 0;      // AHB-AP
[22:36:09.990]              // -> [__ap <= 0x00000000]
[22:36:09.990]            ROMTableBase = ReadAP(0xF8) & ~0x3;
[22:36:09.990]              // -> [ReadAP(0x000000F8) => 0xE00FF003]   (__dp=0x00000000, __ap=0x00000000)
[22:36:09.990]              // -> [ROMTableBase <= 0xE00FF000]
[22:36:09.990]            pidr1 = Read32(ROMTableBase + 0x0FE4);
[22:36:09.990]              // -> [Read32(0xE00FFFE4) => 0x00000004]   (__dp=0x00000000, __ap=0x00000000)
[22:36:09.991]              // -> [pidr1 <= 0x00000004]
[22:36:09.991]            pidr2 = Read32(ROMTableBase + 0x0FE8);
[22:36:09.991]              // -> [Read32(0xE00FFFE8) => 0x0000000A]   (__dp=0x00000000, __ap=0x00000000)
[22:36:09.991]              // -> [pidr2 <= 0x0000000A]
[22:36:09.991]            jep106id = ((pidr2 & 0x7) << 4 ) | ((pidr1 >> 4) & 0xF);
[22:36:09.991]              // -> [jep106id <= 0x00000020]
[22:36:09.991]          </block>
[22:36:09.991]          <control if="jep106id != 0x20" while="" timeout="0" info="">
[22:36:09.991]            // if-block "jep106id != 0x20"
[22:36:09.991]              // =>  FALSE
[22:36:09.991]            // skip if-block "jep106id != 0x20"
[22:36:09.991]          </control>
[22:36:09.991]        </sequence>
[22:36:09.992]    </block>
[22:36:09.992]  </sequence>
[22:36:09.992]  
[22:36:09.992]  **********  Sequence "DebugCoreStart"  (Context="Target Access", Pname="", info="")
[22:36:09.992]  
[22:36:09.992]  <debugvars>
[22:36:09.992]    // Pre-defined
[22:36:09.992]    __protocol=0x00010002      (Protocol="SWD", SWJ-DP="True")
[22:36:09.992]    __connection=0x00000202    (Connection Type="Flash", Reset Type="System Reset")
[22:36:09.992]    __dp=0x00000000
[22:36:09.992]    __ap=0x00000000
[22:36:09.992]    __traceout=0x00000000      (Trace Disabled)
[22:36:09.992]    __errorcontrol=0x00000000  (Skip Errors="False")
[22:36:09.992]    __FlashAddr=0x00000000
[22:36:09.992]    __FlashLen=0x00000000
[22:36:09.992]    __FlashArg=0x00000000
[22:36:09.992]    __FlashOp=0x00000000
[22:36:09.992]    __Result=0x00000000
[22:36:09.992]    
[22:36:09.992]    // User-defined
[22:36:09.992]    DbgMCU_CR=0x00000007
[22:36:09.992]  </debugvars>
[22:36:09.992]  
[22:36:09.992]  <sequence name="DebugCoreStart" Pname="" disable="false" info="">
[22:36:09.992]    <block atomic="false" info="">
[22:36:09.992]      Write32(0xE000EDF0, 0xA05F0001);                                        // Enable Core Debug via DHCSR
[22:36:09.993]        // -> [Write32(0xE000EDF0, 0xA05F0001)]   (__dp=0x00000000, __ap=0x00000000)
[22:36:09.993]      Write32(0xE0042004, DbgMCU_CR);                                         // DBGMCU_CR: Configure MCU Debug
[22:36:09.993]        // -> [Write32(0xE0042004, 0x00000007)]   (__dp=0x00000000, __ap=0x00000000)
[22:36:09.993]    </block>
[22:36:09.994]  </sequence>
[22:36:09.994]  
[22:36:13.276]  **********  Sequence "DebugDeviceUnlock"  (Context="Target Access", Pname="", info="")
[22:36:13.276]  
[22:36:13.283]  <debugvars>
[22:36:13.283]    // Pre-defined
[22:36:13.284]    __protocol=0x00010002      (Protocol="SWD", SWJ-DP="True")
[22:36:13.284]    __connection=0x00000201    (Connection Type="Debug", Reset Type="System Reset")
[22:36:13.284]    __dp=0x00000000
[22:36:13.284]    __ap=0x00000000
[22:36:13.284]    __traceout=0x00000000      (Trace Disabled)
[22:36:13.284]    __errorcontrol=0x00000000  (Skip Errors="False")
[22:36:13.284]    __FlashAddr=0x00000000
[22:36:13.284]    __FlashLen=0x00000000
[22:36:13.284]    __FlashArg=0x00000000
[22:36:13.284]    __FlashOp=0x00000000
[22:36:13.284]    __Result=0x00000000
[22:36:13.284]    
[22:36:13.284]    // User-defined
[22:36:13.284]    DbgMCU_CR=0x00000007
[22:36:13.284]  </debugvars>
[22:36:13.284]  
[22:36:13.284]  <sequence name="DebugDeviceUnlock" Pname="" disable="false" info="">
[22:36:13.284]    <block atomic="false" info="">
[22:36:13.285]      Sequence("CheckID");
[22:36:13.285]        <sequence name="CheckID" Pname="" disable="false" info="">
[22:36:13.285]          <block atomic="false" info="">
[22:36:13.285]            __var pidr1 = 0;
[22:36:13.285]              // -> [pidr1 <= 0x00000000]
[22:36:13.285]            __var pidr2 = 0;
[22:36:13.285]              // -> [pidr2 <= 0x00000000]
[22:36:13.285]            __var jep106id = 0;
[22:36:13.285]              // -> [jep106id <= 0x00000000]
[22:36:13.285]            __var ROMTableBase = 0;
[22:36:13.285]              // -> [ROMTableBase <= 0x00000000]
[22:36:13.285]            __ap = 0;      // AHB-AP
[22:36:13.285]              // -> [__ap <= 0x00000000]
[22:36:13.285]            ROMTableBase = ReadAP(0xF8) & ~0x3;
[22:36:13.285]              // -> [ReadAP(0x000000F8) => 0xE00FF003]   (__dp=0x00000000, __ap=0x00000000)
[22:36:13.285]              // -> [ROMTableBase <= 0xE00FF000]
[22:36:13.286]            pidr1 = Read32(ROMTableBase + 0x0FE4);
[22:36:13.286]              // -> [Read32(0xE00FFFE4) => 0x00000004]   (__dp=0x00000000, __ap=0x00000000)
[22:36:13.286]              // -> [pidr1 <= 0x00000004]
[22:36:13.286]            pidr2 = Read32(ROMTableBase + 0x0FE8);
[22:36:13.287]              // -> [Read32(0xE00FFFE8) => 0x0000000A]   (__dp=0x00000000, __ap=0x00000000)
[22:36:13.287]              // -> [pidr2 <= 0x0000000A]
[22:36:13.287]            jep106id = ((pidr2 & 0x7) << 4 ) | ((pidr1 >> 4) & 0xF);
[22:36:13.287]              // -> [jep106id <= 0x00000020]
[22:36:13.287]          </block>
[22:36:13.287]          <control if="jep106id != 0x20" while="" timeout="0" info="">
[22:36:13.287]            // if-block "jep106id != 0x20"
[22:36:13.287]              // =>  FALSE
[22:36:13.287]            // skip if-block "jep106id != 0x20"
[22:36:13.287]          </control>
[22:36:13.287]        </sequence>
[22:36:13.287]    </block>
[22:36:13.288]  </sequence>
[22:36:13.288]  
[22:36:13.288]  **********  Sequence "DebugCoreStart"  (Context="Target Access", Pname="", info="")
[22:36:13.288]  
[22:36:13.288]  <debugvars>
[22:36:13.288]    // Pre-defined
[22:36:13.288]    __protocol=0x00010002      (Protocol="SWD", SWJ-DP="True")
[22:36:13.288]    __connection=0x00000201    (Connection Type="Debug", Reset Type="System Reset")
[22:36:13.288]    __dp=0x00000000
[22:36:13.288]    __ap=0x00000000
[22:36:13.288]    __traceout=0x00000000      (Trace Disabled)
[22:36:13.288]    __errorcontrol=0x00000000  (Skip Errors="False")
[22:36:13.288]    __FlashAddr=0x00000000
[22:36:13.288]    __FlashLen=0x00000000
[22:36:13.288]    __FlashArg=0x00000000
[22:36:13.288]    __FlashOp=0x00000000
[22:36:13.288]    __Result=0x00000000
[22:36:13.288]    
[22:36:13.288]    // User-defined
[22:36:13.289]    DbgMCU_CR=0x00000007
[22:36:13.289]  </debugvars>
[22:36:13.289]  
[22:36:13.289]  <sequence name="DebugCoreStart" Pname="" disable="false" info="">
[22:36:13.289]    <block atomic="false" info="">
[22:36:13.289]      Write32(0xE000EDF0, 0xA05F0001);                                        // Enable Core Debug via DHCSR
[22:36:13.289]        // -> [Write32(0xE000EDF0, 0xA05F0001)]   (__dp=0x00000000, __ap=0x00000000)
[22:36:13.289]      Write32(0xE0042004, DbgMCU_CR);                                         // DBGMCU_CR: Configure MCU Debug
[22:36:13.290]        // -> [Write32(0xE0042004, 0x00000007)]   (__dp=0x00000000, __ap=0x00000000)
[22:36:13.290]    </block>
[22:36:13.290]  </sequence>
[22:36:13.290]  
[22:41:41.728]  **********  Sequence "DebugDeviceUnlock"  (Context="Target Access", Pname="", info="")
[22:41:41.728]  
[22:41:41.735]  <debugvars>
[22:41:41.735]    // Pre-defined
[22:41:41.735]    __protocol=0x00010002      (Protocol="SWD", SWJ-DP="True")
[22:41:41.735]    __connection=0x00000202    (Connection Type="Flash", Reset Type="System Reset")
[22:41:41.735]    __dp=0x00000000
[22:41:41.735]    __ap=0x00000000
[22:41:41.735]    __traceout=0x00000000      (Trace Disabled)
[22:41:41.735]    __errorcontrol=0x00000000  (Skip Errors="False")
[22:41:41.735]    __FlashAddr=0x00000000
[22:41:41.735]    __FlashLen=0x00000000
[22:41:41.735]    __FlashArg=0x00000000
[22:41:41.735]    __FlashOp=0x00000000
[22:41:41.735]    __Result=0x00000000
[22:41:41.736]    
[22:41:41.736]    // User-defined
[22:41:41.736]    DbgMCU_CR=0x00000007
[22:41:41.736]  </debugvars>
[22:41:41.736]  
[22:41:41.736]  <sequence name="DebugDeviceUnlock" Pname="" disable="false" info="">
[22:41:41.736]    <block atomic="false" info="">
[22:41:41.736]      Sequence("CheckID");
[22:41:41.736]        <sequence name="CheckID" Pname="" disable="false" info="">
[22:41:41.736]          <block atomic="false" info="">
[22:41:41.736]            __var pidr1 = 0;
[22:41:41.736]              // -> [pidr1 <= 0x00000000]
[22:41:41.736]            __var pidr2 = 0;
[22:41:41.736]              // -> [pidr2 <= 0x00000000]
[22:41:41.736]            __var jep106id = 0;
[22:41:41.736]              // -> [jep106id <= 0x00000000]
[22:41:41.736]            __var ROMTableBase = 0;
[22:41:41.736]              // -> [ROMTableBase <= 0x00000000]
[22:41:41.736]            __ap = 0;      // AHB-AP
[22:41:41.736]              // -> [__ap <= 0x00000000]
[22:41:41.736]            ROMTableBase = ReadAP(0xF8) & ~0x3;
[22:41:41.737]              // -> [ReadAP(0x000000F8) => 0xE00FF003]   (__dp=0x00000000, __ap=0x00000000)
[22:41:41.737]              // -> [ROMTableBase <= 0xE00FF000]
[22:41:41.737]            pidr1 = Read32(ROMTableBase + 0x0FE4);
[22:41:41.737]              // -> [Read32(0xE00FFFE4) => 0x00000004]   (__dp=0x00000000, __ap=0x00000000)
[22:41:41.737]              // -> [pidr1 <= 0x00000004]
[22:41:41.737]            pidr2 = Read32(ROMTableBase + 0x0FE8);
[22:41:41.737]              // -> [Read32(0xE00FFFE8) => 0x0000000A]   (__dp=0x00000000, __ap=0x00000000)
[22:41:41.737]              // -> [pidr2 <= 0x0000000A]
[22:41:41.738]            jep106id = ((pidr2 & 0x7) << 4 ) | ((pidr1 >> 4) & 0xF);
[22:41:41.738]              // -> [jep106id <= 0x00000020]
[22:41:41.738]          </block>
[22:41:41.738]          <control if="jep106id != 0x20" while="" timeout="0" info="">
[22:41:41.738]            // if-block "jep106id != 0x20"
[22:41:41.738]              // =>  FALSE
[22:41:41.738]            // skip if-block "jep106id != 0x20"
[22:41:41.738]          </control>
[22:41:41.738]        </sequence>
[22:41:41.738]    </block>
[22:41:41.738]  </sequence>
[22:41:41.739]  
[22:41:41.739]  **********  Sequence "DebugCoreStart"  (Context="Target Access", Pname="", info="")
[22:41:41.739]  
[22:41:41.739]  <debugvars>
[22:41:41.739]    // Pre-defined
[22:41:41.739]    __protocol=0x00010002      (Protocol="SWD", SWJ-DP="True")
[22:41:41.739]    __connection=0x00000202    (Connection Type="Flash", Reset Type="System Reset")
[22:41:41.739]    __dp=0x00000000
[22:41:41.739]    __ap=0x00000000
[22:41:41.739]    __traceout=0x00000000      (Trace Disabled)
[22:41:41.739]    __errorcontrol=0x00000000  (Skip Errors="False")
[22:41:41.739]    __FlashAddr=0x00000000
[22:41:41.739]    __FlashLen=0x00000000
[22:41:41.739]    __FlashArg=0x00000000
[22:41:41.739]    __FlashOp=0x00000000
[22:41:41.739]    __Result=0x00000000
[22:41:41.739]    
[22:41:41.739]    // User-defined
[22:41:41.739]    DbgMCU_CR=0x00000007
[22:41:41.739]  </debugvars>
[22:41:41.739]  
[22:41:41.740]  <sequence name="DebugCoreStart" Pname="" disable="false" info="">
[22:41:41.740]    <block atomic="false" info="">
[22:41:41.740]      Write32(0xE000EDF0, 0xA05F0001);                                        // Enable Core Debug via DHCSR
[22:41:41.740]        // -> [Write32(0xE000EDF0, 0xA05F0001)]   (__dp=0x00000000, __ap=0x00000000)
[22:41:41.740]      Write32(0xE0042004, DbgMCU_CR);                                         // DBGMCU_CR: Configure MCU Debug
[22:41:41.741]        // -> [Write32(0xE0042004, 0x00000007)]   (__dp=0x00000000, __ap=0x00000000)
[22:41:41.741]    </block>
[22:41:41.741]  </sequence>
[22:41:41.741]  
[22:41:44.592]  **********  Sequence "DebugDeviceUnlock"  (Context="Target Access", Pname="", info="")
[22:41:44.592]  
[22:41:44.599]  <debugvars>
[22:41:44.599]    // Pre-defined
[22:41:44.599]    __protocol=0x00010002      (Protocol="SWD", SWJ-DP="True")
[22:41:44.599]    __connection=0x00000201    (Connection Type="Debug", Reset Type="System Reset")
[22:41:44.599]    __dp=0x00000000
[22:41:44.599]    __ap=0x00000000
[22:41:44.599]    __traceout=0x00000000      (Trace Disabled)
[22:41:44.599]    __errorcontrol=0x00000000  (Skip Errors="False")
[22:41:44.599]    __FlashAddr=0x00000000
[22:41:44.599]    __FlashLen=0x00000000
[22:41:44.599]    __FlashArg=0x00000000
[22:41:44.599]    __FlashOp=0x00000000
[22:41:44.599]    __Result=0x00000000
[22:41:44.599]    
[22:41:44.599]    // User-defined
[22:41:44.599]    DbgMCU_CR=0x00000007
[22:41:44.599]  </debugvars>
[22:41:44.600]  
[22:41:44.600]  <sequence name="DebugDeviceUnlock" Pname="" disable="false" info="">
[22:41:44.600]    <block atomic="false" info="">
[22:41:44.600]      Sequence("CheckID");
[22:41:44.600]        <sequence name="CheckID" Pname="" disable="false" info="">
[22:41:44.600]          <block atomic="false" info="">
[22:41:44.600]            __var pidr1 = 0;
[22:41:44.600]              // -> [pidr1 <= 0x00000000]
[22:41:44.600]            __var pidr2 = 0;
[22:41:44.600]              // -> [pidr2 <= 0x00000000]
[22:41:44.600]            __var jep106id = 0;
[22:41:44.600]              // -> [jep106id <= 0x00000000]
[22:41:44.600]            __var ROMTableBase = 0;
[22:41:44.600]              // -> [ROMTableBase <= 0x00000000]
[22:41:44.600]            __ap = 0;      // AHB-AP
[22:41:44.600]              // -> [__ap <= 0x00000000]
[22:41:44.600]            ROMTableBase = ReadAP(0xF8) & ~0x3;
[22:41:44.600]              // -> [ReadAP(0x000000F8) => 0xE00FF003]   (__dp=0x00000000, __ap=0x00000000)
[22:41:44.601]              // -> [ROMTableBase <= 0xE00FF000]
[22:41:44.601]            pidr1 = Read32(ROMTableBase + 0x0FE4);
[22:41:44.601]              // -> [Read32(0xE00FFFE4) => 0x00000004]   (__dp=0x00000000, __ap=0x00000000)
[22:41:44.601]              // -> [pidr1 <= 0x00000004]
[22:41:44.601]            pidr2 = Read32(ROMTableBase + 0x0FE8);
[22:41:44.601]              // -> [Read32(0xE00FFFE8) => 0x0000000A]   (__dp=0x00000000, __ap=0x00000000)
[22:41:44.601]              // -> [pidr2 <= 0x0000000A]
[22:41:44.601]            jep106id = ((pidr2 & 0x7) << 4 ) | ((pidr1 >> 4) & 0xF);
[22:41:44.601]              // -> [jep106id <= 0x00000020]
[22:41:44.602]          </block>
[22:41:44.602]          <control if="jep106id != 0x20" while="" timeout="0" info="">
[22:41:44.602]            // if-block "jep106id != 0x20"
[22:41:44.602]              // =>  FALSE
[22:41:44.602]            // skip if-block "jep106id != 0x20"
[22:41:44.602]          </control>
[22:41:44.602]        </sequence>
[22:41:44.602]    </block>
[22:41:44.602]  </sequence>
[22:41:44.602]  
[22:41:44.602]  **********  Sequence "DebugCoreStart"  (Context="Target Access", Pname="", info="")
[22:41:44.602]  
[22:41:44.602]  <debugvars>
[22:41:44.602]    // Pre-defined
[22:41:44.602]    __protocol=0x00010002      (Protocol="SWD", SWJ-DP="True")
[22:41:44.602]    __connection=0x00000201    (Connection Type="Debug", Reset Type="System Reset")
[22:41:44.602]    __dp=0x00000000
[22:41:44.602]    __ap=0x00000000
[22:41:44.602]    __traceout=0x00000000      (Trace Disabled)
[22:41:44.602]    __errorcontrol=0x00000000  (Skip Errors="False")
[22:41:44.602]    __FlashAddr=0x00000000
[22:41:44.602]    __FlashLen=0x00000000
[22:41:44.602]    __FlashArg=0x00000000
[22:41:44.602]    __FlashOp=0x00000000
[22:41:44.602]    __Result=0x00000000
[22:41:44.602]    
[22:41:44.602]    // User-defined
[22:41:44.602]    DbgMCU_CR=0x00000007
[22:41:44.602]  </debugvars>
[22:41:44.602]  
[22:41:44.603]  <sequence name="DebugCoreStart" Pname="" disable="false" info="">
[22:41:44.603]    <block atomic="false" info="">
[22:41:44.603]      Write32(0xE000EDF0, 0xA05F0001);                                        // Enable Core Debug via DHCSR
[22:41:44.603]        // -> [Write32(0xE000EDF0, 0xA05F0001)]   (__dp=0x00000000, __ap=0x00000000)
[22:41:44.603]      Write32(0xE0042004, DbgMCU_CR);                                         // DBGMCU_CR: Configure MCU Debug
[22:41:44.603]        // -> [Write32(0xE0042004, 0x00000007)]   (__dp=0x00000000, __ap=0x00000000)
[22:41:44.604]    </block>
[22:41:44.604]  </sequence>
[22:41:44.604]  
[22:44:36.233]  **********  Sequence "DebugDeviceUnlock"  (Context="Target Access", Pname="", info="")
[22:44:36.233]  
[22:44:36.240]  <debugvars>
[22:44:36.240]    // Pre-defined
[22:44:36.240]    __protocol=0x00010002      (Protocol="SWD", SWJ-DP="True")
[22:44:36.240]    __connection=0x00000202    (Connection Type="Flash", Reset Type="System Reset")
[22:44:36.240]    __dp=0x00000000
[22:44:36.240]    __ap=0x00000000
[22:44:36.240]    __traceout=0x00000000      (Trace Disabled)
[22:44:36.240]    __errorcontrol=0x00000000  (Skip Errors="False")
[22:44:36.240]    __FlashAddr=0x00000000
[22:44:36.240]    __FlashLen=0x00000000
[22:44:36.240]    __FlashArg=0x00000000
[22:44:36.240]    __FlashOp=0x00000000
[22:44:36.240]    __Result=0x00000000
[22:44:36.241]    
[22:44:36.241]    // User-defined
[22:44:36.241]    DbgMCU_CR=0x00000007
[22:44:36.241]  </debugvars>
[22:44:36.241]  
[22:44:36.242]  <sequence name="DebugDeviceUnlock" Pname="" disable="false" info="">
[22:44:36.242]    <block atomic="false" info="">
[22:44:36.242]      Sequence("CheckID");
[22:44:36.242]        <sequence name="CheckID" Pname="" disable="false" info="">
[22:44:36.242]          <block atomic="false" info="">
[22:44:36.242]            __var pidr1 = 0;
[22:44:36.242]              // -> [pidr1 <= 0x00000000]
[22:44:36.242]            __var pidr2 = 0;
[22:44:36.242]              // -> [pidr2 <= 0x00000000]
[22:44:36.242]            __var jep106id = 0;
[22:44:36.242]              // -> [jep106id <= 0x00000000]
[22:44:36.242]            __var ROMTableBase = 0;
[22:44:36.242]              // -> [ROMTableBase <= 0x00000000]
[22:44:36.242]            __ap = 0;      // AHB-AP
[22:44:36.243]              // -> [__ap <= 0x00000000]
[22:44:36.243]            ROMTableBase = ReadAP(0xF8) & ~0x3;
[22:44:36.243]              // -> [ReadAP(0x000000F8) => 0xE00FF003]   (__dp=0x00000000, __ap=0x00000000)
[22:44:36.243]              // -> [ROMTableBase <= 0xE00FF000]
[22:44:36.243]            pidr1 = Read32(ROMTableBase + 0x0FE4);
[22:44:36.244]              // -> [Read32(0xE00FFFE4) => 0x00000004]   (__dp=0x00000000, __ap=0x00000000)
[22:44:36.244]              // -> [pidr1 <= 0x00000004]
[22:44:36.244]            pidr2 = Read32(ROMTableBase + 0x0FE8);
[22:44:36.244]              // -> [Read32(0xE00FFFE8) => 0x0000000A]   (__dp=0x00000000, __ap=0x00000000)
[22:44:36.244]              // -> [pidr2 <= 0x0000000A]
[22:44:36.244]            jep106id = ((pidr2 & 0x7) << 4 ) | ((pidr1 >> 4) & 0xF);
[22:44:36.244]              // -> [jep106id <= 0x00000020]
[22:44:36.244]          </block>
[22:44:36.244]          <control if="jep106id != 0x20" while="" timeout="0" info="">
[22:44:36.245]            // if-block "jep106id != 0x20"
[22:44:36.245]              // =>  FALSE
[22:44:36.245]            // skip if-block "jep106id != 0x20"
[22:44:36.245]          </control>
[22:44:36.245]        </sequence>
[22:44:36.245]    </block>
[22:44:36.245]  </sequence>
[22:44:36.245]  
[22:44:36.245]  **********  Sequence "DebugCoreStart"  (Context="Target Access", Pname="", info="")
[22:44:36.245]  
[22:44:36.245]  <debugvars>
[22:44:36.245]    // Pre-defined
[22:44:36.245]    __protocol=0x00010002      (Protocol="SWD", SWJ-DP="True")
[22:44:36.245]    __connection=0x00000202    (Connection Type="Flash", Reset Type="System Reset")
[22:44:36.245]    __dp=0x00000000
[22:44:36.245]    __ap=0x00000000
[22:44:36.245]    __traceout=0x00000000      (Trace Disabled)
[22:44:36.245]    __errorcontrol=0x00000000  (Skip Errors="False")
[22:44:36.246]    __FlashAddr=0x00000000
[22:44:36.246]    __FlashLen=0x00000000
[22:44:36.246]    __FlashArg=0x00000000
[22:44:36.246]    __FlashOp=0x00000000
[22:44:36.246]    __Result=0x00000000
[22:44:36.246]    
[22:44:36.246]    // User-defined
[22:44:36.246]    DbgMCU_CR=0x00000007
[22:44:36.246]  </debugvars>
[22:44:36.246]  
[22:44:36.246]  <sequence name="DebugCoreStart" Pname="" disable="false" info="">
[22:44:36.246]    <block atomic="false" info="">
[22:44:36.246]      Write32(0xE000EDF0, 0xA05F0001);                                        // Enable Core Debug via DHCSR
[22:44:36.246]        // -> [Write32(0xE000EDF0, 0xA05F0001)]   (__dp=0x00000000, __ap=0x00000000)
[22:44:36.247]      Write32(0xE0042004, DbgMCU_CR);                                         // DBGMCU_CR: Configure MCU Debug
[22:44:36.247]        // -> [Write32(0xE0042004, 0x00000007)]   (__dp=0x00000000, __ap=0x00000000)
[22:44:36.247]    </block>
[22:44:36.247]  </sequence>
[22:44:36.247]  
[22:44:42.002]  **********  Sequence "DebugDeviceUnlock"  (Context="Target Access", Pname="", info="")
[22:44:42.002]  
[22:44:42.002]  <debugvars>
[22:44:42.002]    // Pre-defined
[22:44:42.003]    __protocol=0x00010002      (Protocol="SWD", SWJ-DP="True")
[22:44:42.003]    __connection=0x00000201    (Connection Type="Debug", Reset Type="System Reset")
[22:44:42.003]    __dp=0x00000000
[22:44:42.003]    __ap=0x00000000
[22:44:42.003]    __traceout=0x00000000      (Trace Disabled)
[22:44:42.003]    __errorcontrol=0x00000000  (Skip Errors="False")
[22:44:42.003]    __FlashAddr=0x00000000
[22:44:42.003]    __FlashLen=0x00000000
[22:44:42.003]    __FlashArg=0x00000000
[22:44:42.003]    __FlashOp=0x00000000
[22:44:42.003]    __Result=0x00000000
[22:44:42.003]    
[22:44:42.003]    // User-defined
[22:44:42.003]    DbgMCU_CR=0x00000007
[22:44:42.003]  </debugvars>
[22:44:42.003]  
[22:44:42.003]  <sequence name="DebugDeviceUnlock" Pname="" disable="false" info="">
[22:44:42.003]    <block atomic="false" info="">
[22:44:42.003]      Sequence("CheckID");
[22:44:42.003]        <sequence name="CheckID" Pname="" disable="false" info="">
[22:44:42.003]          <block atomic="false" info="">
[22:44:42.003]            __var pidr1 = 0;
[22:44:42.003]              // -> [pidr1 <= 0x00000000]
[22:44:42.003]            __var pidr2 = 0;
[22:44:42.003]              // -> [pidr2 <= 0x00000000]
[22:44:42.003]            __var jep106id = 0;
[22:44:42.004]              // -> [jep106id <= 0x00000000]
[22:44:42.004]            __var ROMTableBase = 0;
[22:44:42.004]              // -> [ROMTableBase <= 0x00000000]
[22:44:42.004]            __ap = 0;      // AHB-AP
[22:44:42.004]              // -> [__ap <= 0x00000000]
[22:44:42.004]            ROMTableBase = ReadAP(0xF8) & ~0x3;
[22:44:42.004]              // -> [ReadAP(0x000000F8) => 0xE00FF003]   (__dp=0x00000000, __ap=0x00000000)
[22:44:42.004]              // -> [ROMTableBase <= 0xE00FF000]
[22:44:42.004]            pidr1 = Read32(ROMTableBase + 0x0FE4);
[22:44:42.005]              // -> [Read32(0xE00FFFE4) => 0x00000004]   (__dp=0x00000000, __ap=0x00000000)
[22:44:42.005]              // -> [pidr1 <= 0x00000004]
[22:44:42.005]            pidr2 = Read32(ROMTableBase + 0x0FE8);
[22:44:42.005]              // -> [Read32(0xE00FFFE8) => 0x0000000A]   (__dp=0x00000000, __ap=0x00000000)
[22:44:42.005]              // -> [pidr2 <= 0x0000000A]
[22:44:42.005]            jep106id = ((pidr2 & 0x7) << 4 ) | ((pidr1 >> 4) & 0xF);
[22:44:42.005]              // -> [jep106id <= 0x00000020]
[22:44:42.005]          </block>
[22:44:42.005]          <control if="jep106id != 0x20" while="" timeout="0" info="">
[22:44:42.005]            // if-block "jep106id != 0x20"
[22:44:42.005]              // =>  FALSE
[22:44:42.005]            // skip if-block "jep106id != 0x20"
[22:44:42.005]          </control>
[22:44:42.005]        </sequence>
[22:44:42.006]    </block>
[22:44:42.006]  </sequence>
[22:44:42.006]  
[22:44:42.006]  **********  Sequence "DebugCoreStart"  (Context="Target Access", Pname="", info="")
[22:44:42.006]  
[22:44:42.006]  <debugvars>
[22:44:42.006]    // Pre-defined
[22:44:42.006]    __protocol=0x00010002      (Protocol="SWD", SWJ-DP="True")
[22:44:42.006]    __connection=0x00000201    (Connection Type="Debug", Reset Type="System Reset")
[22:44:42.006]    __dp=0x00000000
[22:44:42.006]    __ap=0x00000000
[22:44:42.006]    __traceout=0x00000000      (Trace Disabled)
[22:44:42.006]    __errorcontrol=0x00000000  (Skip Errors="False")
[22:44:42.006]    __FlashAddr=0x00000000
[22:44:42.006]    __FlashLen=0x00000000
[22:44:42.006]    __FlashArg=0x00000000
[22:44:42.006]    __FlashOp=0x00000000
[22:44:42.006]    __Result=0x00000000
[22:44:42.006]    
[22:44:42.006]    // User-defined
[22:44:42.006]    DbgMCU_CR=0x00000007
[22:44:42.006]  </debugvars>
[22:44:42.006]  
[22:44:42.006]  <sequence name="DebugCoreStart" Pname="" disable="false" info="">
[22:44:42.006]    <block atomic="false" info="">
[22:44:42.006]      Write32(0xE000EDF0, 0xA05F0001);                                        // Enable Core Debug via DHCSR
[22:44:42.007]        // -> [Write32(0xE000EDF0, 0xA05F0001)]   (__dp=0x00000000, __ap=0x00000000)
[22:44:42.007]      Write32(0xE0042004, DbgMCU_CR);                                         // DBGMCU_CR: Configure MCU Debug
[22:44:42.007]        // -> [Write32(0xE0042004, 0x00000007)]   (__dp=0x00000000, __ap=0x00000000)
[22:44:42.007]    </block>
[22:44:42.007]  </sequence>
[22:44:42.007]  
[23:45:01.127]  **********  Sequence "DebugDeviceUnlock"  (Context="Target Access", Pname="", info="")
[23:45:01.127]  
[23:45:01.134]  <debugvars>
[23:45:01.134]    // Pre-defined
[23:45:01.134]    __protocol=0x00010002      (Protocol="SWD", SWJ-DP="True")
[23:45:01.134]    __connection=0x00000202    (Connection Type="Flash", Reset Type="System Reset")
[23:45:01.134]    __dp=0x00000000
[23:45:01.135]    __ap=0x00000000
[23:45:01.135]    __traceout=0x00000000      (Trace Disabled)
[23:45:01.135]    __errorcontrol=0x00000000  (Skip Errors="False")
[23:45:01.135]    __FlashAddr=0x00000000
[23:45:01.135]    __FlashLen=0x00000000
[23:45:01.135]    __FlashArg=0x00000000
[23:45:01.135]    __FlashOp=0x00000000
[23:45:01.135]    __Result=0x00000000
[23:45:01.135]    
[23:45:01.135]    // User-defined
[23:45:01.135]    DbgMCU_CR=0x00000007
[23:45:01.135]  </debugvars>
[23:45:01.135]  
[23:45:01.135]  <sequence name="DebugDeviceUnlock" Pname="" disable="false" info="">
[23:45:01.135]    <block atomic="false" info="">
[23:45:01.135]      Sequence("CheckID");
[23:45:01.135]        <sequence name="CheckID" Pname="" disable="false" info="">
[23:45:01.135]          <block atomic="false" info="">
[23:45:01.135]            __var pidr1 = 0;
[23:45:01.135]              // -> [pidr1 <= 0x00000000]
[23:45:01.135]            __var pidr2 = 0;
[23:45:01.135]              // -> [pidr2 <= 0x00000000]
[23:45:01.136]            __var jep106id = 0;
[23:45:01.136]              // -> [jep106id <= 0x00000000]
[23:45:01.136]            __var ROMTableBase = 0;
[23:45:01.136]              // -> [ROMTableBase <= 0x00000000]
[23:45:01.136]            __ap = 0;      // AHB-AP
[23:45:01.136]              // -> [__ap <= 0x00000000]
[23:45:01.136]            ROMTableBase = ReadAP(0xF8) & ~0x3;
[23:45:01.136]              // -> [ReadAP(0x000000F8) => 0xE00FF003]   (__dp=0x00000000, __ap=0x00000000)
[23:45:01.136]              // -> [ROMTableBase <= 0xE00FF000]
[23:45:01.136]            pidr1 = Read32(ROMTableBase + 0x0FE4);
[23:45:01.137]              // -> [Read32(0xE00FFFE4) => 0x00000004]   (__dp=0x00000000, __ap=0x00000000)
[23:45:01.137]              // -> [pidr1 <= 0x00000004]
[23:45:01.137]            pidr2 = Read32(ROMTableBase + 0x0FE8);
[23:45:01.137]              // -> [Read32(0xE00FFFE8) => 0x0000000A]   (__dp=0x00000000, __ap=0x00000000)
[23:45:01.137]              // -> [pidr2 <= 0x0000000A]
[23:45:01.137]            jep106id = ((pidr2 & 0x7) << 4 ) | ((pidr1 >> 4) & 0xF);
[23:45:01.137]              // -> [jep106id <= 0x00000020]
[23:45:01.137]          </block>
[23:45:01.137]          <control if="jep106id != 0x20" while="" timeout="0" info="">
[23:45:01.137]            // if-block "jep106id != 0x20"
[23:45:01.137]              // =>  FALSE
[23:45:01.137]            // skip if-block "jep106id != 0x20"
[23:45:01.137]          </control>
[23:45:01.137]        </sequence>
[23:45:01.138]    </block>
[23:45:01.138]  </sequence>
[23:45:01.138]  
[23:45:01.138]  **********  Sequence "DebugCoreStart"  (Context="Target Access", Pname="", info="")
[23:45:01.138]  
[23:45:01.138]  <debugvars>
[23:45:01.138]    // Pre-defined
[23:45:01.138]    __protocol=0x00010002      (Protocol="SWD", SWJ-DP="True")
[23:45:01.138]    __connection=0x00000202    (Connection Type="Flash", Reset Type="System Reset")
[23:45:01.138]    __dp=0x00000000
[23:45:01.138]    __ap=0x00000000
[23:45:01.138]    __traceout=0x00000000      (Trace Disabled)
[23:45:01.138]    __errorcontrol=0x00000000  (Skip Errors="False")
[23:45:01.138]    __FlashAddr=0x00000000
[23:45:01.138]    __FlashLen=0x00000000
[23:45:01.138]    __FlashArg=0x00000000
[23:45:01.138]    __FlashOp=0x00000000
[23:45:01.138]    __Result=0x00000000
[23:45:01.138]    
[23:45:01.138]    // User-defined
[23:45:01.138]    DbgMCU_CR=0x00000007
[23:45:01.138]  </debugvars>
[23:45:01.138]  
[23:45:01.138]  <sequence name="DebugCoreStart" Pname="" disable="false" info="">
[23:45:01.138]    <block atomic="false" info="">
[23:45:01.139]      Write32(0xE000EDF0, 0xA05F0001);                                        // Enable Core Debug via DHCSR
[23:45:01.139]        // -> [Write32(0xE000EDF0, 0xA05F0001)]   (__dp=0x00000000, __ap=0x00000000)
[23:45:01.139]      Write32(0xE0042004, DbgMCU_CR);                                         // DBGMCU_CR: Configure MCU Debug
[23:45:01.139]        // -> [Write32(0xE0042004, 0x00000007)]   (__dp=0x00000000, __ap=0x00000000)
[23:45:01.140]    </block>
[23:45:01.140]  </sequence>
[23:45:01.140]  
[23:46:59.609]  **********  Sequence "DebugDeviceUnlock"  (Context="Target Access", Pname="", info="")
[23:46:59.609]  
[23:46:59.616]  <debugvars>
[23:46:59.616]    // Pre-defined
[23:46:59.616]    __protocol=0x00010002      (Protocol="SWD", SWJ-DP="True")
[23:46:59.616]    __connection=0x00000202    (Connection Type="Flash", Reset Type="System Reset")
[23:46:59.616]    __dp=0x00000000
[23:46:59.616]    __ap=0x00000000
[23:46:59.616]    __traceout=0x00000000      (Trace Disabled)
[23:46:59.616]    __errorcontrol=0x00000000  (Skip Errors="False")
[23:46:59.616]    __FlashAddr=0x00000000
[23:46:59.616]    __FlashLen=0x00000000
[23:46:59.616]    __FlashArg=0x00000000
[23:46:59.617]    __FlashOp=0x00000000
[23:46:59.617]    __Result=0x00000000
[23:46:59.617]    
[23:46:59.617]    // User-defined
[23:46:59.617]    DbgMCU_CR=0x00000007
[23:46:59.617]  </debugvars>
[23:46:59.617]  
[23:46:59.617]  <sequence name="DebugDeviceUnlock" Pname="" disable="false" info="">
[23:46:59.617]    <block atomic="false" info="">
[23:46:59.617]      Sequence("CheckID");
[23:46:59.617]        <sequence name="CheckID" Pname="" disable="false" info="">
[23:46:59.617]          <block atomic="false" info="">
[23:46:59.617]            __var pidr1 = 0;
[23:46:59.617]              // -> [pidr1 <= 0x00000000]
[23:46:59.617]            __var pidr2 = 0;
[23:46:59.617]              // -> [pidr2 <= 0x00000000]
[23:46:59.617]            __var jep106id = 0;
[23:46:59.617]              // -> [jep106id <= 0x00000000]
[23:46:59.617]            __var ROMTableBase = 0;
[23:46:59.617]              // -> [ROMTableBase <= 0x00000000]
[23:46:59.617]            __ap = 0;      // AHB-AP
[23:46:59.617]              // -> [__ap <= 0x00000000]
[23:46:59.617]            ROMTableBase = ReadAP(0xF8) & ~0x3;
[23:46:59.618]              // -> [ReadAP(0x000000F8) => 0xE00FF003]   (__dp=0x00000000, __ap=0x00000000)
[23:46:59.618]              // -> [ROMTableBase <= 0xE00FF000]
[23:46:59.618]            pidr1 = Read32(ROMTableBase + 0x0FE4);
[23:46:59.618]              // -> [Read32(0xE00FFFE4) => 0x00000004]   (__dp=0x00000000, __ap=0x00000000)
[23:46:59.618]              // -> [pidr1 <= 0x00000004]
[23:46:59.618]            pidr2 = Read32(ROMTableBase + 0x0FE8);
[23:46:59.619]              // -> [Read32(0xE00FFFE8) => 0x0000000A]   (__dp=0x00000000, __ap=0x00000000)
[23:46:59.619]              // -> [pidr2 <= 0x0000000A]
[23:46:59.619]            jep106id = ((pidr2 & 0x7) << 4 ) | ((pidr1 >> 4) & 0xF);
[23:46:59.619]              // -> [jep106id <= 0x00000020]
[23:46:59.619]          </block>
[23:46:59.619]          <control if="jep106id != 0x20" while="" timeout="0" info="">
[23:46:59.619]            // if-block "jep106id != 0x20"
[23:46:59.619]              // =>  FALSE
[23:46:59.619]            // skip if-block "jep106id != 0x20"
[23:46:59.619]          </control>
[23:46:59.619]        </sequence>
[23:46:59.619]    </block>
[23:46:59.619]  </sequence>
[23:46:59.619]  
[23:46:59.619]  **********  Sequence "DebugCoreStart"  (Context="Target Access", Pname="", info="")
[23:46:59.619]  
[23:46:59.619]  <debugvars>
[23:46:59.619]    // Pre-defined
[23:46:59.619]    __protocol=0x00010002      (Protocol="SWD", SWJ-DP="True")
[23:46:59.619]    __connection=0x00000202    (Connection Type="Flash", Reset Type="System Reset")
[23:46:59.619]    __dp=0x00000000
[23:46:59.619]    __ap=0x00000000
[23:46:59.619]    __traceout=0x00000000      (Trace Disabled)
[23:46:59.620]    __errorcontrol=0x00000000  (Skip Errors="False")
[23:46:59.620]    __FlashAddr=0x00000000
[23:46:59.620]    __FlashLen=0x00000000
[23:46:59.620]    __FlashArg=0x00000000
[23:46:59.620]    __FlashOp=0x00000000
[23:46:59.620]    __Result=0x00000000
[23:46:59.620]    
[23:46:59.620]    // User-defined
[23:46:59.620]    DbgMCU_CR=0x00000007
[23:46:59.620]  </debugvars>
[23:46:59.620]  
[23:46:59.620]  <sequence name="DebugCoreStart" Pname="" disable="false" info="">
[23:46:59.620]    <block atomic="false" info="">
[23:46:59.620]      Write32(0xE000EDF0, 0xA05F0001);                                        // Enable Core Debug via DHCSR
[23:46:59.620]        // -> [Write32(0xE000EDF0, 0xA05F0001)]   (__dp=0x00000000, __ap=0x00000000)
[23:46:59.620]      Write32(0xE0042004, DbgMCU_CR);                                         // DBGMCU_CR: Configure MCU Debug
[23:46:59.621]        // -> [Write32(0xE0042004, 0x00000007)]   (__dp=0x00000000, __ap=0x00000000)
[23:46:59.621]    </block>
[23:46:59.621]  </sequence>
[23:46:59.622]  
[23:47:30.348]  **********  Sequence "DebugDeviceUnlock"  (Context="Target Access", Pname="", info="")
[23:47:30.348]  
[23:47:30.355]  <debugvars>
[23:47:30.355]    // Pre-defined
[23:47:30.355]    __protocol=0x00010002      (Protocol="SWD", SWJ-DP="True")
[23:47:30.355]    __connection=0x00000202    (Connection Type="Flash", Reset Type="System Reset")
[23:47:30.355]    __dp=0x00000000
[23:47:30.355]    __ap=0x00000000
[23:47:30.355]    __traceout=0x00000000      (Trace Disabled)
[23:47:30.355]    __errorcontrol=0x00000000  (Skip Errors="False")
[23:47:30.355]    __FlashAddr=0x00000000
[23:47:30.355]    __FlashLen=0x00000000
[23:47:30.355]    __FlashArg=0x00000000
[23:47:30.355]    __FlashOp=0x00000000
[23:47:30.355]    __Result=0x00000000
[23:47:30.356]    
[23:47:30.356]    // User-defined
[23:47:30.356]    DbgMCU_CR=0x00000007
[23:47:30.356]  </debugvars>
[23:47:30.356]  
[23:47:30.356]  <sequence name="DebugDeviceUnlock" Pname="" disable="false" info="">
[23:47:30.356]    <block atomic="false" info="">
[23:47:30.356]      Sequence("CheckID");
[23:47:30.356]        <sequence name="CheckID" Pname="" disable="false" info="">
[23:47:30.356]          <block atomic="false" info="">
[23:47:30.356]            __var pidr1 = 0;
[23:47:30.356]              // -> [pidr1 <= 0x00000000]
[23:47:30.356]            __var pidr2 = 0;
[23:47:30.357]              // -> [pidr2 <= 0x00000000]
[23:47:30.357]            __var jep106id = 0;
[23:47:30.357]              // -> [jep106id <= 0x00000000]
[23:47:30.357]            __var ROMTableBase = 0;
[23:47:30.357]              // -> [ROMTableBase <= 0x00000000]
[23:47:30.357]            __ap = 0;      // AHB-AP
[23:47:30.357]              // -> [__ap <= 0x00000000]
[23:47:30.357]            ROMTableBase = ReadAP(0xF8) & ~0x3;
[23:47:30.357]              // -> [ReadAP(0x000000F8) => 0xE00FF003]   (__dp=0x00000000, __ap=0x00000000)
[23:47:30.357]              // -> [ROMTableBase <= 0xE00FF000]
[23:47:30.357]            pidr1 = Read32(ROMTableBase + 0x0FE4);
[23:47:30.358]              // -> [Read32(0xE00FFFE4) => 0x00000004]   (__dp=0x00000000, __ap=0x00000000)
[23:47:30.358]              // -> [pidr1 <= 0x00000004]
[23:47:30.358]            pidr2 = Read32(ROMTableBase + 0x0FE8);
[23:47:30.358]              // -> [Read32(0xE00FFFE8) => 0x0000000A]   (__dp=0x00000000, __ap=0x00000000)
[23:47:30.358]              // -> [pidr2 <= 0x0000000A]
[23:47:30.358]            jep106id = ((pidr2 & 0x7) << 4 ) | ((pidr1 >> 4) & 0xF);
[23:47:30.358]              // -> [jep106id <= 0x00000020]
[23:47:30.358]          </block>
[23:47:30.358]          <control if="jep106id != 0x20" while="" timeout="0" info="">
[23:47:30.358]            // if-block "jep106id != 0x20"
[23:47:30.359]              // =>  FALSE
[23:47:30.359]            // skip if-block "jep106id != 0x20"
[23:47:30.359]          </control>
[23:47:30.359]        </sequence>
[23:47:30.359]    </block>
[23:47:30.359]  </sequence>
[23:47:30.359]  
[23:47:30.359]  **********  Sequence "DebugCoreStart"  (Context="Target Access", Pname="", info="")
[23:47:30.359]  
[23:47:30.359]  <debugvars>
[23:47:30.359]    // Pre-defined
[23:47:30.359]    __protocol=0x00010002      (Protocol="SWD", SWJ-DP="True")
[23:47:30.359]    __connection=0x00000202    (Connection Type="Flash", Reset Type="System Reset")
[23:47:30.359]    __dp=0x00000000
[23:47:30.359]    __ap=0x00000000
[23:47:30.359]    __traceout=0x00000000      (Trace Disabled)
[23:47:30.359]    __errorcontrol=0x00000000  (Skip Errors="False")
[23:47:30.359]    __FlashAddr=0x00000000
[23:47:30.359]    __FlashLen=0x00000000
[23:47:30.359]    __FlashArg=0x00000000
[23:47:30.359]    __FlashOp=0x00000000
[23:47:30.359]    __Result=0x00000000
[23:47:30.359]    
[23:47:30.359]    // User-defined
[23:47:30.359]    DbgMCU_CR=0x00000007
[23:47:30.359]  </debugvars>
[23:47:30.360]  
[23:47:30.360]  <sequence name="DebugCoreStart" Pname="" disable="false" info="">
[23:47:30.360]    <block atomic="false" info="">
[23:47:30.360]      Write32(0xE000EDF0, 0xA05F0001);                                        // Enable Core Debug via DHCSR
[23:47:30.360]        // -> [Write32(0xE000EDF0, 0xA05F0001)]   (__dp=0x00000000, __ap=0x00000000)
[23:47:30.360]      Write32(0xE0042004, DbgMCU_CR);                                         // DBGMCU_CR: Configure MCU Debug
[23:47:30.361]        // -> [Write32(0xE0042004, 0x00000007)]   (__dp=0x00000000, __ap=0x00000000)
[23:47:30.361]    </block>
[23:47:30.361]  </sequence>
[23:47:30.361]  
[23:47:38.272]  **********  Sequence "DebugDeviceUnlock"  (Context="Target Access", Pname="", info="")
[23:47:38.272]  
[23:47:38.272]  <debugvars>
[23:47:38.272]    // Pre-defined
[23:47:38.272]    __protocol=0x00010002      (Protocol="SWD", SWJ-DP="True")
[23:47:38.272]    __connection=0x00000202    (Connection Type="Flash", Reset Type="System Reset")
[23:47:38.272]    __dp=0x00000000
[23:47:38.272]    __ap=0x00000000
[23:47:38.272]    __traceout=0x00000000      (Trace Disabled)
[23:47:38.272]    __errorcontrol=0x00000000  (Skip Errors="False")
[23:47:38.272]    __FlashAddr=0x00000000
[23:47:38.272]    __FlashLen=0x00000000
[23:47:38.272]    __FlashArg=0x00000000
[23:47:38.272]    __FlashOp=0x00000000
[23:47:38.272]    __Result=0x00000000
[23:47:38.272]    
[23:47:38.272]    // User-defined
[23:47:38.272]    DbgMCU_CR=0x00000007
[23:47:38.272]  </debugvars>
[23:47:38.272]  
[23:47:38.272]  <sequence name="DebugDeviceUnlock" Pname="" disable="false" info="">
[23:47:38.272]    <block atomic="false" info="">
[23:47:38.273]      Sequence("CheckID");
[23:47:38.273]        <sequence name="CheckID" Pname="" disable="false" info="">
[23:47:38.273]          <block atomic="false" info="">
[23:47:38.273]            __var pidr1 = 0;
[23:47:38.273]              // -> [pidr1 <= 0x00000000]
[23:47:38.273]            __var pidr2 = 0;
[23:47:38.273]              // -> [pidr2 <= 0x00000000]
[23:47:38.273]            __var jep106id = 0;
[23:47:38.273]              // -> [jep106id <= 0x00000000]
[23:47:38.273]            __var ROMTableBase = 0;
[23:47:38.273]              // -> [ROMTableBase <= 0x00000000]
[23:47:38.273]            __ap = 0;      // AHB-AP
[23:47:38.273]              // -> [__ap <= 0x00000000]
[23:47:38.273]            ROMTableBase = ReadAP(0xF8) & ~0x3;
[23:47:38.273]              // -> [ReadAP(0x000000F8) => 0xE00FF003]   (__dp=0x00000000, __ap=0x00000000)
[23:47:38.273]              // -> [ROMTableBase <= 0xE00FF000]
[23:47:38.273]            pidr1 = Read32(ROMTableBase + 0x0FE4);
[23:47:38.274]              // -> [Read32(0xE00FFFE4) => 0x00000004]   (__dp=0x00000000, __ap=0x00000000)
[23:47:38.274]              // -> [pidr1 <= 0x00000004]
[23:47:38.274]            pidr2 = Read32(ROMTableBase + 0x0FE8);
[23:47:38.274]              // -> [Read32(0xE00FFFE8) => 0x0000000A]   (__dp=0x00000000, __ap=0x00000000)
[23:47:38.274]              // -> [pidr2 <= 0x0000000A]
[23:47:38.274]            jep106id = ((pidr2 & 0x7) << 4 ) | ((pidr1 >> 4) & 0xF);
[23:47:38.274]              // -> [jep106id <= 0x00000020]
[23:47:38.274]          </block>
[23:47:38.274]          <control if="jep106id != 0x20" while="" timeout="0" info="">
[23:47:38.274]            // if-block "jep106id != 0x20"
[23:47:38.274]              // =>  FALSE
[23:47:38.274]            // skip if-block "jep106id != 0x20"
[23:47:38.274]          </control>
[23:47:38.275]        </sequence>
[23:47:38.275]    </block>
[23:47:38.275]  </sequence>
[23:47:38.275]  
[23:47:38.275]  **********  Sequence "DebugCoreStart"  (Context="Target Access", Pname="", info="")
[23:47:38.275]  
[23:47:38.275]  <debugvars>
[23:47:38.275]    // Pre-defined
[23:47:38.275]    __protocol=0x00010002      (Protocol="SWD", SWJ-DP="True")
[23:47:38.275]    __connection=0x00000202    (Connection Type="Flash", Reset Type="System Reset")
[23:47:38.275]    __dp=0x00000000
[23:47:38.275]    __ap=0x00000000
[23:47:38.275]    __traceout=0x00000000      (Trace Disabled)
[23:47:38.275]    __errorcontrol=0x00000000  (Skip Errors="False")
[23:47:38.275]    __FlashAddr=0x00000000
[23:47:38.275]    __FlashLen=0x00000000
[23:47:38.275]    __FlashArg=0x00000000
[23:47:38.275]    __FlashOp=0x00000000
[23:47:38.275]    __Result=0x00000000
[23:47:38.275]    
[23:47:38.275]    // User-defined
[23:47:38.275]    DbgMCU_CR=0x00000007
[23:47:38.275]  </debugvars>
[23:47:38.275]  
[23:47:38.275]  <sequence name="DebugCoreStart" Pname="" disable="false" info="">
[23:47:38.275]    <block atomic="false" info="">
[23:47:38.275]      Write32(0xE000EDF0, 0xA05F0001);                                        // Enable Core Debug via DHCSR
[23:47:38.276]        // -> [Write32(0xE000EDF0, 0xA05F0001)]   (__dp=0x00000000, __ap=0x00000000)
[23:47:38.276]      Write32(0xE0042004, DbgMCU_CR);                                         // DBGMCU_CR: Configure MCU Debug
[23:47:38.276]        // -> [Write32(0xE0042004, 0x00000007)]   (__dp=0x00000000, __ap=0x00000000)
[23:47:38.276]    </block>
[23:47:38.276]  </sequence>
[23:47:38.276]  
[23:48:01.738]  **********  Sequence "DebugDeviceUnlock"  (Context="Target Access", Pname="", info="")
[23:48:01.738]  
[23:48:01.746]  <debugvars>
[23:48:01.746]    // Pre-defined
[23:48:01.746]    __protocol=0x00010002      (Protocol="SWD", SWJ-DP="True")
[23:48:01.746]    __connection=0x00000202    (Connection Type="Flash", Reset Type="System Reset")
[23:48:01.746]    __dp=0x00000000
[23:48:01.746]    __ap=0x00000000
[23:48:01.746]    __traceout=0x00000000      (Trace Disabled)
[23:48:01.746]    __errorcontrol=0x00000000  (Skip Errors="False")
[23:48:01.746]    __FlashAddr=0x00000000
[23:48:01.746]    __FlashLen=0x00000000
[23:48:01.746]    __FlashArg=0x00000000
[23:48:01.747]    __FlashOp=0x00000000
[23:48:01.747]    __Result=0x00000000
[23:48:01.747]    
[23:48:01.747]    // User-defined
[23:48:01.747]    DbgMCU_CR=0x00000007
[23:48:01.747]  </debugvars>
[23:48:01.747]  
[23:48:01.747]  <sequence name="DebugDeviceUnlock" Pname="" disable="false" info="">
[23:48:01.747]    <block atomic="false" info="">
[23:48:01.747]      Sequence("CheckID");
[23:48:01.747]        <sequence name="CheckID" Pname="" disable="false" info="">
[23:48:01.747]          <block atomic="false" info="">
[23:48:01.747]            __var pidr1 = 0;
[23:48:01.747]              // -> [pidr1 <= 0x00000000]
[23:48:01.747]            __var pidr2 = 0;
[23:48:01.747]              // -> [pidr2 <= 0x00000000]
[23:48:01.747]            __var jep106id = 0;
[23:48:01.747]              // -> [jep106id <= 0x00000000]
[23:48:01.747]            __var ROMTableBase = 0;
[23:48:01.747]              // -> [ROMTableBase <= 0x00000000]
[23:48:01.747]            __ap = 0;      // AHB-AP
[23:48:01.747]              // -> [__ap <= 0x00000000]
[23:48:01.747]            ROMTableBase = ReadAP(0xF8) & ~0x3;
[23:48:01.748]              // -> [ReadAP(0x000000F8) => 0xE00FF003]   (__dp=0x00000000, __ap=0x00000000)
[23:48:01.748]              // -> [ROMTableBase <= 0xE00FF000]
[23:48:01.748]            pidr1 = Read32(ROMTableBase + 0x0FE4);
[23:48:01.748]              // -> [Read32(0xE00FFFE4) => 0x00000004]   (__dp=0x00000000, __ap=0x00000000)
[23:48:01.748]              // -> [pidr1 <= 0x00000004]
[23:48:01.748]            pidr2 = Read32(ROMTableBase + 0x0FE8);
[23:48:01.749]              // -> [Read32(0xE00FFFE8) => 0x0000000A]   (__dp=0x00000000, __ap=0x00000000)
[23:48:01.749]              // -> [pidr2 <= 0x0000000A]
[23:48:01.749]            jep106id = ((pidr2 & 0x7) << 4 ) | ((pidr1 >> 4) & 0xF);
[23:48:01.749]              // -> [jep106id <= 0x00000020]
[23:48:01.749]          </block>
[23:48:01.749]          <control if="jep106id != 0x20" while="" timeout="0" info="">
[23:48:01.749]            // if-block "jep106id != 0x20"
[23:48:01.749]              // =>  FALSE
[23:48:01.749]            // skip if-block "jep106id != 0x20"
[23:48:01.749]          </control>
[23:48:01.749]        </sequence>
[23:48:01.749]    </block>
[23:48:01.749]  </sequence>
[23:48:01.749]  
[23:48:01.749]  **********  Sequence "DebugCoreStart"  (Context="Target Access", Pname="", info="")
[23:48:01.749]  
[23:48:01.749]  <debugvars>
[23:48:01.749]    // Pre-defined
[23:48:01.749]    __protocol=0x00010002      (Protocol="SWD", SWJ-DP="True")
[23:48:01.749]    __connection=0x00000202    (Connection Type="Flash", Reset Type="System Reset")
[23:48:01.749]    __dp=0x00000000
[23:48:01.749]    __ap=0x00000000
[23:48:01.749]    __traceout=0x00000000      (Trace Disabled)
[23:48:01.750]    __errorcontrol=0x00000000  (Skip Errors="False")
[23:48:01.750]    __FlashAddr=0x00000000
[23:48:01.750]    __FlashLen=0x00000000
[23:48:01.750]    __FlashArg=0x00000000
[23:48:01.750]    __FlashOp=0x00000000
[23:48:01.750]    __Result=0x00000000
[23:48:01.750]    
[23:48:01.750]    // User-defined
[23:48:01.750]    DbgMCU_CR=0x00000007
[23:48:01.750]  </debugvars>
[23:48:01.750]  
[23:48:01.750]  <sequence name="DebugCoreStart" Pname="" disable="false" info="">
[23:48:01.750]    <block atomic="false" info="">
[23:48:01.750]      Write32(0xE000EDF0, 0xA05F0001);                                        // Enable Core Debug via DHCSR
[23:48:01.750]        // -> [Write32(0xE000EDF0, 0xA05F0001)]   (__dp=0x00000000, __ap=0x00000000)
[23:48:01.751]      Write32(0xE0042004, DbgMCU_CR);                                         // DBGMCU_CR: Configure MCU Debug
[23:48:01.752]        // -> [Write32(0xE0042004, 0x00000007)]   (__dp=0x00000000, __ap=0x00000000)
[23:48:01.752]    </block>
[23:48:01.752]  </sequence>
[23:48:01.752]  
[23:49:34.127]  **********  Sequence "DebugDeviceUnlock"  (Context="Target Access", Pname="", info="")
[23:49:34.127]  
[23:49:34.134]  <debugvars>
[23:49:34.134]    // Pre-defined
[23:49:34.134]    __protocol=0x00010002      (Protocol="SWD", SWJ-DP="True")
[23:49:34.134]    __connection=0x00000202    (Connection Type="Flash", Reset Type="System Reset")
[23:49:34.134]    __dp=0x00000000
[23:49:34.134]    __ap=0x00000000
[23:49:34.134]    __traceout=0x00000000      (Trace Disabled)
[23:49:34.134]    __errorcontrol=0x00000000  (Skip Errors="False")
[23:49:34.134]    __FlashAddr=0x00000000
[23:49:34.135]    __FlashLen=0x00000000
[23:49:34.135]    __FlashArg=0x00000000
[23:49:34.135]    __FlashOp=0x00000000
[23:49:34.135]    __Result=0x00000000
[23:49:34.135]    
[23:49:34.135]    // User-defined
[23:49:34.135]    DbgMCU_CR=0x00000007
[23:49:34.135]  </debugvars>
[23:49:34.135]  
[23:49:34.135]  <sequence name="DebugDeviceUnlock" Pname="" disable="false" info="">
[23:49:34.135]    <block atomic="false" info="">
[23:49:34.135]      Sequence("CheckID");
[23:49:34.135]        <sequence name="CheckID" Pname="" disable="false" info="">
[23:49:34.135]          <block atomic="false" info="">
[23:49:34.135]            __var pidr1 = 0;
[23:49:34.135]              // -> [pidr1 <= 0x00000000]
[23:49:34.135]            __var pidr2 = 0;
[23:49:34.135]              // -> [pidr2 <= 0x00000000]
[23:49:34.135]            __var jep106id = 0;
[23:49:34.135]              // -> [jep106id <= 0x00000000]
[23:49:34.135]            __var ROMTableBase = 0;
[23:49:34.135]              // -> [ROMTableBase <= 0x00000000]
[23:49:34.135]            __ap = 0;      // AHB-AP
[23:49:34.135]              // -> [__ap <= 0x00000000]
[23:49:34.135]            ROMTableBase = ReadAP(0xF8) & ~0x3;
[23:49:34.136]              // -> [ReadAP(0x000000F8) => 0xE00FF003]   (__dp=0x00000000, __ap=0x00000000)
[23:49:34.136]              // -> [ROMTableBase <= 0xE00FF000]
[23:49:34.136]            pidr1 = Read32(ROMTableBase + 0x0FE4);
[23:49:34.136]              // -> [Read32(0xE00FFFE4) => 0x00000004]   (__dp=0x00000000, __ap=0x00000000)
[23:49:34.136]              // -> [pidr1 <= 0x00000004]
[23:49:34.136]            pidr2 = Read32(ROMTableBase + 0x0FE8);
[23:49:34.137]              // -> [Read32(0xE00FFFE8) => 0x0000000A]   (__dp=0x00000000, __ap=0x00000000)
[23:49:34.137]              // -> [pidr2 <= 0x0000000A]
[23:49:34.137]            jep106id = ((pidr2 & 0x7) << 4 ) | ((pidr1 >> 4) & 0xF);
[23:49:34.137]              // -> [jep106id <= 0x00000020]
[23:49:34.137]          </block>
[23:49:34.137]          <control if="jep106id != 0x20" while="" timeout="0" info="">
[23:49:34.137]            // if-block "jep106id != 0x20"
[23:49:34.137]              // =>  FALSE
[23:49:34.137]            // skip if-block "jep106id != 0x20"
[23:49:34.137]          </control>
[23:49:34.137]        </sequence>
[23:49:34.137]    </block>
[23:49:34.137]  </sequence>
[23:49:34.137]  
[23:49:34.137]  **********  Sequence "DebugCoreStart"  (Context="Target Access", Pname="", info="")
[23:49:34.137]  
[23:49:34.138]  <debugvars>
[23:49:34.138]    // Pre-defined
[23:49:34.138]    __protocol=0x00010002      (Protocol="SWD", SWJ-DP="True")
[23:49:34.138]    __connection=0x00000202    (Connection Type="Flash", Reset Type="System Reset")
[23:49:34.138]    __dp=0x00000000
[23:49:34.138]    __ap=0x00000000
[23:49:34.138]    __traceout=0x00000000      (Trace Disabled)
[23:49:34.138]    __errorcontrol=0x00000000  (Skip Errors="False")
[23:49:34.138]    __FlashAddr=0x00000000
[23:49:34.138]    __FlashLen=0x00000000
[23:49:34.138]    __FlashArg=0x00000000
[23:49:34.138]    __FlashOp=0x00000000
[23:49:34.138]    __Result=0x00000000
[23:49:34.138]    
[23:49:34.138]    // User-defined
[23:49:34.138]    DbgMCU_CR=0x00000007
[23:49:34.138]  </debugvars>
[23:49:34.138]  
[23:49:34.138]  <sequence name="DebugCoreStart" Pname="" disable="false" info="">
[23:49:34.138]    <block atomic="false" info="">
[23:49:34.139]      Write32(0xE000EDF0, 0xA05F0001);                                        // Enable Core Debug via DHCSR
[23:49:34.139]        // -> [Write32(0xE000EDF0, 0xA05F0001)]   (__dp=0x00000000, __ap=0x00000000)
[23:49:34.139]      Write32(0xE0042004, DbgMCU_CR);                                         // DBGMCU_CR: Configure MCU Debug
[23:49:34.140]        // -> [Write32(0xE0042004, 0x00000007)]   (__dp=0x00000000, __ap=0x00000000)
[23:49:34.140]    </block>
[23:49:34.140]  </sequence>
[23:49:34.140]  
[23:50:56.901]  **********  Sequence "DebugDeviceUnlock"  (Context="Target Access", Pname="", info="")
[23:50:56.901]  
[23:50:56.908]  <debugvars>
[23:50:56.908]    // Pre-defined
[23:50:56.908]    __protocol=0x00010002      (Protocol="SWD", SWJ-DP="True")
[23:50:56.908]    __connection=0x00000202    (Connection Type="Flash", Reset Type="System Reset")
[23:50:56.908]    __dp=0x00000000
[23:50:56.908]    __ap=0x00000000
[23:50:56.908]    __traceout=0x00000000      (Trace Disabled)
[23:50:56.908]    __errorcontrol=0x00000000  (Skip Errors="False")
[23:50:56.908]    __FlashAddr=0x00000000
[23:50:56.909]    __FlashLen=0x00000000
[23:50:56.909]    __FlashArg=0x00000000
[23:50:56.909]    __FlashOp=0x00000000
[23:50:56.909]    __Result=0x00000000
[23:50:56.909]    
[23:50:56.909]    // User-defined
[23:50:56.909]    DbgMCU_CR=0x00000007
[23:50:56.909]  </debugvars>
[23:50:56.909]  
[23:50:56.909]  <sequence name="DebugDeviceUnlock" Pname="" disable="false" info="">
[23:50:56.909]    <block atomic="false" info="">
[23:50:56.909]      Sequence("CheckID");
[23:50:56.909]        <sequence name="CheckID" Pname="" disable="false" info="">
[23:50:56.909]          <block atomic="false" info="">
[23:50:56.909]            __var pidr1 = 0;
[23:50:56.909]              // -> [pidr1 <= 0x00000000]
[23:50:56.909]            __var pidr2 = 0;
[23:50:56.909]              // -> [pidr2 <= 0x00000000]
[23:50:56.909]            __var jep106id = 0;
[23:50:56.909]              // -> [jep106id <= 0x00000000]
[23:50:56.909]            __var ROMTableBase = 0;
[23:50:56.910]              // -> [ROMTableBase <= 0x00000000]
[23:50:56.910]            __ap = 0;      // AHB-AP
[23:50:56.910]              // -> [__ap <= 0x00000000]
[23:50:56.910]            ROMTableBase = ReadAP(0xF8) & ~0x3;
[23:50:56.910]              // -> [ReadAP(0x000000F8) => 0xE00FF003]   (__dp=0x00000000, __ap=0x00000000)
[23:50:56.910]              // -> [ROMTableBase <= 0xE00FF000]
[23:50:56.910]            pidr1 = Read32(ROMTableBase + 0x0FE4);
[23:50:56.910]              // -> [Read32(0xE00FFFE4) => 0x00000004]   (__dp=0x00000000, __ap=0x00000000)
[23:50:56.910]              // -> [pidr1 <= 0x00000004]
[23:50:56.911]            pidr2 = Read32(ROMTableBase + 0x0FE8);
[23:50:56.911]              // -> [Read32(0xE00FFFE8) => 0x0000000A]   (__dp=0x00000000, __ap=0x00000000)
[23:50:56.911]              // -> [pidr2 <= 0x0000000A]
[23:50:56.911]            jep106id = ((pidr2 & 0x7) << 4 ) | ((pidr1 >> 4) & 0xF);
[23:50:56.911]              // -> [jep106id <= 0x00000020]
[23:50:56.911]          </block>
[23:50:56.911]          <control if="jep106id != 0x20" while="" timeout="0" info="">
[23:50:56.911]            // if-block "jep106id != 0x20"
[23:50:56.911]              // =>  FALSE
[23:50:56.911]            // skip if-block "jep106id != 0x20"
[23:50:56.911]          </control>
[23:50:56.911]        </sequence>
[23:50:56.912]    </block>
[23:50:56.912]  </sequence>
[23:50:56.912]  
[23:50:56.912]  **********  Sequence "DebugCoreStart"  (Context="Target Access", Pname="", info="")
[23:50:56.912]  
[23:50:56.912]  <debugvars>
[23:50:56.912]    // Pre-defined
[23:50:56.912]    __protocol=0x00010002      (Protocol="SWD", SWJ-DP="True")
[23:50:56.912]    __connection=0x00000202    (Connection Type="Flash", Reset Type="System Reset")
[23:50:56.912]    __dp=0x00000000
[23:50:56.912]    __ap=0x00000000
[23:50:56.912]    __traceout=0x00000000      (Trace Disabled)
[23:50:56.912]    __errorcontrol=0x00000000  (Skip Errors="False")
[23:50:56.912]    __FlashAddr=0x00000000
[23:50:56.912]    __FlashLen=0x00000000
[23:50:56.912]    __FlashArg=0x00000000
[23:50:56.912]    __FlashOp=0x00000000
[23:50:56.912]    __Result=0x00000000
[23:50:56.912]    
[23:50:56.912]    // User-defined
[23:50:56.912]    DbgMCU_CR=0x00000007
[23:50:56.912]  </debugvars>
[23:50:56.912]  
[23:50:56.912]  <sequence name="DebugCoreStart" Pname="" disable="false" info="">
[23:50:56.912]    <block atomic="false" info="">
[23:50:56.913]      Write32(0xE000EDF0, 0xA05F0001);                                        // Enable Core Debug via DHCSR
[23:50:56.913]        // -> [Write32(0xE000EDF0, 0xA05F0001)]   (__dp=0x00000000, __ap=0x00000000)
[23:50:56.913]      Write32(0xE0042004, DbgMCU_CR);                                         // DBGMCU_CR: Configure MCU Debug
[23:50:56.914]        // -> [Write32(0xE0042004, 0x00000007)]   (__dp=0x00000000, __ap=0x00000000)
[23:50:56.914]    </block>
[23:50:56.914]  </sequence>
[23:50:56.914]  
[23:51:05.914]  **********  Sequence "DebugDeviceUnlock"  (Context="Target Access", Pname="", info="")
[23:51:05.914]  
[23:51:05.920]  <debugvars>
[23:51:05.920]    // Pre-defined
[23:51:05.920]    __protocol=0x00010002      (Protocol="SWD", SWJ-DP="True")
[23:51:05.921]    __connection=0x00000202    (Connection Type="Flash", Reset Type="System Reset")
[23:51:05.921]    __dp=0x00000000
[23:51:05.921]    __ap=0x00000000
[23:51:05.921]    __traceout=0x00000000      (Trace Disabled)
[23:51:05.921]    __errorcontrol=0x00000000  (Skip Errors="False")
[23:51:05.921]    __FlashAddr=0x00000000
[23:51:05.921]    __FlashLen=0x00000000
[23:51:05.921]    __FlashArg=0x00000000
[23:51:05.921]    __FlashOp=0x00000000
[23:51:05.921]    __Result=0x00000000
[23:51:05.921]    
[23:51:05.921]    // User-defined
[23:51:05.921]    DbgMCU_CR=0x00000007
[23:51:05.921]  </debugvars>
[23:51:05.921]  
[23:51:05.921]  <sequence name="DebugDeviceUnlock" Pname="" disable="false" info="">
[23:51:05.921]    <block atomic="false" info="">
[23:51:05.921]      Sequence("CheckID");
[23:51:05.921]        <sequence name="CheckID" Pname="" disable="false" info="">
[23:51:05.921]          <block atomic="false" info="">
[23:51:05.921]            __var pidr1 = 0;
[23:51:05.921]              // -> [pidr1 <= 0x00000000]
[23:51:05.921]            __var pidr2 = 0;
[23:51:05.922]              // -> [pidr2 <= 0x00000000]
[23:51:05.922]            __var jep106id = 0;
[23:51:05.922]              // -> [jep106id <= 0x00000000]
[23:51:05.922]            __var ROMTableBase = 0;
[23:51:05.922]              // -> [ROMTableBase <= 0x00000000]
[23:51:05.922]            __ap = 0;      // AHB-AP
[23:51:05.922]              // -> [__ap <= 0x00000000]
[23:51:05.922]            ROMTableBase = ReadAP(0xF8) & ~0x3;
[23:51:05.922]              // -> [ReadAP(0x000000F8) => 0xE00FF003]   (__dp=0x00000000, __ap=0x00000000)
[23:51:05.922]              // -> [ROMTableBase <= 0xE00FF000]
[23:51:05.922]            pidr1 = Read32(ROMTableBase + 0x0FE4);
[23:51:05.922]              // -> [Read32(0xE00FFFE4) => 0x00000004]   (__dp=0x00000000, __ap=0x00000000)
[23:51:05.922]              // -> [pidr1 <= 0x00000004]
[23:51:05.922]            pidr2 = Read32(ROMTableBase + 0x0FE8);
[23:51:05.924]              // -> [Read32(0xE00FFFE8) => 0x0000000A]   (__dp=0x00000000, __ap=0x00000000)
[23:51:05.924]              // -> [pidr2 <= 0x0000000A]
[23:51:05.924]            jep106id = ((pidr2 & 0x7) << 4 ) | ((pidr1 >> 4) & 0xF);
[23:51:05.924]              // -> [jep106id <= 0x00000020]
[23:51:05.924]          </block>
[23:51:05.924]          <control if="jep106id != 0x20" while="" timeout="0" info="">
[23:51:05.924]            // if-block "jep106id != 0x20"
[23:51:05.924]              // =>  FALSE
[23:51:05.924]            // skip if-block "jep106id != 0x20"
[23:51:05.924]          </control>
[23:51:05.924]        </sequence>
[23:51:05.924]    </block>
[23:51:05.924]  </sequence>
[23:51:05.924]  
[23:51:05.924]  **********  Sequence "DebugCoreStart"  (Context="Target Access", Pname="", info="")
[23:51:05.924]  
[23:51:05.924]  <debugvars>
[23:51:05.924]    // Pre-defined
[23:51:05.924]    __protocol=0x00010002      (Protocol="SWD", SWJ-DP="True")
[23:51:05.925]    __connection=0x00000202    (Connection Type="Flash", Reset Type="System Reset")
[23:51:05.925]    __dp=0x00000000
[23:51:05.925]    __ap=0x00000000
[23:51:05.925]    __traceout=0x00000000      (Trace Disabled)
[23:51:05.925]    __errorcontrol=0x00000000  (Skip Errors="False")
[23:51:05.925]    __FlashAddr=0x00000000
[23:51:05.925]    __FlashLen=0x00000000
[23:51:05.925]    __FlashArg=0x00000000
[23:51:05.925]    __FlashOp=0x00000000
[23:51:05.925]    __Result=0x00000000
[23:51:05.925]    
[23:51:05.925]    // User-defined
[23:51:05.925]    DbgMCU_CR=0x00000007
[23:51:05.925]  </debugvars>
[23:51:05.925]  
[23:51:05.925]  <sequence name="DebugCoreStart" Pname="" disable="false" info="">
[23:51:05.925]    <block atomic="false" info="">
[23:51:05.925]      Write32(0xE000EDF0, 0xA05F0001);                                        // Enable Core Debug via DHCSR
[23:51:05.926]        // -> [Write32(0xE000EDF0, 0xA05F0001)]   (__dp=0x00000000, __ap=0x00000000)
[23:51:05.926]      Write32(0xE0042004, DbgMCU_CR);                                         // DBGMCU_CR: Configure MCU Debug
[23:51:05.926]        // -> [Write32(0xE0042004, 0x00000007)]   (__dp=0x00000000, __ap=0x00000000)
[23:51:05.926]    </block>
[23:51:05.926]  </sequence>
[23:51:05.926]  
[23:56:16.165]  **********  Sequence "DebugDeviceUnlock"  (Context="Target Access", Pname="", info="")
[23:56:16.165]  
[23:56:16.165]  <debugvars>
[23:56:16.165]    // Pre-defined
[23:56:16.165]    __protocol=0x00010002      (Protocol="SWD", SWJ-DP="True")
[23:56:16.165]    __connection=0x00000202    (Connection Type="Flash", Reset Type="System Reset")
[23:56:16.165]    __dp=0x00000000
[23:56:16.165]    __ap=0x00000000
[23:56:16.165]    __traceout=0x00000000      (Trace Disabled)
[23:56:16.165]    __errorcontrol=0x00000000  (Skip Errors="False")
[23:56:16.165]    __FlashAddr=0x00000000
[23:56:16.165]    __FlashLen=0x00000000
[23:56:16.165]    __FlashArg=0x00000000
[23:56:16.165]    __FlashOp=0x00000000
[23:56:16.166]    __Result=0x00000000
[23:56:16.166]    
[23:56:16.166]    // User-defined
[23:56:16.166]    DbgMCU_CR=0x00000007
[23:56:16.166]  </debugvars>
[23:56:16.166]  
[23:56:16.166]  <sequence name="DebugDeviceUnlock" Pname="" disable="false" info="">
[23:56:16.166]    <block atomic="false" info="">
[23:56:16.166]      Sequence("CheckID");
[23:56:16.166]        <sequence name="CheckID" Pname="" disable="false" info="">
[23:56:16.166]          <block atomic="false" info="">
[23:56:16.166]            __var pidr1 = 0;
[23:56:16.166]              // -> [pidr1 <= 0x00000000]
[23:56:16.166]            __var pidr2 = 0;
[23:56:16.166]              // -> [pidr2 <= 0x00000000]
[23:56:16.166]            __var jep106id = 0;
[23:56:16.166]              // -> [jep106id <= 0x00000000]
[23:56:16.167]            __var ROMTableBase = 0;
[23:56:16.167]              // -> [ROMTableBase <= 0x00000000]
[23:56:16.167]            __ap = 0;      // AHB-AP
[23:56:16.167]              // -> [__ap <= 0x00000000]
[23:56:16.167]            ROMTableBase = ReadAP(0xF8) & ~0x3;
[23:56:16.167]              // -> [ReadAP(0x000000F8) => 0xE00FF003]   (__dp=0x00000000, __ap=0x00000000)
[23:56:16.167]              // -> [ROMTableBase <= 0xE00FF000]
[23:56:16.167]            pidr1 = Read32(ROMTableBase + 0x0FE4);
[23:56:16.167]              // -> [Read32(0xE00FFFE4) => 0x00000004]   (__dp=0x00000000, __ap=0x00000000)
[23:56:16.168]              // -> [pidr1 <= 0x00000004]
[23:56:16.168]            pidr2 = Read32(ROMTableBase + 0x0FE8);
[23:56:16.168]              // -> [Read32(0xE00FFFE8) => 0x0000000A]   (__dp=0x00000000, __ap=0x00000000)
[23:56:16.168]              // -> [pidr2 <= 0x0000000A]
[23:56:16.168]            jep106id = ((pidr2 & 0x7) << 4 ) | ((pidr1 >> 4) & 0xF);
[23:56:16.168]              // -> [jep106id <= 0x00000020]
[23:56:16.168]          </block>
[23:56:16.168]          <control if="jep106id != 0x20" while="" timeout="0" info="">
[23:56:16.168]            // if-block "jep106id != 0x20"
[23:56:16.169]              // =>  FALSE
[23:56:16.169]            // skip if-block "jep106id != 0x20"
[23:56:16.169]          </control>
[23:56:16.169]        </sequence>
[23:56:16.169]    </block>
[23:56:16.169]  </sequence>
[23:56:16.169]  
[23:56:16.169]  **********  Sequence "DebugCoreStart"  (Context="Target Access", Pname="", info="")
[23:56:16.169]  
[23:56:16.169]  <debugvars>
[23:56:16.169]    // Pre-defined
[23:56:16.169]    __protocol=0x00010002      (Protocol="SWD", SWJ-DP="True")
[23:56:16.169]    __connection=0x00000202    (Connection Type="Flash", Reset Type="System Reset")
[23:56:16.169]    __dp=0x00000000
[23:56:16.169]    __ap=0x00000000
[23:56:16.169]    __traceout=0x00000000      (Trace Disabled)
[23:56:16.169]    __errorcontrol=0x00000000  (Skip Errors="False")
[23:56:16.169]    __FlashAddr=0x00000000
[23:56:16.169]    __FlashLen=0x00000000
[23:56:16.169]    __FlashArg=0x00000000
[23:56:16.169]    __FlashOp=0x00000000
[23:56:16.169]    __Result=0x00000000
[23:56:16.169]    
[23:56:16.169]    // User-defined
[23:56:16.169]    DbgMCU_CR=0x00000007
[23:56:16.169]  </debugvars>
[23:56:16.169]  
[23:56:16.170]  <sequence name="DebugCoreStart" Pname="" disable="false" info="">
[23:56:16.170]    <block atomic="false" info="">
[23:56:16.170]      Write32(0xE000EDF0, 0xA05F0001);                                        // Enable Core Debug via DHCSR
[23:56:16.170]        // -> [Write32(0xE000EDF0, 0xA05F0001)]   (__dp=0x00000000, __ap=0x00000000)
[23:56:16.170]      Write32(0xE0042004, DbgMCU_CR);                                         // DBGMCU_CR: Configure MCU Debug
[23:56:16.171]        // -> [Write32(0xE0042004, 0x00000007)]   (__dp=0x00000000, __ap=0x00000000)
[23:56:16.171]    </block>
[23:56:16.171]  </sequence>
[23:56:16.171]  
[23:57:35.661]  **********  Sequence "DebugDeviceUnlock"  (Context="Target Access", Pname="", info="")
[23:57:35.661]  
[23:57:35.661]  <debugvars>
[23:57:35.661]    // Pre-defined
[23:57:35.661]    __protocol=0x00010002      (Protocol="SWD", SWJ-DP="True")
[23:57:35.661]    __connection=0x00000202    (Connection Type="Flash", Reset Type="System Reset")
[23:57:35.661]    __dp=0x00000000
[23:57:35.661]    __ap=0x00000000
[23:57:35.661]    __traceout=0x00000000      (Trace Disabled)
[23:57:35.661]    __errorcontrol=0x00000000  (Skip Errors="False")
[23:57:35.661]    __FlashAddr=0x00000000
[23:57:35.661]    __FlashLen=0x00000000
[23:57:35.661]    __FlashArg=0x00000000
[23:57:35.661]    __FlashOp=0x00000000
[23:57:35.661]    __Result=0x00000000
[23:57:35.661]    
[23:57:35.661]    // User-defined
[23:57:35.661]    DbgMCU_CR=0x00000007
[23:57:35.661]  </debugvars>
[23:57:35.663]  
[23:57:35.663]  <sequence name="DebugDeviceUnlock" Pname="" disable="false" info="">
[23:57:35.663]    <block atomic="false" info="">
[23:57:35.663]      Sequence("CheckID");
[23:57:35.663]        <sequence name="CheckID" Pname="" disable="false" info="">
[23:57:35.663]          <block atomic="false" info="">
[23:57:35.663]            __var pidr1 = 0;
[23:57:35.663]              // -> [pidr1 <= 0x00000000]
[23:57:35.663]            __var pidr2 = 0;
[23:57:35.663]              // -> [pidr2 <= 0x00000000]
[23:57:35.663]            __var jep106id = 0;
[23:57:35.663]              // -> [jep106id <= 0x00000000]
[23:57:35.663]            __var ROMTableBase = 0;
[23:57:35.663]              // -> [ROMTableBase <= 0x00000000]
[23:57:35.663]            __ap = 0;      // AHB-AP
[23:57:35.663]              // -> [__ap <= 0x00000000]
[23:57:35.663]            ROMTableBase = ReadAP(0xF8) & ~0x3;
[23:57:35.663]              // -> [ReadAP(0x000000F8) => 0xE00FF003]   (__dp=0x00000000, __ap=0x00000000)
[23:57:35.664]              // -> [ROMTableBase <= 0xE00FF000]
[23:57:35.664]            pidr1 = Read32(ROMTableBase + 0x0FE4);
[23:57:35.664]              // -> [Read32(0xE00FFFE4) => 0x00000004]   (__dp=0x00000000, __ap=0x00000000)
[23:57:35.664]              // -> [pidr1 <= 0x00000004]
[23:57:35.664]            pidr2 = Read32(ROMTableBase + 0x0FE8);
[23:57:35.664]              // -> [Read32(0xE00FFFE8) => 0x0000000A]   (__dp=0x00000000, __ap=0x00000000)
[23:57:35.665]              // -> [pidr2 <= 0x0000000A]
[23:57:35.665]            jep106id = ((pidr2 & 0x7) << 4 ) | ((pidr1 >> 4) & 0xF);
[23:57:35.665]              // -> [jep106id <= 0x00000020]
[23:57:35.665]          </block>
[23:57:35.665]          <control if="jep106id != 0x20" while="" timeout="0" info="">
[23:57:35.665]            // if-block "jep106id != 0x20"
[23:57:35.665]              // =>  FALSE
[23:57:35.665]            // skip if-block "jep106id != 0x20"
[23:57:35.665]          </control>
[23:57:35.665]        </sequence>
[23:57:35.665]    </block>
[23:57:35.665]  </sequence>
[23:57:35.665]  
[23:57:35.665]  **********  Sequence "DebugCoreStart"  (Context="Target Access", Pname="", info="")
[23:57:35.665]  
[23:57:35.665]  <debugvars>
[23:57:35.665]    // Pre-defined
[23:57:35.665]    __protocol=0x00010002      (Protocol="SWD", SWJ-DP="True")
[23:57:35.665]    __connection=0x00000202    (Connection Type="Flash", Reset Type="System Reset")
[23:57:35.665]    __dp=0x00000000
[23:57:35.665]    __ap=0x00000000
[23:57:35.665]    __traceout=0x00000000      (Trace Disabled)
[23:57:35.665]    __errorcontrol=0x00000000  (Skip Errors="False")
[23:57:35.665]    __FlashAddr=0x00000000
[23:57:35.665]    __FlashLen=0x00000000
[23:57:35.665]    __FlashArg=0x00000000
[23:57:35.665]    __FlashOp=0x00000000
[23:57:35.665]    __Result=0x00000000
[23:57:35.665]    
[23:57:35.665]    // User-defined
[23:57:35.665]    DbgMCU_CR=0x00000007
[23:57:35.665]  </debugvars>
[23:57:35.665]  
[23:57:35.665]  <sequence name="DebugCoreStart" Pname="" disable="false" info="">
[23:57:35.665]    <block atomic="false" info="">
[23:57:35.665]      Write32(0xE000EDF0, 0xA05F0001);                                        // Enable Core Debug via DHCSR
[23:57:35.666]        // -> [Write32(0xE000EDF0, 0xA05F0001)]   (__dp=0x00000000, __ap=0x00000000)
[23:57:35.666]      Write32(0xE0042004, DbgMCU_CR);                                         // DBGMCU_CR: Configure MCU Debug
[23:57:35.666]        // -> [Write32(0xE0042004, 0x00000007)]   (__dp=0x00000000, __ap=0x00000000)
[23:57:35.667]    </block>
[23:57:35.667]  </sequence>
[23:57:35.667]  
[23:57:49.591]  **********  Sequence "DebugDeviceUnlock"  (Context="Target Access", Pname="", info="")
[23:57:49.591]  
[23:57:49.592]  <debugvars>
[23:57:49.592]    // Pre-defined
[23:57:49.592]    __protocol=0x00010002      (Protocol="SWD", SWJ-DP="True")
[23:57:49.592]    __connection=0x00000202    (Connection Type="Flash", Reset Type="System Reset")
[23:57:49.592]    __dp=0x00000000
[23:57:49.592]    __ap=0x00000000
[23:57:49.592]    __traceout=0x00000000      (Trace Disabled)
[23:57:49.592]    __errorcontrol=0x00000000  (Skip Errors="False")
[23:57:49.592]    __FlashAddr=0x00000000
[23:57:49.592]    __FlashLen=0x00000000
[23:57:49.592]    __FlashArg=0x00000000
[23:57:49.592]    __FlashOp=0x00000000
[23:57:49.592]    __Result=0x00000000
[23:57:49.592]    
[23:57:49.592]    // User-defined
[23:57:49.592]    DbgMCU_CR=0x00000007
[23:57:49.592]  </debugvars>
[23:57:49.592]  
[23:57:49.592]  <sequence name="DebugDeviceUnlock" Pname="" disable="false" info="">
[23:57:49.592]    <block atomic="false" info="">
[23:57:49.592]      Sequence("CheckID");
[23:57:49.592]        <sequence name="CheckID" Pname="" disable="false" info="">
[23:57:49.592]          <block atomic="false" info="">
[23:57:49.592]            __var pidr1 = 0;
[23:57:49.592]              // -> [pidr1 <= 0x00000000]
[23:57:49.592]            __var pidr2 = 0;
[23:57:49.592]              // -> [pidr2 <= 0x00000000]
[23:57:49.592]            __var jep106id = 0;
[23:57:49.593]              // -> [jep106id <= 0x00000000]
[23:57:49.593]            __var ROMTableBase = 0;
[23:57:49.593]              // -> [ROMTableBase <= 0x00000000]
[23:57:49.593]            __ap = 0;      // AHB-AP
[23:57:49.593]              // -> [__ap <= 0x00000000]
[23:57:49.593]            ROMTableBase = ReadAP(0xF8) & ~0x3;
[23:57:49.593]              // -> [ReadAP(0x000000F8) => 0xE00FF003]   (__dp=0x00000000, __ap=0x00000000)
[23:57:49.593]              // -> [ROMTableBase <= 0xE00FF000]
[23:57:49.593]            pidr1 = Read32(ROMTableBase + 0x0FE4);
[23:57:49.593]              // -> [Read32(0xE00FFFE4) => 0x00000004]   (__dp=0x00000000, __ap=0x00000000)
[23:57:49.594]              // -> [pidr1 <= 0x00000004]
[23:57:49.594]            pidr2 = Read32(ROMTableBase + 0x0FE8);
[23:57:49.594]              // -> [Read32(0xE00FFFE8) => 0x0000000A]   (__dp=0x00000000, __ap=0x00000000)
[23:57:49.594]              // -> [pidr2 <= 0x0000000A]
[23:57:49.594]            jep106id = ((pidr2 & 0x7) << 4 ) | ((pidr1 >> 4) & 0xF);
[23:57:49.594]              // -> [jep106id <= 0x00000020]
[23:57:49.594]          </block>
[23:57:49.594]          <control if="jep106id != 0x20" while="" timeout="0" info="">
[23:57:49.594]            // if-block "jep106id != 0x20"
[23:57:49.594]              // =>  FALSE
[23:57:49.594]            // skip if-block "jep106id != 0x20"
[23:57:49.594]          </control>
[23:57:49.594]        </sequence>
[23:57:49.594]    </block>
[23:57:49.594]  </sequence>
[23:57:49.595]  
[23:57:49.595]  **********  Sequence "DebugCoreStart"  (Context="Target Access", Pname="", info="")
[23:57:49.595]  
[23:57:49.595]  <debugvars>
[23:57:49.595]    // Pre-defined
[23:57:49.595]    __protocol=0x00010002      (Protocol="SWD", SWJ-DP="True")
[23:57:49.595]    __connection=0x00000202    (Connection Type="Flash", Reset Type="System Reset")
[23:57:49.595]    __dp=0x00000000
[23:57:49.595]    __ap=0x00000000
[23:57:49.595]    __traceout=0x00000000      (Trace Disabled)
[23:57:49.595]    __errorcontrol=0x00000000  (Skip Errors="False")
[23:57:49.595]    __FlashAddr=0x00000000
[23:57:49.595]    __FlashLen=0x00000000
[23:57:49.595]    __FlashArg=0x00000000
[23:57:49.595]    __FlashOp=0x00000000
[23:57:49.595]    __Result=0x00000000
[23:57:49.595]    
[23:57:49.595]    // User-defined
[23:57:49.595]    DbgMCU_CR=0x00000007
[23:57:49.595]  </debugvars>
[23:57:49.595]  
[23:57:49.595]  <sequence name="DebugCoreStart" Pname="" disable="false" info="">
[23:57:49.595]    <block atomic="false" info="">
[23:57:49.595]      Write32(0xE000EDF0, 0xA05F0001);                                        // Enable Core Debug via DHCSR
[23:57:49.596]        // -> [Write32(0xE000EDF0, 0xA05F0001)]   (__dp=0x00000000, __ap=0x00000000)
[23:57:49.596]      Write32(0xE0042004, DbgMCU_CR);                                         // DBGMCU_CR: Configure MCU Debug
[23:57:49.596]        // -> [Write32(0xE0042004, 0x00000007)]   (__dp=0x00000000, __ap=0x00000000)
[23:57:49.596]    </block>
[23:57:49.596]  </sequence>
[23:57:49.597]  
[23:58:36.762]  **********  Sequence "DebugDeviceUnlock"  (Context="Target Access", Pname="", info="")
[23:58:36.762]  
[23:58:36.769]  <debugvars>
[23:58:36.769]    // Pre-defined
[23:58:36.769]    __protocol=0x00010002      (Protocol="SWD", SWJ-DP="True")
[23:58:36.769]    __connection=0x00000202    (Connection Type="Flash", Reset Type="System Reset")
[23:58:36.769]    __dp=0x00000000
[23:58:36.769]    __ap=0x00000000
[23:58:36.769]    __traceout=0x00000000      (Trace Disabled)
[23:58:36.769]    __errorcontrol=0x00000000  (Skip Errors="False")
[23:58:36.769]    __FlashAddr=0x00000000
[23:58:36.769]    __FlashLen=0x00000000
[23:58:36.769]    __FlashArg=0x00000000
[23:58:36.769]    __FlashOp=0x00000000
[23:58:36.769]    __Result=0x00000000
[23:58:36.769]    
[23:58:36.769]    // User-defined
[23:58:36.770]    DbgMCU_CR=0x00000007
[23:58:36.770]  </debugvars>
[23:58:36.770]  
[23:58:36.770]  <sequence name="DebugDeviceUnlock" Pname="" disable="false" info="">
[23:58:36.770]    <block atomic="false" info="">
[23:58:36.770]      Sequence("CheckID");
[23:58:36.770]        <sequence name="CheckID" Pname="" disable="false" info="">
[23:58:36.770]          <block atomic="false" info="">
[23:58:36.770]            __var pidr1 = 0;
[23:58:36.770]              // -> [pidr1 <= 0x00000000]
[23:58:36.770]            __var pidr2 = 0;
[23:58:36.770]              // -> [pidr2 <= 0x00000000]
[23:58:36.770]            __var jep106id = 0;
[23:58:36.770]              // -> [jep106id <= 0x00000000]
[23:58:36.770]            __var ROMTableBase = 0;
[23:58:36.770]              // -> [ROMTableBase <= 0x00000000]
[23:58:36.770]            __ap = 0;      // AHB-AP
[23:58:36.770]              // -> [__ap <= 0x00000000]
[23:58:36.770]            ROMTableBase = ReadAP(0xF8) & ~0x3;
[23:58:36.771]              // -> [ReadAP(0x000000F8) => 0xE00FF003]   (__dp=0x00000000, __ap=0x00000000)
[23:58:36.771]              // -> [ROMTableBase <= 0xE00FF000]
[23:58:36.771]            pidr1 = Read32(ROMTableBase + 0x0FE4);
[23:58:36.771]              // -> [Read32(0xE00FFFE4) => 0x00000004]   (__dp=0x00000000, __ap=0x00000000)
[23:58:36.771]              // -> [pidr1 <= 0x00000004]
[23:58:36.771]            pidr2 = Read32(ROMTableBase + 0x0FE8);
[23:58:36.772]              // -> [Read32(0xE00FFFE8) => 0x0000000A]   (__dp=0x00000000, __ap=0x00000000)
[23:58:36.772]              // -> [pidr2 <= 0x0000000A]
[23:58:36.772]            jep106id = ((pidr2 & 0x7) << 4 ) | ((pidr1 >> 4) & 0xF);
[23:58:36.772]              // -> [jep106id <= 0x00000020]
[23:58:36.772]          </block>
[23:58:36.772]          <control if="jep106id != 0x20" while="" timeout="0" info="">
[23:58:36.772]            // if-block "jep106id != 0x20"
[23:58:36.773]              // =>  FALSE
[23:58:36.773]            // skip if-block "jep106id != 0x20"
[23:58:36.773]          </control>
[23:58:36.773]        </sequence>
[23:58:36.773]    </block>
[23:58:36.773]  </sequence>
[23:58:36.773]  
[23:58:36.773]  **********  Sequence "DebugCoreStart"  (Context="Target Access", Pname="", info="")
[23:58:36.773]  
[23:58:36.773]  <debugvars>
[23:58:36.773]    // Pre-defined
[23:58:36.773]    __protocol=0x00010002      (Protocol="SWD", SWJ-DP="True")
[23:58:36.773]    __connection=0x00000202    (Connection Type="Flash", Reset Type="System Reset")
[23:58:36.773]    __dp=0x00000000
[23:58:36.773]    __ap=0x00000000
[23:58:36.773]    __traceout=0x00000000      (Trace Disabled)
[23:58:36.773]    __errorcontrol=0x00000000  (Skip Errors="False")
[23:58:36.773]    __FlashAddr=0x00000000
[23:58:36.773]    __FlashLen=0x00000000
[23:58:36.773]    __FlashArg=0x00000000
[23:58:36.773]    __FlashOp=0x00000000
[23:58:36.773]    __Result=0x00000000
[23:58:36.773]    
[23:58:36.773]    // User-defined
[23:58:36.773]    DbgMCU_CR=0x00000007
[23:58:36.774]  </debugvars>
[23:58:36.774]  
[23:58:36.774]  <sequence name="DebugCoreStart" Pname="" disable="false" info="">
[23:58:36.774]    <block atomic="false" info="">
[23:58:36.774]      Write32(0xE000EDF0, 0xA05F0001);                                        // Enable Core Debug via DHCSR
[23:58:36.774]        // -> [Write32(0xE000EDF0, 0xA05F0001)]   (__dp=0x00000000, __ap=0x00000000)
[23:58:36.774]      Write32(0xE0042004, DbgMCU_CR);                                         // DBGMCU_CR: Configure MCU Debug
[23:58:36.775]        // -> [Write32(0xE0042004, 0x00000007)]   (__dp=0x00000000, __ap=0x00000000)
[23:58:36.775]    </block>
[23:58:36.775]  </sequence>
[23:58:36.775]  
[23:59:00.245]  **********  Sequence "DebugDeviceUnlock"  (Context="Target Access", Pname="", info="")
[23:59:00.245]  
[23:59:00.245]  <debugvars>
[23:59:00.245]    // Pre-defined
[23:59:00.245]    __protocol=0x00010002      (Protocol="SWD", SWJ-DP="True")
[23:59:00.245]    __connection=0x00000202    (Connection Type="Flash", Reset Type="System Reset")
[23:59:00.245]    __dp=0x00000000
[23:59:00.245]    __ap=0x00000000
[23:59:00.245]    __traceout=0x00000000      (Trace Disabled)
[23:59:00.245]    __errorcontrol=0x00000000  (Skip Errors="False")
[23:59:00.245]    __FlashAddr=0x00000000
[23:59:00.245]    __FlashLen=0x00000000
[23:59:00.245]    __FlashArg=0x00000000
[23:59:00.245]    __FlashOp=0x00000000
[23:59:00.245]    __Result=0x00000000
[23:59:00.245]    
[23:59:00.245]    // User-defined
[23:59:00.246]    DbgMCU_CR=0x00000007
[23:59:00.246]  </debugvars>
[23:59:00.246]  
[23:59:00.246]  <sequence name="DebugDeviceUnlock" Pname="" disable="false" info="">
[23:59:00.246]    <block atomic="false" info="">
[23:59:00.246]      Sequence("CheckID");
[23:59:00.246]        <sequence name="CheckID" Pname="" disable="false" info="">
[23:59:00.246]          <block atomic="false" info="">
[23:59:00.246]            __var pidr1 = 0;
[23:59:00.246]              // -> [pidr1 <= 0x00000000]
[23:59:00.246]            __var pidr2 = 0;
[23:59:00.246]              // -> [pidr2 <= 0x00000000]
[23:59:00.246]            __var jep106id = 0;
[23:59:00.246]              // -> [jep106id <= 0x00000000]
[23:59:00.246]            __var ROMTableBase = 0;
[23:59:00.246]              // -> [ROMTableBase <= 0x00000000]
[23:59:00.246]            __ap = 0;      // AHB-AP
[23:59:00.246]              // -> [__ap <= 0x00000000]
[23:59:00.246]            ROMTableBase = ReadAP(0xF8) & ~0x3;
[23:59:00.246]              // -> [ReadAP(0x000000F8) => 0xE00FF003]   (__dp=0x00000000, __ap=0x00000000)
[23:59:00.247]              // -> [ROMTableBase <= 0xE00FF000]
[23:59:00.247]            pidr1 = Read32(ROMTableBase + 0x0FE4);
[23:59:00.247]              // -> [Read32(0xE00FFFE4) => 0x00000004]   (__dp=0x00000000, __ap=0x00000000)
[23:59:00.247]              // -> [pidr1 <= 0x00000004]
[23:59:00.247]            pidr2 = Read32(ROMTableBase + 0x0FE8);
[23:59:00.247]              // -> [Read32(0xE00FFFE8) => 0x0000000A]   (__dp=0x00000000, __ap=0x00000000)
[23:59:00.247]              // -> [pidr2 <= 0x0000000A]
[23:59:00.247]            jep106id = ((pidr2 & 0x7) << 4 ) | ((pidr1 >> 4) & 0xF);
[23:59:00.248]              // -> [jep106id <= 0x00000020]
[23:59:00.248]          </block>
[23:59:00.248]          <control if="jep106id != 0x20" while="" timeout="0" info="">
[23:59:00.248]            // if-block "jep106id != 0x20"
[23:59:00.248]              // =>  FALSE
[23:59:00.248]            // skip if-block "jep106id != 0x20"
[23:59:00.248]          </control>
[23:59:00.248]        </sequence>
[23:59:00.248]    </block>
[23:59:00.248]  </sequence>
[23:59:00.248]  
[23:59:00.248]  **********  Sequence "DebugCoreStart"  (Context="Target Access", Pname="", info="")
[23:59:00.248]  
[23:59:00.248]  <debugvars>
[23:59:00.248]    // Pre-defined
[23:59:00.248]    __protocol=0x00010002      (Protocol="SWD", SWJ-DP="True")
[23:59:00.248]    __connection=0x00000202    (Connection Type="Flash", Reset Type="System Reset")
[23:59:00.248]    __dp=0x00000000
[23:59:00.248]    __ap=0x00000000
[23:59:00.248]    __traceout=0x00000000      (Trace Disabled)
[23:59:00.248]    __errorcontrol=0x00000000  (Skip Errors="False")
[23:59:00.248]    __FlashAddr=0x00000000
[23:59:00.248]    __FlashLen=0x00000000
[23:59:00.249]    __FlashArg=0x00000000
[23:59:00.249]    __FlashOp=0x00000000
[23:59:00.249]    __Result=0x00000000
[23:59:00.249]    
[23:59:00.249]    // User-defined
[23:59:00.249]    DbgMCU_CR=0x00000007
[23:59:00.249]  </debugvars>
[23:59:00.249]  
[23:59:00.249]  <sequence name="DebugCoreStart" Pname="" disable="false" info="">
[23:59:00.250]    <block atomic="false" info="">
[23:59:00.250]      Write32(0xE000EDF0, 0xA05F0001);                                        // Enable Core Debug via DHCSR
[23:59:00.250]        // -> [Write32(0xE000EDF0, 0xA05F0001)]   (__dp=0x00000000, __ap=0x00000000)
[23:59:00.250]      Write32(0xE0042004, DbgMCU_CR);                                         // DBGMCU_CR: Configure MCU Debug
[23:59:00.251]        // -> [Write32(0xE0042004, 0x00000007)]   (__dp=0x00000000, __ap=0x00000000)
[23:59:00.251]    </block>
[23:59:00.251]  </sequence>
[23:59:00.251]  
[23:59:32.762]  **********  Sequence "DebugDeviceUnlock"  (Context="Target Access", Pname="", info="")
[23:59:32.762]  
[23:59:32.769]  <debugvars>
[23:59:32.769]    // Pre-defined
[23:59:32.770]    __protocol=0x00010002      (Protocol="SWD", SWJ-DP="True")
[23:59:32.770]    __connection=0x00000202    (Connection Type="Flash", Reset Type="System Reset")
[23:59:32.770]    __dp=0x00000000
[23:59:32.770]    __ap=0x00000000
[23:59:32.770]    __traceout=0x00000000      (Trace Disabled)
[23:59:32.770]    __errorcontrol=0x00000000  (Skip Errors="False")
[23:59:32.770]    __FlashAddr=0x00000000
[23:59:32.770]    __FlashLen=0x00000000
[23:59:32.770]    __FlashArg=0x00000000
[23:59:32.770]    __FlashOp=0x00000000
[23:59:32.770]    __Result=0x00000000
[23:59:32.770]    
[23:59:32.770]    // User-defined
[23:59:32.770]    DbgMCU_CR=0x00000007
[23:59:32.770]  </debugvars>
[23:59:32.770]  
[23:59:32.770]  <sequence name="DebugDeviceUnlock" Pname="" disable="false" info="">
[23:59:32.770]    <block atomic="false" info="">
[23:59:32.770]      Sequence("CheckID");
[23:59:32.770]        <sequence name="CheckID" Pname="" disable="false" info="">
[23:59:32.770]          <block atomic="false" info="">
[23:59:32.770]            __var pidr1 = 0;
[23:59:32.770]              // -> [pidr1 <= 0x00000000]
[23:59:32.770]            __var pidr2 = 0;
[23:59:32.770]              // -> [pidr2 <= 0x00000000]
[23:59:32.770]            __var jep106id = 0;
[23:59:32.770]              // -> [jep106id <= 0x00000000]
[23:59:32.770]            __var ROMTableBase = 0;
[23:59:32.771]              // -> [ROMTableBase <= 0x00000000]
[23:59:32.771]            __ap = 0;      // AHB-AP
[23:59:32.771]              // -> [__ap <= 0x00000000]
[23:59:32.771]            ROMTableBase = ReadAP(0xF8) & ~0x3;
[23:59:32.771]              // -> [ReadAP(0x000000F8) => 0xE00FF003]   (__dp=0x00000000, __ap=0x00000000)
[23:59:32.771]              // -> [ROMTableBase <= 0xE00FF000]
[23:59:32.771]            pidr1 = Read32(ROMTableBase + 0x0FE4);
[23:59:32.771]              // -> [Read32(0xE00FFFE4) => 0x00000004]   (__dp=0x00000000, __ap=0x00000000)
[23:59:32.771]              // -> [pidr1 <= 0x00000004]
[23:59:32.771]            pidr2 = Read32(ROMTableBase + 0x0FE8);
[23:59:32.772]              // -> [Read32(0xE00FFFE8) => 0x0000000A]   (__dp=0x00000000, __ap=0x00000000)
[23:59:32.772]              // -> [pidr2 <= 0x0000000A]
[23:59:32.772]            jep106id = ((pidr2 & 0x7) << 4 ) | ((pidr1 >> 4) & 0xF);
[23:59:32.772]              // -> [jep106id <= 0x00000020]
[23:59:32.772]          </block>
[23:59:32.772]          <control if="jep106id != 0x20" while="" timeout="0" info="">
[23:59:32.772]            // if-block "jep106id != 0x20"
[23:59:32.772]              // =>  FALSE
[23:59:32.772]            // skip if-block "jep106id != 0x20"
[23:59:32.772]          </control>
[23:59:32.772]        </sequence>
[23:59:32.772]    </block>
[23:59:32.772]  </sequence>
[23:59:32.772]  
[23:59:32.772]  **********  Sequence "DebugCoreStart"  (Context="Target Access", Pname="", info="")
[23:59:32.772]  
[23:59:32.772]  <debugvars>
[23:59:32.772]    // Pre-defined
[23:59:32.773]    __protocol=0x00010002      (Protocol="SWD", SWJ-DP="True")
[23:59:32.773]    __connection=0x00000202    (Connection Type="Flash", Reset Type="System Reset")
[23:59:32.773]    __dp=0x00000000
[23:59:32.773]    __ap=0x00000000
[23:59:32.773]    __traceout=0x00000000      (Trace Disabled)
[23:59:32.773]    __errorcontrol=0x00000000  (Skip Errors="False")
[23:59:32.773]    __FlashAddr=0x00000000
[23:59:32.773]    __FlashLen=0x00000000
[23:59:32.773]    __FlashArg=0x00000000
[23:59:32.773]    __FlashOp=0x00000000
[23:59:32.773]    __Result=0x00000000
[23:59:32.773]    
[23:59:32.773]    // User-defined
[23:59:32.773]    DbgMCU_CR=0x00000007
[23:59:32.773]  </debugvars>
[23:59:32.773]  
[23:59:32.773]  <sequence name="DebugCoreStart" Pname="" disable="false" info="">
[23:59:32.773]    <block atomic="false" info="">
[23:59:32.773]      Write32(0xE000EDF0, 0xA05F0001);                                        // Enable Core Debug via DHCSR
[23:59:32.774]        // -> [Write32(0xE000EDF0, 0xA05F0001)]   (__dp=0x00000000, __ap=0x00000000)
[23:59:32.774]      Write32(0xE0042004, DbgMCU_CR);                                         // DBGMCU_CR: Configure MCU Debug
[23:59:32.775]        // -> [Write32(0xE0042004, 0x00000007)]   (__dp=0x00000000, __ap=0x00000000)
[23:59:32.775]    </block>
[23:59:32.775]  </sequence>
[23:59:32.775]  
[00:00:04.341]  **********  Sequence "DebugDeviceUnlock"  (Context="Target Access", Pname="", info="")
[00:00:04.341]  
[00:00:04.341]  <debugvars>
[00:00:04.341]    // Pre-defined
[00:00:04.342]    __protocol=0x00010002      (Protocol="SWD", SWJ-DP="True")
[00:00:04.342]    __connection=0x00000202    (Connection Type="Flash", Reset Type="System Reset")
[00:00:04.342]    __dp=0x00000000
[00:00:04.342]    __ap=0x00000000
[00:00:04.342]    __traceout=0x00000000      (Trace Disabled)
[00:00:04.342]    __errorcontrol=0x00000000  (Skip Errors="False")
[00:00:04.342]    __FlashAddr=0x00000000
[00:00:04.342]    __FlashLen=0x00000000
[00:00:04.342]    __FlashArg=0x00000000
[00:00:04.342]    __FlashOp=0x00000000
[00:00:04.342]    __Result=0x00000000
[00:00:04.342]    
[00:00:04.342]    // User-defined
[00:00:04.342]    DbgMCU_CR=0x00000007
[00:00:04.342]  </debugvars>
[00:00:04.342]  
[00:00:04.342]  <sequence name="DebugDeviceUnlock" Pname="" disable="false" info="">
[00:00:04.342]    <block atomic="false" info="">
[00:00:04.342]      Sequence("CheckID");
[00:00:04.342]        <sequence name="CheckID" Pname="" disable="false" info="">
[00:00:04.342]          <block atomic="false" info="">
[00:00:04.342]            __var pidr1 = 0;
[00:00:04.342]              // -> [pidr1 <= 0x00000000]
[00:00:04.342]            __var pidr2 = 0;
[00:00:04.342]              // -> [pidr2 <= 0x00000000]
[00:00:04.342]            __var jep106id = 0;
[00:00:04.342]              // -> [jep106id <= 0x00000000]
[00:00:04.342]            __var ROMTableBase = 0;
[00:00:04.342]              // -> [ROMTableBase <= 0x00000000]
[00:00:04.343]            __ap = 0;      // AHB-AP
[00:00:04.343]              // -> [__ap <= 0x00000000]
[00:00:04.343]            ROMTableBase = ReadAP(0xF8) & ~0x3;
[00:00:04.343]              // -> [ReadAP(0x000000F8) => 0xE00FF003]   (__dp=0x00000000, __ap=0x00000000)
[00:00:04.343]              // -> [ROMTableBase <= 0xE00FF000]
[00:00:04.343]            pidr1 = Read32(ROMTableBase + 0x0FE4);
[00:00:04.343]              // -> [Read32(0xE00FFFE4) => 0x00000004]   (__dp=0x00000000, __ap=0x00000000)
[00:00:04.344]              // -> [pidr1 <= 0x00000004]
[00:00:04.344]            pidr2 = Read32(ROMTableBase + 0x0FE8);
[00:00:04.344]              // -> [Read32(0xE00FFFE8) => 0x0000000A]   (__dp=0x00000000, __ap=0x00000000)
[00:00:04.344]              // -> [pidr2 <= 0x0000000A]
[00:00:04.344]            jep106id = ((pidr2 & 0x7) << 4 ) | ((pidr1 >> 4) & 0xF);
[00:00:04.344]              // -> [jep106id <= 0x00000020]
[00:00:04.344]          </block>
[00:00:04.344]          <control if="jep106id != 0x20" while="" timeout="0" info="">
[00:00:04.344]            // if-block "jep106id != 0x20"
[00:00:04.344]              // =>  FALSE
[00:00:04.344]            // skip if-block "jep106id != 0x20"
[00:00:04.344]          </control>
[00:00:04.344]        </sequence>
[00:00:04.344]    </block>
[00:00:04.344]  </sequence>
[00:00:04.344]  
[00:00:04.345]  **********  Sequence "DebugCoreStart"  (Context="Target Access", Pname="", info="")
[00:00:04.345]  
[00:00:04.345]  <debugvars>
[00:00:04.345]    // Pre-defined
[00:00:04.345]    __protocol=0x00010002      (Protocol="SWD", SWJ-DP="True")
[00:00:04.345]    __connection=0x00000202    (Connection Type="Flash", Reset Type="System Reset")
[00:00:04.345]    __dp=0x00000000
[00:00:04.345]    __ap=0x00000000
[00:00:04.345]    __traceout=0x00000000      (Trace Disabled)
[00:00:04.345]    __errorcontrol=0x00000000  (Skip Errors="False")
[00:00:04.345]    __FlashAddr=0x00000000
[00:00:04.345]    __FlashLen=0x00000000
[00:00:04.345]    __FlashArg=0x00000000
[00:00:04.345]    __FlashOp=0x00000000
[00:00:04.345]    __Result=0x00000000
[00:00:04.345]    
[00:00:04.345]    // User-defined
[00:00:04.345]    DbgMCU_CR=0x00000007
[00:00:04.345]  </debugvars>
[00:00:04.345]  
[00:00:04.345]  <sequence name="DebugCoreStart" Pname="" disable="false" info="">
[00:00:04.345]    <block atomic="false" info="">
[00:00:04.345]      Write32(0xE000EDF0, 0xA05F0001);                                        // Enable Core Debug via DHCSR
[00:00:04.346]        // -> [Write32(0xE000EDF0, 0xA05F0001)]   (__dp=0x00000000, __ap=0x00000000)
[00:00:04.346]      Write32(0xE0042004, DbgMCU_CR);                                         // DBGMCU_CR: Configure MCU Debug
[00:00:04.346]        // -> [Write32(0xE0042004, 0x00000007)]   (__dp=0x00000000, __ap=0x00000000)
[00:00:04.346]    </block>
[00:00:04.346]  </sequence>
[00:00:04.346]  
[00:01:09.830]  **********  Sequence "DebugDeviceUnlock"  (Context="Target Access", Pname="", info="")
[00:01:09.830]  
[00:01:09.830]  <debugvars>
[00:01:09.830]    // Pre-defined
[00:01:09.831]    __protocol=0x00010002      (Protocol="SWD", SWJ-DP="True")
[00:01:09.831]    __connection=0x00000202    (Connection Type="Flash", Reset Type="System Reset")
[00:01:09.831]    __dp=0x00000000
[00:01:09.831]    __ap=0x00000000
[00:01:09.831]    __traceout=0x00000000      (Trace Disabled)
[00:01:09.831]    __errorcontrol=0x00000000  (Skip Errors="False")
[00:01:09.831]    __FlashAddr=0x00000000
[00:01:09.831]    __FlashLen=0x00000000
[00:01:09.831]    __FlashArg=0x00000000
[00:01:09.831]    __FlashOp=0x00000000
[00:01:09.831]    __Result=0x00000000
[00:01:09.831]    
[00:01:09.831]    // User-defined
[00:01:09.831]    DbgMCU_CR=0x00000007
[00:01:09.831]  </debugvars>
[00:01:09.831]  
[00:01:09.831]  <sequence name="DebugDeviceUnlock" Pname="" disable="false" info="">
[00:01:09.831]    <block atomic="false" info="">
[00:01:09.831]      Sequence("CheckID");
[00:01:09.831]        <sequence name="CheckID" Pname="" disable="false" info="">
[00:01:09.831]          <block atomic="false" info="">
[00:01:09.831]            __var pidr1 = 0;
[00:01:09.831]              // -> [pidr1 <= 0x00000000]
[00:01:09.831]            __var pidr2 = 0;
[00:01:09.831]              // -> [pidr2 <= 0x00000000]
[00:01:09.832]            __var jep106id = 0;
[00:01:09.832]              // -> [jep106id <= 0x00000000]
[00:01:09.832]            __var ROMTableBase = 0;
[00:01:09.832]              // -> [ROMTableBase <= 0x00000000]
[00:01:09.832]            __ap = 0;      // AHB-AP
[00:01:09.832]              // -> [__ap <= 0x00000000]
[00:01:09.832]            ROMTableBase = ReadAP(0xF8) & ~0x3;
[00:01:09.832]              // -> [ReadAP(0x000000F8) => 0xE00FF003]   (__dp=0x00000000, __ap=0x00000000)
[00:01:09.832]              // -> [ROMTableBase <= 0xE00FF000]
[00:01:09.832]            pidr1 = Read32(ROMTableBase + 0x0FE4);
[00:01:09.833]              // -> [Read32(0xE00FFFE4) => 0x00000004]   (__dp=0x00000000, __ap=0x00000000)
[00:01:09.833]              // -> [pidr1 <= 0x00000004]
[00:01:09.833]            pidr2 = Read32(ROMTableBase + 0x0FE8);
[00:01:09.833]              // -> [Read32(0xE00FFFE8) => 0x0000000A]   (__dp=0x00000000, __ap=0x00000000)
[00:01:09.833]              // -> [pidr2 <= 0x0000000A]
[00:01:09.833]            jep106id = ((pidr2 & 0x7) << 4 ) | ((pidr1 >> 4) & 0xF);
[00:01:09.833]              // -> [jep106id <= 0x00000020]
[00:01:09.833]          </block>
[00:01:09.833]          <control if="jep106id != 0x20" while="" timeout="0" info="">
[00:01:09.833]            // if-block "jep106id != 0x20"
[00:01:09.833]              // =>  FALSE
[00:01:09.833]            // skip if-block "jep106id != 0x20"
[00:01:09.834]          </control>
[00:01:09.834]        </sequence>
[00:01:09.834]    </block>
[00:01:09.834]  </sequence>
[00:01:09.834]  
[00:01:09.834]  **********  Sequence "DebugCoreStart"  (Context="Target Access", Pname="", info="")
[00:01:09.834]  
[00:01:09.834]  <debugvars>
[00:01:09.834]    // Pre-defined
[00:01:09.834]    __protocol=0x00010002      (Protocol="SWD", SWJ-DP="True")
[00:01:09.834]    __connection=0x00000202    (Connection Type="Flash", Reset Type="System Reset")
[00:01:09.834]    __dp=0x00000000
[00:01:09.834]    __ap=0x00000000
[00:01:09.834]    __traceout=0x00000000      (Trace Disabled)
[00:01:09.834]    __errorcontrol=0x00000000  (Skip Errors="False")
[00:01:09.834]    __FlashAddr=0x00000000
[00:01:09.834]    __FlashLen=0x00000000
[00:01:09.834]    __FlashArg=0x00000000
[00:01:09.834]    __FlashOp=0x00000000
[00:01:09.834]    __Result=0x00000000
[00:01:09.834]    
[00:01:09.834]    // User-defined
[00:01:09.834]    DbgMCU_CR=0x00000007
[00:01:09.834]  </debugvars>
[00:01:09.834]  
[00:01:09.835]  <sequence name="DebugCoreStart" Pname="" disable="false" info="">
[00:01:09.835]    <block atomic="false" info="">
[00:01:09.835]      Write32(0xE000EDF0, 0xA05F0001);                                        // Enable Core Debug via DHCSR
[00:01:09.835]        // -> [Write32(0xE000EDF0, 0xA05F0001)]   (__dp=0x00000000, __ap=0x00000000)
[00:01:09.835]      Write32(0xE0042004, DbgMCU_CR);                                         // DBGMCU_CR: Configure MCU Debug
[00:01:09.836]        // -> [Write32(0xE0042004, 0x00000007)]   (__dp=0x00000000, __ap=0x00000000)
[00:01:09.836]    </block>
[00:01:09.836]  </sequence>
[00:01:09.836]  
[00:04:04.178]  **********  Sequence "DebugDeviceUnlock"  (Context="Target Access", Pname="", info="")
[00:04:04.178]  
[00:04:04.185]  <debugvars>
[00:04:04.185]    // Pre-defined
[00:04:04.185]    __protocol=0x00010002      (Protocol="SWD", SWJ-DP="True")
[00:04:04.185]    __connection=0x00000202    (Connection Type="Flash", Reset Type="System Reset")
[00:04:04.185]    __dp=0x00000000
[00:04:04.185]    __ap=0x00000000
[00:04:04.185]    __traceout=0x00000000      (Trace Disabled)
[00:04:04.185]    __errorcontrol=0x00000000  (Skip Errors="False")
[00:04:04.185]    __FlashAddr=0x00000000
[00:04:04.185]    __FlashLen=0x00000000
[00:04:04.185]    __FlashArg=0x00000000
[00:04:04.185]    __FlashOp=0x00000000
[00:04:04.185]    __Result=0x00000000
[00:04:04.185]    
[00:04:04.185]    // User-defined
[00:04:04.185]    DbgMCU_CR=0x00000007
[00:04:04.185]  </debugvars>
[00:04:04.185]  
[00:04:04.185]  <sequence name="DebugDeviceUnlock" Pname="" disable="false" info="">
[00:04:04.186]    <block atomic="false" info="">
[00:04:04.186]      Sequence("CheckID");
[00:04:04.186]        <sequence name="CheckID" Pname="" disable="false" info="">
[00:04:04.186]          <block atomic="false" info="">
[00:04:04.186]            __var pidr1 = 0;
[00:04:04.186]              // -> [pidr1 <= 0x00000000]
[00:04:04.186]            __var pidr2 = 0;
[00:04:04.186]              // -> [pidr2 <= 0x00000000]
[00:04:04.186]            __var jep106id = 0;
[00:04:04.186]              // -> [jep106id <= 0x00000000]
[00:04:04.186]            __var ROMTableBase = 0;
[00:04:04.186]              // -> [ROMTableBase <= 0x00000000]
[00:04:04.186]            __ap = 0;      // AHB-AP
[00:04:04.186]              // -> [__ap <= 0x00000000]
[00:04:04.186]            ROMTableBase = ReadAP(0xF8) & ~0x3;
[00:04:04.187]              // -> [ReadAP(0x000000F8) => 0xE00FF003]   (__dp=0x00000000, __ap=0x00000000)
[00:04:04.187]              // -> [ROMTableBase <= 0xE00FF000]
[00:04:04.187]            pidr1 = Read32(ROMTableBase + 0x0FE4);
[00:04:04.187]              // -> [Read32(0xE00FFFE4) => 0x00000004]   (__dp=0x00000000, __ap=0x00000000)
[00:04:04.187]              // -> [pidr1 <= 0x00000004]
[00:04:04.187]            pidr2 = Read32(ROMTableBase + 0x0FE8);
[00:04:04.188]              // -> [Read32(0xE00FFFE8) => 0x0000000A]   (__dp=0x00000000, __ap=0x00000000)
[00:04:04.188]              // -> [pidr2 <= 0x0000000A]
[00:04:04.188]            jep106id = ((pidr2 & 0x7) << 4 ) | ((pidr1 >> 4) & 0xF);
[00:04:04.188]              // -> [jep106id <= 0x00000020]
[00:04:04.188]          </block>
[00:04:04.188]          <control if="jep106id != 0x20" while="" timeout="0" info="">
[00:04:04.188]            // if-block "jep106id != 0x20"
[00:04:04.188]              // =>  FALSE
[00:04:04.188]            // skip if-block "jep106id != 0x20"
[00:04:04.188]          </control>
[00:04:04.188]        </sequence>
[00:04:04.188]    </block>
[00:04:04.188]  </sequence>
[00:04:04.188]  
[00:04:04.188]  **********  Sequence "DebugCoreStart"  (Context="Target Access", Pname="", info="")
[00:04:04.188]  
[00:04:04.188]  <debugvars>
[00:04:04.188]    // Pre-defined
[00:04:04.189]    __protocol=0x00010002      (Protocol="SWD", SWJ-DP="True")
[00:04:04.189]    __connection=0x00000202    (Connection Type="Flash", Reset Type="System Reset")
[00:04:04.189]    __dp=0x00000000
[00:04:04.189]    __ap=0x00000000
[00:04:04.189]    __traceout=0x00000000      (Trace Disabled)
[00:04:04.189]    __errorcontrol=0x00000000  (Skip Errors="False")
[00:04:04.189]    __FlashAddr=0x00000000
[00:04:04.189]    __FlashLen=0x00000000
[00:04:04.189]    __FlashArg=0x00000000
[00:04:04.189]    __FlashOp=0x00000000
[00:04:04.189]    __Result=0x00000000
[00:04:04.189]    
[00:04:04.189]    // User-defined
[00:04:04.189]    DbgMCU_CR=0x00000007
[00:04:04.189]  </debugvars>
[00:04:04.189]  
[00:04:04.189]  <sequence name="DebugCoreStart" Pname="" disable="false" info="">
[00:04:04.189]    <block atomic="false" info="">
[00:04:04.189]      Write32(0xE000EDF0, 0xA05F0001);                                        // Enable Core Debug via DHCSR
[00:04:04.190]        // -> [Write32(0xE000EDF0, 0xA05F0001)]   (__dp=0x00000000, __ap=0x00000000)
[00:04:04.190]      Write32(0xE0042004, DbgMCU_CR);                                         // DBGMCU_CR: Configure MCU Debug
[00:04:04.190]        // -> [Write32(0xE0042004, 0x00000007)]   (__dp=0x00000000, __ap=0x00000000)
[00:04:04.190]    </block>
[00:04:04.190]  </sequence>
[00:04:04.190]  
[00:04:31.976]  **********  Sequence "DebugDeviceUnlock"  (Context="Target Access", Pname="", info="")
[00:04:31.976]  
[00:04:31.983]  <debugvars>
[00:04:31.983]    // Pre-defined
[00:04:31.983]    __protocol=0x00010002      (Protocol="SWD", SWJ-DP="True")
[00:04:31.983]    __connection=0x00000202    (Connection Type="Flash", Reset Type="System Reset")
[00:04:31.983]    __dp=0x00000000
[00:04:31.983]    __ap=0x00000000
[00:04:31.983]    __traceout=0x00000000      (Trace Disabled)
[00:04:31.984]    __errorcontrol=0x00000000  (Skip Errors="False")
[00:04:31.984]    __FlashAddr=0x00000000
[00:04:31.984]    __FlashLen=0x00000000
[00:04:31.984]    __FlashArg=0x00000000
[00:04:31.984]    __FlashOp=0x00000000
[00:04:31.984]    __Result=0x00000000
[00:04:31.984]    
[00:04:31.984]    // User-defined
[00:04:31.984]    DbgMCU_CR=0x00000007
[00:04:31.984]  </debugvars>
[00:04:31.984]  
[00:04:31.984]  <sequence name="DebugDeviceUnlock" Pname="" disable="false" info="">
[00:04:31.984]    <block atomic="false" info="">
[00:04:31.984]      Sequence("CheckID");
[00:04:31.984]        <sequence name="CheckID" Pname="" disable="false" info="">
[00:04:31.984]          <block atomic="false" info="">
[00:04:31.984]            __var pidr1 = 0;
[00:04:31.984]              // -> [pidr1 <= 0x00000000]
[00:04:31.984]            __var pidr2 = 0;
[00:04:31.984]              // -> [pidr2 <= 0x00000000]
[00:04:31.984]            __var jep106id = 0;
[00:04:31.984]              // -> [jep106id <= 0x00000000]
[00:04:31.984]            __var ROMTableBase = 0;
[00:04:31.984]              // -> [ROMTableBase <= 0x00000000]
[00:04:31.984]            __ap = 0;      // AHB-AP
[00:04:31.984]              // -> [__ap <= 0x00000000]
[00:04:31.984]            ROMTableBase = ReadAP(0xF8) & ~0x3;
[00:04:31.985]              // -> [ReadAP(0x000000F8) => 0xE00FF003]   (__dp=0x00000000, __ap=0x00000000)
[00:04:31.985]              // -> [ROMTableBase <= 0xE00FF000]
[00:04:31.985]            pidr1 = Read32(ROMTableBase + 0x0FE4);
[00:04:31.985]              // -> [Read32(0xE00FFFE4) => 0x00000004]   (__dp=0x00000000, __ap=0x00000000)
[00:04:31.985]              // -> [pidr1 <= 0x00000004]
[00:04:31.985]            pidr2 = Read32(ROMTableBase + 0x0FE8);
[00:04:31.986]              // -> [Read32(0xE00FFFE8) => 0x0000000A]   (__dp=0x00000000, __ap=0x00000000)
[00:04:31.986]              // -> [pidr2 <= 0x0000000A]
[00:04:31.986]            jep106id = ((pidr2 & 0x7) << 4 ) | ((pidr1 >> 4) & 0xF);
[00:04:31.986]              // -> [jep106id <= 0x00000020]
[00:04:31.986]          </block>
[00:04:31.986]          <control if="jep106id != 0x20" while="" timeout="0" info="">
[00:04:31.986]            // if-block "jep106id != 0x20"
[00:04:31.986]              // =>  FALSE
[00:04:31.986]            // skip if-block "jep106id != 0x20"
[00:04:31.986]          </control>
[00:04:31.986]        </sequence>
[00:04:31.986]    </block>
[00:04:31.986]  </sequence>
[00:04:31.986]  
[00:04:31.986]  **********  Sequence "DebugCoreStart"  (Context="Target Access", Pname="", info="")
[00:04:31.986]  
[00:04:31.986]  <debugvars>
[00:04:31.986]    // Pre-defined
[00:04:31.987]    __protocol=0x00010002      (Protocol="SWD", SWJ-DP="True")
[00:04:31.987]    __connection=0x00000202    (Connection Type="Flash", Reset Type="System Reset")
[00:04:31.987]    __dp=0x00000000
[00:04:31.987]    __ap=0x00000000
[00:04:31.987]    __traceout=0x00000000      (Trace Disabled)
[00:04:31.987]    __errorcontrol=0x00000000  (Skip Errors="False")
[00:04:31.987]    __FlashAddr=0x00000000
[00:04:31.987]    __FlashLen=0x00000000
[00:04:31.987]    __FlashArg=0x00000000
[00:04:31.987]    __FlashOp=0x00000000
[00:04:31.987]    __Result=0x00000000
[00:04:31.987]    
[00:04:31.987]    // User-defined
[00:04:31.987]    DbgMCU_CR=0x00000007
[00:04:31.987]  </debugvars>
[00:04:31.987]  
[00:04:31.987]  <sequence name="DebugCoreStart" Pname="" disable="false" info="">
[00:04:31.987]    <block atomic="false" info="">
[00:04:31.987]      Write32(0xE000EDF0, 0xA05F0001);                                        // Enable Core Debug via DHCSR
[00:04:31.988]        // -> [Write32(0xE000EDF0, 0xA05F0001)]   (__dp=0x00000000, __ap=0x00000000)
[00:04:31.988]      Write32(0xE0042004, DbgMCU_CR);                                         // DBGMCU_CR: Configure MCU Debug
[00:04:31.988]        // -> [Write32(0xE0042004, 0x00000007)]   (__dp=0x00000000, __ap=0x00000000)
[00:04:31.988]    </block>
[00:04:31.988]  </sequence>
[00:04:31.988]  
[00:05:34.718]  **********  Sequence "DebugDeviceUnlock"  (Context="Target Access", Pname="", info="")
[00:05:34.718]  
[00:05:34.725]  <debugvars>
[00:05:34.725]    // Pre-defined
[00:05:34.725]    __protocol=0x00010002      (Protocol="SWD", SWJ-DP="True")
[00:05:34.725]    __connection=0x00000202    (Connection Type="Flash", Reset Type="System Reset")
[00:05:34.725]    __dp=0x00000000
[00:05:34.725]    __ap=0x00000000
[00:05:34.725]    __traceout=0x00000000      (Trace Disabled)
[00:05:34.725]    __errorcontrol=0x00000000  (Skip Errors="False")
[00:05:34.725]    __FlashAddr=0x00000000
[00:05:34.725]    __FlashLen=0x00000000
[00:05:34.725]    __FlashArg=0x00000000
[00:05:34.725]    __FlashOp=0x00000000
[00:05:34.725]    __Result=0x00000000
[00:05:34.725]    
[00:05:34.725]    // User-defined
[00:05:34.725]    DbgMCU_CR=0x00000007
[00:05:34.725]  </debugvars>
[00:05:34.725]  
[00:05:34.725]  <sequence name="DebugDeviceUnlock" Pname="" disable="false" info="">
[00:05:34.725]    <block atomic="false" info="">
[00:05:34.725]      Sequence("CheckID");
[00:05:34.725]        <sequence name="CheckID" Pname="" disable="false" info="">
[00:05:34.725]          <block atomic="false" info="">
[00:05:34.725]            __var pidr1 = 0;
[00:05:34.726]              // -> [pidr1 <= 0x00000000]
[00:05:34.726]            __var pidr2 = 0;
[00:05:34.726]              // -> [pidr2 <= 0x00000000]
[00:05:34.726]            __var jep106id = 0;
[00:05:34.726]              // -> [jep106id <= 0x00000000]
[00:05:34.726]            __var ROMTableBase = 0;
[00:05:34.726]              // -> [ROMTableBase <= 0x00000000]
[00:05:34.726]            __ap = 0;      // AHB-AP
[00:05:34.726]              // -> [__ap <= 0x00000000]
[00:05:34.726]            ROMTableBase = ReadAP(0xF8) & ~0x3;
[00:05:34.726]              // -> [ReadAP(0x000000F8) => 0xE00FF003]   (__dp=0x00000000, __ap=0x00000000)
[00:05:34.726]              // -> [ROMTableBase <= 0xE00FF000]
[00:05:34.726]            pidr1 = Read32(ROMTableBase + 0x0FE4);
[00:05:34.727]              // -> [Read32(0xE00FFFE4) => 0x00000004]   (__dp=0x00000000, __ap=0x00000000)
[00:05:34.727]              // -> [pidr1 <= 0x00000004]
[00:05:34.727]            pidr2 = Read32(ROMTableBase + 0x0FE8);
[00:05:34.727]              // -> [Read32(0xE00FFFE8) => 0x0000000A]   (__dp=0x00000000, __ap=0x00000000)
[00:05:34.727]              // -> [pidr2 <= 0x0000000A]
[00:05:34.727]            jep106id = ((pidr2 & 0x7) << 4 ) | ((pidr1 >> 4) & 0xF);
[00:05:34.727]              // -> [jep106id <= 0x00000020]
[00:05:34.727]          </block>
[00:05:34.727]          <control if="jep106id != 0x20" while="" timeout="0" info="">
[00:05:34.727]            // if-block "jep106id != 0x20"
[00:05:34.727]              // =>  FALSE
[00:05:34.727]            // skip if-block "jep106id != 0x20"
[00:05:34.727]          </control>
[00:05:34.727]        </sequence>
[00:05:34.727]    </block>
[00:05:34.728]  </sequence>
[00:05:34.728]  
[00:05:34.728]  **********  Sequence "DebugCoreStart"  (Context="Target Access", Pname="", info="")
[00:05:34.728]  
[00:05:34.728]  <debugvars>
[00:05:34.728]    // Pre-defined
[00:05:34.728]    __protocol=0x00010002      (Protocol="SWD", SWJ-DP="True")
[00:05:34.728]    __connection=0x00000202    (Connection Type="Flash", Reset Type="System Reset")
[00:05:34.728]    __dp=0x00000000
[00:05:34.728]    __ap=0x00000000
[00:05:34.728]    __traceout=0x00000000      (Trace Disabled)
[00:05:34.728]    __errorcontrol=0x00000000  (Skip Errors="False")
[00:05:34.728]    __FlashAddr=0x00000000
[00:05:34.728]    __FlashLen=0x00000000
[00:05:34.728]    __FlashArg=0x00000000
[00:05:34.728]    __FlashOp=0x00000000
[00:05:34.728]    __Result=0x00000000
[00:05:34.728]    
[00:05:34.728]    // User-defined
[00:05:34.728]    DbgMCU_CR=0x00000007
[00:05:34.728]  </debugvars>
[00:05:34.728]  
[00:05:34.728]  <sequence name="DebugCoreStart" Pname="" disable="false" info="">
[00:05:34.728]    <block atomic="false" info="">
[00:05:34.728]      Write32(0xE000EDF0, 0xA05F0001);                                        // Enable Core Debug via DHCSR
[00:05:34.729]        // -> [Write32(0xE000EDF0, 0xA05F0001)]   (__dp=0x00000000, __ap=0x00000000)
[00:05:34.729]      Write32(0xE0042004, DbgMCU_CR);                                         // DBGMCU_CR: Configure MCU Debug
[00:05:34.729]        // -> [Write32(0xE0042004, 0x00000007)]   (__dp=0x00000000, __ap=0x00000000)
[00:05:34.729]    </block>
[00:05:34.729]  </sequence>
[00:05:34.729]  
[00:06:46.206]  **********  Sequence "DebugDeviceUnlock"  (Context="Target Access", Pname="", info="")
[00:06:46.206]  
[00:06:46.206]  <debugvars>
[00:06:46.206]    // Pre-defined
[00:06:46.206]    __protocol=0x00010002      (Protocol="SWD", SWJ-DP="True")
[00:06:46.206]    __connection=0x00000202    (Connection Type="Flash", Reset Type="System Reset")
[00:06:46.206]    __dp=0x00000000
[00:06:46.206]    __ap=0x00000000
[00:06:46.206]    __traceout=0x00000000      (Trace Disabled)
[00:06:46.206]    __errorcontrol=0x00000000  (Skip Errors="False")
[00:06:46.206]    __FlashAddr=0x00000000
[00:06:46.207]    __FlashLen=0x00000000
[00:06:46.207]    __FlashArg=0x00000000
[00:06:46.207]    __FlashOp=0x00000000
[00:06:46.207]    __Result=0x00000000
[00:06:46.207]    
[00:06:46.207]    // User-defined
[00:06:46.207]    DbgMCU_CR=0x00000007
[00:06:46.207]  </debugvars>
[00:06:46.207]  
[00:06:46.207]  <sequence name="DebugDeviceUnlock" Pname="" disable="false" info="">
[00:06:46.207]    <block atomic="false" info="">
[00:06:46.207]      Sequence("CheckID");
[00:06:46.207]        <sequence name="CheckID" Pname="" disable="false" info="">
[00:06:46.207]          <block atomic="false" info="">
[00:06:46.207]            __var pidr1 = 0;
[00:06:46.207]              // -> [pidr1 <= 0x00000000]
[00:06:46.207]            __var pidr2 = 0;
[00:06:46.207]              // -> [pidr2 <= 0x00000000]
[00:06:46.207]            __var jep106id = 0;
[00:06:46.207]              // -> [jep106id <= 0x00000000]
[00:06:46.207]            __var ROMTableBase = 0;
[00:06:46.207]              // -> [ROMTableBase <= 0x00000000]
[00:06:46.207]            __ap = 0;      // AHB-AP
[00:06:46.207]              // -> [__ap <= 0x00000000]
[00:06:46.207]            ROMTableBase = ReadAP(0xF8) & ~0x3;
[00:06:46.208]              // -> [ReadAP(0x000000F8) => 0xE00FF003]   (__dp=0x00000000, __ap=0x00000000)
[00:06:46.208]              // -> [ROMTableBase <= 0xE00FF000]
[00:06:46.208]            pidr1 = Read32(ROMTableBase + 0x0FE4);
[00:06:46.208]              // -> [Read32(0xE00FFFE4) => 0x00000004]   (__dp=0x00000000, __ap=0x00000000)
[00:06:46.208]              // -> [pidr1 <= 0x00000004]
[00:06:46.208]            pidr2 = Read32(ROMTableBase + 0x0FE8);
[00:06:46.209]              // -> [Read32(0xE00FFFE8) => 0x0000000A]   (__dp=0x00000000, __ap=0x00000000)
[00:06:46.209]              // -> [pidr2 <= 0x0000000A]
[00:06:46.209]            jep106id = ((pidr2 & 0x7) << 4 ) | ((pidr1 >> 4) & 0xF);
[00:06:46.209]              // -> [jep106id <= 0x00000020]
[00:06:46.209]          </block>
[00:06:46.209]          <control if="jep106id != 0x20" while="" timeout="0" info="">
[00:06:46.209]            // if-block "jep106id != 0x20"
[00:06:46.209]              // =>  FALSE
[00:06:46.209]            // skip if-block "jep106id != 0x20"
[00:06:46.209]          </control>
[00:06:46.209]        </sequence>
[00:06:46.209]    </block>
[00:06:46.209]  </sequence>
[00:06:46.209]  
[00:06:46.209]  **********  Sequence "DebugCoreStart"  (Context="Target Access", Pname="", info="")
[00:06:46.209]  
[00:06:46.209]  <debugvars>
[00:06:46.209]    // Pre-defined
[00:06:46.209]    __protocol=0x00010002      (Protocol="SWD", SWJ-DP="True")
[00:06:46.209]    __connection=0x00000202    (Connection Type="Flash", Reset Type="System Reset")
[00:06:46.209]    __dp=0x00000000
[00:06:46.209]    __ap=0x00000000
[00:06:46.209]    __traceout=0x00000000      (Trace Disabled)
[00:06:46.209]    __errorcontrol=0x00000000  (Skip Errors="False")
[00:06:46.209]    __FlashAddr=0x00000000
[00:06:46.209]    __FlashLen=0x00000000
[00:06:46.209]    __FlashArg=0x00000000
[00:06:46.209]    __FlashOp=0x00000000
[00:06:46.209]    __Result=0x00000000
[00:06:46.209]    
[00:06:46.209]    // User-defined
[00:06:46.210]    DbgMCU_CR=0x00000007
[00:06:46.210]  </debugvars>
[00:06:46.210]  
[00:06:46.210]  <sequence name="DebugCoreStart" Pname="" disable="false" info="">
[00:06:46.210]    <block atomic="false" info="">
[00:06:46.210]      Write32(0xE000EDF0, 0xA05F0001);                                        // Enable Core Debug via DHCSR
[00:06:46.210]        // -> [Write32(0xE000EDF0, 0xA05F0001)]   (__dp=0x00000000, __ap=0x00000000)
[00:06:46.210]      Write32(0xE0042004, DbgMCU_CR);                                         // DBGMCU_CR: Configure MCU Debug
[00:06:46.211]        // -> [Write32(0xE0042004, 0x00000007)]   (__dp=0x00000000, __ap=0x00000000)
[00:06:46.211]    </block>
[00:06:46.211]  </sequence>
[00:06:46.211]  
[00:07:23.540]  **********  Sequence "DebugDeviceUnlock"  (Context="Target Access", Pname="", info="")
[00:07:23.540]  
[00:07:23.548]  <debugvars>
[00:07:23.548]    // Pre-defined
[00:07:23.548]    __protocol=0x00010002      (Protocol="SWD", SWJ-DP="True")
[00:07:23.548]    __connection=0x00000202    (Connection Type="Flash", Reset Type="System Reset")
[00:07:23.548]    __dp=0x00000000
[00:07:23.548]    __ap=0x00000000
[00:07:23.548]    __traceout=0x00000000      (Trace Disabled)
[00:07:23.548]    __errorcontrol=0x00000000  (Skip Errors="False")
[00:07:23.549]    __FlashAddr=0x00000000
[00:07:23.549]    __FlashLen=0x00000000
[00:07:23.549]    __FlashArg=0x00000000
[00:07:23.549]    __FlashOp=0x00000000
[00:07:23.549]    __Result=0x00000000
[00:07:23.549]    
[00:07:23.549]    // User-defined
[00:07:23.549]    DbgMCU_CR=0x00000007
[00:07:23.549]  </debugvars>
[00:07:23.549]  
[00:07:23.549]  <sequence name="DebugDeviceUnlock" Pname="" disable="false" info="">
[00:07:23.549]    <block atomic="false" info="">
[00:07:23.549]      Sequence("CheckID");
[00:07:23.549]        <sequence name="CheckID" Pname="" disable="false" info="">
[00:07:23.549]          <block atomic="false" info="">
[00:07:23.549]            __var pidr1 = 0;
[00:07:23.549]              // -> [pidr1 <= 0x00000000]
[00:07:23.549]            __var pidr2 = 0;
[00:07:23.549]              // -> [pidr2 <= 0x00000000]
[00:07:23.549]            __var jep106id = 0;
[00:07:23.549]              // -> [jep106id <= 0x00000000]
[00:07:23.549]            __var ROMTableBase = 0;
[00:07:23.549]              // -> [ROMTableBase <= 0x00000000]
[00:07:23.549]            __ap = 0;      // AHB-AP
[00:07:23.549]              // -> [__ap <= 0x00000000]
[00:07:23.549]            ROMTableBase = ReadAP(0xF8) & ~0x3;
[00:07:23.549]              // -> [ReadAP(0x000000F8) => 0xE00FF003]   (__dp=0x00000000, __ap=0x00000000)
[00:07:23.549]              // -> [ROMTableBase <= 0xE00FF000]
[00:07:23.549]            pidr1 = Read32(ROMTableBase + 0x0FE4);
[00:07:23.550]              // -> [Read32(0xE00FFFE4) => 0x00000004]   (__dp=0x00000000, __ap=0x00000000)
[00:07:23.550]              // -> [pidr1 <= 0x00000004]
[00:07:23.550]            pidr2 = Read32(ROMTableBase + 0x0FE8);
[00:07:23.550]              // -> [Read32(0xE00FFFE8) => 0x0000000A]   (__dp=0x00000000, __ap=0x00000000)
[00:07:23.550]              // -> [pidr2 <= 0x0000000A]
[00:07:23.550]            jep106id = ((pidr2 & 0x7) << 4 ) | ((pidr1 >> 4) & 0xF);
[00:07:23.550]              // -> [jep106id <= 0x00000020]
[00:07:23.550]          </block>
[00:07:23.550]          <control if="jep106id != 0x20" while="" timeout="0" info="">
[00:07:23.550]            // if-block "jep106id != 0x20"
[00:07:23.551]              // =>  FALSE
[00:07:23.551]            // skip if-block "jep106id != 0x20"
[00:07:23.551]          </control>
[00:07:23.551]        </sequence>
[00:07:23.551]    </block>
[00:07:23.551]  </sequence>
[00:07:23.551]  
[00:07:23.551]  **********  Sequence "DebugCoreStart"  (Context="Target Access", Pname="", info="")
[00:07:23.551]  
[00:07:23.551]  <debugvars>
[00:07:23.551]    // Pre-defined
[00:07:23.551]    __protocol=0x00010002      (Protocol="SWD", SWJ-DP="True")
[00:07:23.551]    __connection=0x00000202    (Connection Type="Flash", Reset Type="System Reset")
[00:07:23.551]    __dp=0x00000000
[00:07:23.551]    __ap=0x00000000
[00:07:23.551]    __traceout=0x00000000      (Trace Disabled)
[00:07:23.551]    __errorcontrol=0x00000000  (Skip Errors="False")
[00:07:23.551]    __FlashAddr=0x00000000
[00:07:23.551]    __FlashLen=0x00000000
[00:07:23.551]    __FlashArg=0x00000000
[00:07:23.551]    __FlashOp=0x00000000
[00:07:23.551]    __Result=0x00000000
[00:07:23.552]    
[00:07:23.552]    // User-defined
[00:07:23.552]    DbgMCU_CR=0x00000007
[00:07:23.552]  </debugvars>
[00:07:23.552]  
[00:07:23.552]  <sequence name="DebugCoreStart" Pname="" disable="false" info="">
[00:07:23.552]    <block atomic="false" info="">
[00:07:23.552]      Write32(0xE000EDF0, 0xA05F0001);                                        // Enable Core Debug via DHCSR
[00:07:23.552]        // -> [Write32(0xE000EDF0, 0xA05F0001)]   (__dp=0x00000000, __ap=0x00000000)
[00:07:23.552]      Write32(0xE0042004, DbgMCU_CR);                                         // DBGMCU_CR: Configure MCU Debug
[00:07:23.553]        // -> [Write32(0xE0042004, 0x00000007)]   (__dp=0x00000000, __ap=0x00000000)
[00:07:23.553]    </block>
[00:07:23.553]  </sequence>
[00:07:23.553]  
[00:07:39.354]  **********  Sequence "DebugDeviceUnlock"  (Context="Target Access", Pname="", info="")
[00:07:39.354]  
[00:07:39.361]  <debugvars>
[00:07:39.361]    // Pre-defined
[00:07:39.361]    __protocol=0x00010002      (Protocol="SWD", SWJ-DP="True")
[00:07:39.361]    __connection=0x00000202    (Connection Type="Flash", Reset Type="System Reset")
[00:07:39.361]    __dp=0x00000000
[00:07:39.361]    __ap=0x00000000
[00:07:39.361]    __traceout=0x00000000      (Trace Disabled)
[00:07:39.361]    __errorcontrol=0x00000000  (Skip Errors="False")
[00:07:39.361]    __FlashAddr=0x00000000
[00:07:39.361]    __FlashLen=0x00000000
[00:07:39.361]    __FlashArg=0x00000000
[00:07:39.361]    __FlashOp=0x00000000
[00:07:39.361]    __Result=0x00000000
[00:07:39.361]    
[00:07:39.361]    // User-defined
[00:07:39.361]    DbgMCU_CR=0x00000007
[00:07:39.361]  </debugvars>
[00:07:39.362]  
[00:07:39.362]  <sequence name="DebugDeviceUnlock" Pname="" disable="false" info="">
[00:07:39.362]    <block atomic="false" info="">
[00:07:39.362]      Sequence("CheckID");
[00:07:39.362]        <sequence name="CheckID" Pname="" disable="false" info="">
[00:07:39.362]          <block atomic="false" info="">
[00:07:39.362]            __var pidr1 = 0;
[00:07:39.362]              // -> [pidr1 <= 0x00000000]
[00:07:39.362]            __var pidr2 = 0;
[00:07:39.362]              // -> [pidr2 <= 0x00000000]
[00:07:39.362]            __var jep106id = 0;
[00:07:39.362]              // -> [jep106id <= 0x00000000]
[00:07:39.362]            __var ROMTableBase = 0;
[00:07:39.363]              // -> [ROMTableBase <= 0x00000000]
[00:07:39.363]            __ap = 0;      // AHB-AP
[00:07:39.363]              // -> [__ap <= 0x00000000]
[00:07:39.363]            ROMTableBase = ReadAP(0xF8) & ~0x3;
[00:07:39.363]              // -> [ReadAP(0x000000F8) => 0xE00FF003]   (__dp=0x00000000, __ap=0x00000000)
[00:07:39.363]              // -> [ROMTableBase <= 0xE00FF000]
[00:07:39.363]            pidr1 = Read32(ROMTableBase + 0x0FE4);
[00:07:39.364]              // -> [Read32(0xE00FFFE4) => 0x00000004]   (__dp=0x00000000, __ap=0x00000000)
[00:07:39.364]              // -> [pidr1 <= 0x00000004]
[00:07:39.364]            pidr2 = Read32(ROMTableBase + 0x0FE8);
[00:07:39.364]              // -> [Read32(0xE00FFFE8) => 0x0000000A]   (__dp=0x00000000, __ap=0x00000000)
[00:07:39.364]              // -> [pidr2 <= 0x0000000A]
[00:07:39.364]            jep106id = ((pidr2 & 0x7) << 4 ) | ((pidr1 >> 4) & 0xF);
[00:07:39.364]              // -> [jep106id <= 0x00000020]
[00:07:39.364]          </block>
[00:07:39.364]          <control if="jep106id != 0x20" while="" timeout="0" info="">
[00:07:39.365]            // if-block "jep106id != 0x20"
[00:07:39.365]              // =>  FALSE
[00:07:39.365]            // skip if-block "jep106id != 0x20"
[00:07:39.365]          </control>
[00:07:39.365]        </sequence>
[00:07:39.365]    </block>
[00:07:39.365]  </sequence>
[00:07:39.365]  
[00:07:39.365]  **********  Sequence "DebugCoreStart"  (Context="Target Access", Pname="", info="")
[00:07:39.365]  
[00:07:39.365]  <debugvars>
[00:07:39.365]    // Pre-defined
[00:07:39.365]    __protocol=0x00010002      (Protocol="SWD", SWJ-DP="True")
[00:07:39.365]    __connection=0x00000202    (Connection Type="Flash", Reset Type="System Reset")
[00:07:39.365]    __dp=0x00000000
[00:07:39.365]    __ap=0x00000000
[00:07:39.365]    __traceout=0x00000000      (Trace Disabled)
[00:07:39.365]    __errorcontrol=0x00000000  (Skip Errors="False")
[00:07:39.365]    __FlashAddr=0x00000000
[00:07:39.365]    __FlashLen=0x00000000
[00:07:39.365]    __FlashArg=0x00000000
[00:07:39.366]    __FlashOp=0x00000000
[00:07:39.366]    __Result=0x00000000
[00:07:39.366]    
[00:07:39.366]    // User-defined
[00:07:39.366]    DbgMCU_CR=0x00000007
[00:07:39.366]  </debugvars>
[00:07:39.366]  
[00:07:39.366]  <sequence name="DebugCoreStart" Pname="" disable="false" info="">
[00:07:39.366]    <block atomic="false" info="">
[00:07:39.366]      Write32(0xE000EDF0, 0xA05F0001);                                        // Enable Core Debug via DHCSR
[00:07:39.366]        // -> [Write32(0xE000EDF0, 0xA05F0001)]   (__dp=0x00000000, __ap=0x00000000)
[00:07:39.367]      Write32(0xE0042004, DbgMCU_CR);                                         // DBGMCU_CR: Configure MCU Debug
[00:07:39.367]        // -> [Write32(0xE0042004, 0x00000007)]   (__dp=0x00000000, __ap=0x00000000)
[00:07:39.367]    </block>
[00:07:39.367]  </sequence>
[00:07:39.367]  
[00:08:57.584]  **********  Sequence "DebugDeviceUnlock"  (Context="Target Access", Pname="", info="")
[00:08:57.584]  
[00:08:57.585]  <debugvars>
[00:08:57.585]    // Pre-defined
[00:08:57.585]    __protocol=0x00010002      (Protocol="SWD", SWJ-DP="True")
[00:08:57.585]    __connection=0x00000201    (Connection Type="Debug", Reset Type="System Reset")
[00:08:57.585]    __dp=0x00000000
[00:08:57.585]    __ap=0x00000000
[00:08:57.585]    __traceout=0x00000000      (Trace Disabled)
[00:08:57.585]    __errorcontrol=0x00000000  (Skip Errors="False")
[00:08:57.585]    __FlashAddr=0x00000000
[00:08:57.585]    __FlashLen=0x00000000
[00:08:57.585]    __FlashArg=0x00000000
[00:08:57.585]    __FlashOp=0x00000000
[00:08:57.585]    __Result=0x00000000
[00:08:57.585]    
[00:08:57.585]    // User-defined
[00:08:57.585]    DbgMCU_CR=0x00000007
[00:08:57.585]  </debugvars>
[00:08:57.585]  
[00:08:57.585]  <sequence name="DebugDeviceUnlock" Pname="" disable="false" info="">
[00:08:57.585]    <block atomic="false" info="">
[00:08:57.585]      Sequence("CheckID");
[00:08:57.585]        <sequence name="CheckID" Pname="" disable="false" info="">
[00:08:57.586]          <block atomic="false" info="">
[00:08:57.586]            __var pidr1 = 0;
[00:08:57.586]              // -> [pidr1 <= 0x00000000]
[00:08:57.586]            __var pidr2 = 0;
[00:08:57.586]              // -> [pidr2 <= 0x00000000]
[00:08:57.586]            __var jep106id = 0;
[00:08:57.586]              // -> [jep106id <= 0x00000000]
[00:08:57.586]            __var ROMTableBase = 0;
[00:08:57.586]              // -> [ROMTableBase <= 0x00000000]
[00:08:57.586]            __ap = 0;      // AHB-AP
[00:08:57.586]              // -> [__ap <= 0x00000000]
[00:08:57.586]            ROMTableBase = ReadAP(0xF8) & ~0x3;
[00:08:57.586]              // -> [ReadAP(0x000000F8) => 0xE00FF003]   (__dp=0x00000000, __ap=0x00000000)
[00:08:57.586]              // -> [ROMTableBase <= 0xE00FF000]
[00:08:57.586]            pidr1 = Read32(ROMTableBase + 0x0FE4);
[00:08:57.587]              // -> [Read32(0xE00FFFE4) => 0x00000004]   (__dp=0x00000000, __ap=0x00000000)
[00:08:57.587]              // -> [pidr1 <= 0x00000004]
[00:08:57.587]            pidr2 = Read32(ROMTableBase + 0x0FE8);
[00:08:57.587]              // -> [Read32(0xE00FFFE8) => 0x0000000A]   (__dp=0x00000000, __ap=0x00000000)
[00:08:57.587]              // -> [pidr2 <= 0x0000000A]
[00:08:57.587]            jep106id = ((pidr2 & 0x7) << 4 ) | ((pidr1 >> 4) & 0xF);
[00:08:57.587]              // -> [jep106id <= 0x00000020]
[00:08:57.587]          </block>
[00:08:57.587]          <control if="jep106id != 0x20" while="" timeout="0" info="">
[00:08:57.587]            // if-block "jep106id != 0x20"
[00:08:57.587]              // =>  FALSE
[00:08:57.587]            // skip if-block "jep106id != 0x20"
[00:08:57.587]          </control>
[00:08:57.587]        </sequence>
[00:08:57.587]    </block>
[00:08:57.587]  </sequence>
[00:08:57.587]  
[00:08:57.587]  **********  Sequence "DebugCoreStart"  (Context="Target Access", Pname="", info="")
[00:08:57.587]  
[00:08:57.587]  <debugvars>
[00:08:57.587]    // Pre-defined
[00:08:57.587]    __protocol=0x00010002      (Protocol="SWD", SWJ-DP="True")
[00:08:57.587]    __connection=0x00000201    (Connection Type="Debug", Reset Type="System Reset")
[00:08:57.587]    __dp=0x00000000
[00:08:57.589]    __ap=0x00000000
[00:08:57.589]    __traceout=0x00000000      (Trace Disabled)
[00:08:57.589]    __errorcontrol=0x00000000  (Skip Errors="False")
[00:08:57.589]    __FlashAddr=0x00000000
[00:08:57.589]    __FlashLen=0x00000000
[00:08:57.589]    __FlashArg=0x00000000
[00:08:57.589]    __FlashOp=0x00000000
[00:08:57.589]    __Result=0x00000000
[00:08:57.589]    
[00:08:57.589]    // User-defined
[00:08:57.589]    DbgMCU_CR=0x00000007
[00:08:57.589]  </debugvars>
[00:08:57.589]  
[00:08:57.589]  <sequence name="DebugCoreStart" Pname="" disable="false" info="">
[00:08:57.589]    <block atomic="false" info="">
[00:08:57.589]      Write32(0xE000EDF0, 0xA05F0001);                                        // Enable Core Debug via DHCSR
[00:08:57.589]        // -> [Write32(0xE000EDF0, 0xA05F0001)]   (__dp=0x00000000, __ap=0x00000000)
[00:08:57.589]      Write32(0xE0042004, DbgMCU_CR);                                         // DBGMCU_CR: Configure MCU Debug
[00:08:57.589]        // -> [Write32(0xE0042004, 0x00000007)]   (__dp=0x00000000, __ap=0x00000000)
[00:08:57.589]    </block>
[00:08:57.589]  </sequence>
[00:08:57.589]  
[00:32:21.567]  **********  Sequence "DebugDeviceUnlock"  (Context="Target Access", Pname="", info="")
[00:32:21.567]  
[00:32:21.574]  <debugvars>
[00:32:21.574]    // Pre-defined
[00:32:21.574]    __protocol=0x00010002      (Protocol="SWD", SWJ-DP="True")
[00:32:21.575]    __connection=0x00000202    (Connection Type="Flash", Reset Type="System Reset")
[00:32:21.575]    __dp=0x00000000
[00:32:21.575]    __ap=0x00000000
[00:32:21.575]    __traceout=0x00000000      (Trace Disabled)
[00:32:21.575]    __errorcontrol=0x00000000  (Skip Errors="False")
[00:32:21.575]    __FlashAddr=0x00000000
[00:32:21.575]    __FlashLen=0x00000000
[00:32:21.575]    __FlashArg=0x00000000
[00:32:21.575]    __FlashOp=0x00000000
[00:32:21.575]    __Result=0x00000000
[00:32:21.575]    
[00:32:21.575]    // User-defined
[00:32:21.575]    DbgMCU_CR=0x00000007
[00:32:21.575]  </debugvars>
[00:32:21.575]  
[00:32:21.575]  <sequence name="DebugDeviceUnlock" Pname="" disable="false" info="">
[00:32:21.575]    <block atomic="false" info="">
[00:32:21.575]      Sequence("CheckID");
[00:32:21.575]        <sequence name="CheckID" Pname="" disable="false" info="">
[00:32:21.575]          <block atomic="false" info="">
[00:32:21.575]            __var pidr1 = 0;
[00:32:21.575]              // -> [pidr1 <= 0x00000000]
[00:32:21.575]            __var pidr2 = 0;
[00:32:21.575]              // -> [pidr2 <= 0x00000000]
[00:32:21.575]            __var jep106id = 0;
[00:32:21.575]              // -> [jep106id <= 0x00000000]
[00:32:21.575]            __var ROMTableBase = 0;
[00:32:21.575]              // -> [ROMTableBase <= 0x00000000]
[00:32:21.576]            __ap = 0;      // AHB-AP
[00:32:21.576]              // -> [__ap <= 0x00000000]
[00:32:21.576]            ROMTableBase = ReadAP(0xF8) & ~0x3;
[00:32:21.576]              // -> [ReadAP(0x000000F8) => 0xE00FF003]   (__dp=0x00000000, __ap=0x00000000)
[00:32:21.576]              // -> [ROMTableBase <= 0xE00FF000]
[00:32:21.576]            pidr1 = Read32(ROMTableBase + 0x0FE4);
[00:32:21.577]              // -> [Read32(0xE00FFFE4) => 0x00000004]   (__dp=0x00000000, __ap=0x00000000)
[00:32:21.577]              // -> [pidr1 <= 0x00000004]
[00:32:21.577]            pidr2 = Read32(ROMTableBase + 0x0FE8);
[00:32:21.577]              // -> [Read32(0xE00FFFE8) => 0x0000000A]   (__dp=0x00000000, __ap=0x00000000)
[00:32:21.577]              // -> [pidr2 <= 0x0000000A]
[00:32:21.577]            jep106id = ((pidr2 & 0x7) << 4 ) | ((pidr1 >> 4) & 0xF);
[00:32:21.577]              // -> [jep106id <= 0x00000020]
[00:32:21.577]          </block>
[00:32:21.577]          <control if="jep106id != 0x20" while="" timeout="0" info="">
[00:32:21.577]            // if-block "jep106id != 0x20"
[00:32:21.577]              // =>  FALSE
[00:32:21.577]            // skip if-block "jep106id != 0x20"
[00:32:21.577]          </control>
[00:32:21.577]        </sequence>
[00:32:21.577]    </block>
[00:32:21.577]  </sequence>
[00:32:21.578]  
[00:32:21.578]  **********  Sequence "DebugCoreStart"  (Context="Target Access", Pname="", info="")
[00:32:21.578]  
[00:32:21.578]  <debugvars>
[00:32:21.578]    // Pre-defined
[00:32:21.578]    __protocol=0x00010002      (Protocol="SWD", SWJ-DP="True")
[00:32:21.578]    __connection=0x00000202    (Connection Type="Flash", Reset Type="System Reset")
[00:32:21.578]    __dp=0x00000000
[00:32:21.578]    __ap=0x00000000
[00:32:21.578]    __traceout=0x00000000      (Trace Disabled)
[00:32:21.578]    __errorcontrol=0x00000000  (Skip Errors="False")
[00:32:21.578]    __FlashAddr=0x00000000
[00:32:21.578]    __FlashLen=0x00000000
[00:32:21.578]    __FlashArg=0x00000000
[00:32:21.578]    __FlashOp=0x00000000
[00:32:21.578]    __Result=0x00000000
[00:32:21.578]    
[00:32:21.578]    // User-defined
[00:32:21.578]    DbgMCU_CR=0x00000007
[00:32:21.578]  </debugvars>
[00:32:21.578]  
[00:32:21.578]  <sequence name="DebugCoreStart" Pname="" disable="false" info="">
[00:32:21.578]    <block atomic="false" info="">
[00:32:21.578]      Write32(0xE000EDF0, 0xA05F0001);                                        // Enable Core Debug via DHCSR
[00:32:21.579]        // -> [Write32(0xE000EDF0, 0xA05F0001)]   (__dp=0x00000000, __ap=0x00000000)
[00:32:21.579]      Write32(0xE0042004, DbgMCU_CR);                                         // DBGMCU_CR: Configure MCU Debug
[00:32:21.579]        // -> [Write32(0xE0042004, 0x00000007)]   (__dp=0x00000000, __ap=0x00000000)
[00:32:21.579]    </block>
[00:32:21.579]  </sequence>
[00:32:21.579]  
[00:37:15.539]  **********  Sequence "DebugDeviceUnlock"  (Context="Target Access", Pname="", info="")
[00:37:15.539]  
[00:37:15.539]  <debugvars>
[00:37:15.539]    // Pre-defined
[00:37:15.539]    __protocol=0x00010002      (Protocol="SWD", SWJ-DP="True")
[00:37:15.539]    __connection=0x00000201    (Connection Type="Debug", Reset Type="System Reset")
[00:37:15.539]    __dp=0x00000000
[00:37:15.539]    __ap=0x00000000
[00:37:15.539]    __traceout=0x00000000      (Trace Disabled)
[00:37:15.539]    __errorcontrol=0x00000000  (Skip Errors="False")
[00:37:15.539]    __FlashAddr=0x00000000
[00:37:15.539]    __FlashLen=0x00000000
[00:37:15.539]    __FlashArg=0x00000000
[00:37:15.539]    __FlashOp=0x00000000
[00:37:15.539]    __Result=0x00000000
[00:37:15.539]    
[00:37:15.539]    // User-defined
[00:37:15.539]    DbgMCU_CR=0x00000007
[00:37:15.539]  </debugvars>
[00:37:15.539]  
[00:37:15.539]  <sequence name="DebugDeviceUnlock" Pname="" disable="false" info="">
[00:37:15.539]    <block atomic="false" info="">
[00:37:15.539]      Sequence("CheckID");
[00:37:15.539]        <sequence name="CheckID" Pname="" disable="false" info="">
[00:37:15.539]          <block atomic="false" info="">
[00:37:15.540]            __var pidr1 = 0;
[00:37:15.540]              // -> [pidr1 <= 0x00000000]
[00:37:15.540]            __var pidr2 = 0;
[00:37:15.540]              // -> [pidr2 <= 0x00000000]
[00:37:15.540]            __var jep106id = 0;
[00:37:15.540]              // -> [jep106id <= 0x00000000]
[00:37:15.540]            __var ROMTableBase = 0;
[00:37:15.540]              // -> [ROMTableBase <= 0x00000000]
[00:37:15.540]            __ap = 0;      // AHB-AP
[00:37:15.540]              // -> [__ap <= 0x00000000]
[00:37:15.540]            ROMTableBase = ReadAP(0xF8) & ~0x3;
[00:37:15.540]              // -> [ReadAP(0x000000F8) => 0xE00FF003]   (__dp=0x00000000, __ap=0x00000000)
[00:37:15.540]              // -> [ROMTableBase <= 0xE00FF000]
[00:37:15.540]            pidr1 = Read32(ROMTableBase + 0x0FE4);
[00:37:15.541]              // -> [Read32(0xE00FFFE4) => 0x00000004]   (__dp=0x00000000, __ap=0x00000000)
[00:37:15.541]              // -> [pidr1 <= 0x00000004]
[00:37:15.541]            pidr2 = Read32(ROMTableBase + 0x0FE8);
[00:37:15.541]              // -> [Read32(0xE00FFFE8) => 0x0000000A]   (__dp=0x00000000, __ap=0x00000000)
[00:37:15.541]              // -> [pidr2 <= 0x0000000A]
[00:37:15.541]            jep106id = ((pidr2 & 0x7) << 4 ) | ((pidr1 >> 4) & 0xF);
[00:37:15.542]              // -> [jep106id <= 0x00000020]
[00:37:15.542]          </block>
[00:37:15.542]          <control if="jep106id != 0x20" while="" timeout="0" info="">
[00:37:15.542]            // if-block "jep106id != 0x20"
[00:37:15.542]              // =>  FALSE
[00:37:15.542]            // skip if-block "jep106id != 0x20"
[00:37:15.542]          </control>
[00:37:15.542]        </sequence>
[00:37:15.542]    </block>
[00:37:15.542]  </sequence>
[00:37:15.542]  
[00:37:15.542]  **********  Sequence "DebugCoreStart"  (Context="Target Access", Pname="", info="")
[00:37:15.542]  
[00:37:15.542]  <debugvars>
[00:37:15.542]    // Pre-defined
[00:37:15.542]    __protocol=0x00010002      (Protocol="SWD", SWJ-DP="True")
[00:37:15.542]    __connection=0x00000201    (Connection Type="Debug", Reset Type="System Reset")
[00:37:15.542]    __dp=0x00000000
[00:37:15.542]    __ap=0x00000000
[00:37:15.542]    __traceout=0x00000000      (Trace Disabled)
[00:37:15.542]    __errorcontrol=0x00000000  (Skip Errors="False")
[00:37:15.543]    __FlashAddr=0x00000000
[00:37:15.543]    __FlashLen=0x00000000
[00:37:15.543]    __FlashArg=0x00000000
[00:37:15.543]    __FlashOp=0x00000000
[00:37:15.543]    __Result=0x00000000
[00:37:15.543]    
[00:37:15.543]    // User-defined
[00:37:15.543]    DbgMCU_CR=0x00000007
[00:37:15.543]  </debugvars>
[00:37:15.543]  
[00:37:15.543]  <sequence name="DebugCoreStart" Pname="" disable="false" info="">
[00:37:15.543]    <block atomic="false" info="">
[00:37:15.543]      Write32(0xE000EDF0, 0xA05F0001);                                        // Enable Core Debug via DHCSR
[00:37:15.543]        // -> [Write32(0xE000EDF0, 0xA05F0001)]   (__dp=0x00000000, __ap=0x00000000)
[00:37:15.543]      Write32(0xE0042004, DbgMCU_CR);                                         // DBGMCU_CR: Configure MCU Debug
[00:37:15.544]        // -> [Write32(0xE0042004, 0x00000007)]   (__dp=0x00000000, __ap=0x00000000)
[00:37:15.544]    </block>
[00:37:15.544]  </sequence>
[00:37:15.544]  
[00:39:59.096]  **********  Sequence "DebugDeviceUnlock"  (Context="Target Access", Pname="", info="")
[00:39:59.096]  
[00:39:59.096]  <debugvars>
[00:39:59.096]    // Pre-defined
[00:39:59.096]    __protocol=0x00010002      (Protocol="SWD", SWJ-DP="True")
[00:39:59.096]    __connection=0x00000202    (Connection Type="Flash", Reset Type="System Reset")
[00:39:59.096]    __dp=0x00000000
[00:39:59.096]    __ap=0x00000000
[00:39:59.096]    __traceout=0x00000000      (Trace Disabled)
[00:39:59.096]    __errorcontrol=0x00000000  (Skip Errors="False")
[00:39:59.096]    __FlashAddr=0x00000000
[00:39:59.096]    __FlashLen=0x00000000
[00:39:59.096]    __FlashArg=0x00000000
[00:39:59.096]    __FlashOp=0x00000000
[00:39:59.096]    __Result=0x00000000
[00:39:59.096]    
[00:39:59.096]    // User-defined
[00:39:59.096]    DbgMCU_CR=0x00000007
[00:39:59.096]  </debugvars>
[00:39:59.097]  
[00:39:59.097]  <sequence name="DebugDeviceUnlock" Pname="" disable="false" info="">
[00:39:59.097]    <block atomic="false" info="">
[00:39:59.097]      Sequence("CheckID");
[00:39:59.097]        <sequence name="CheckID" Pname="" disable="false" info="">
[00:39:59.097]          <block atomic="false" info="">
[00:39:59.097]            __var pidr1 = 0;
[00:39:59.097]              // -> [pidr1 <= 0x00000000]
[00:39:59.097]            __var pidr2 = 0;
[00:39:59.097]              // -> [pidr2 <= 0x00000000]
[00:39:59.097]            __var jep106id = 0;
[00:39:59.097]              // -> [jep106id <= 0x00000000]
[00:39:59.097]            __var ROMTableBase = 0;
[00:39:59.097]              // -> [ROMTableBase <= 0x00000000]
[00:39:59.097]            __ap = 0;      // AHB-AP
[00:39:59.097]              // -> [__ap <= 0x00000000]
[00:39:59.098]            ROMTableBase = ReadAP(0xF8) & ~0x3;
[00:39:59.098]              // -> [ReadAP(0x000000F8) => 0xE00FF003]   (__dp=0x00000000, __ap=0x00000000)
[00:39:59.098]              // -> [ROMTableBase <= 0xE00FF000]
[00:39:59.098]            pidr1 = Read32(ROMTableBase + 0x0FE4);
[00:39:59.098]              // -> [Read32(0xE00FFFE4) => 0x00000004]   (__dp=0x00000000, __ap=0x00000000)
[00:39:59.098]              // -> [pidr1 <= 0x00000004]
[00:39:59.098]            pidr2 = Read32(ROMTableBase + 0x0FE8);
[00:39:59.099]              // -> [Read32(0xE00FFFE8) => 0x0000000A]   (__dp=0x00000000, __ap=0x00000000)
[00:39:59.099]              // -> [pidr2 <= 0x0000000A]
[00:39:59.099]            jep106id = ((pidr2 & 0x7) << 4 ) | ((pidr1 >> 4) & 0xF);
[00:39:59.099]              // -> [jep106id <= 0x00000020]
[00:39:59.099]          </block>
[00:39:59.099]          <control if="jep106id != 0x20" while="" timeout="0" info="">
[00:39:59.099]            // if-block "jep106id != 0x20"
[00:39:59.099]              // =>  FALSE
[00:39:59.099]            // skip if-block "jep106id != 0x20"
[00:39:59.099]          </control>
[00:39:59.099]        </sequence>
[00:39:59.099]    </block>
[00:39:59.099]  </sequence>
[00:39:59.099]  
[00:39:59.100]  **********  Sequence "DebugCoreStart"  (Context="Target Access", Pname="", info="")
[00:39:59.100]  
[00:39:59.100]  <debugvars>
[00:39:59.100]    // Pre-defined
[00:39:59.100]    __protocol=0x00010002      (Protocol="SWD", SWJ-DP="True")
[00:39:59.100]    __connection=0x00000202    (Connection Type="Flash", Reset Type="System Reset")
[00:39:59.100]    __dp=0x00000000
[00:39:59.100]    __ap=0x00000000
[00:39:59.100]    __traceout=0x00000000      (Trace Disabled)
[00:39:59.100]    __errorcontrol=0x00000000  (Skip Errors="False")
[00:39:59.100]    __FlashAddr=0x00000000
[00:39:59.100]    __FlashLen=0x00000000
[00:39:59.100]    __FlashArg=0x00000000
[00:39:59.100]    __FlashOp=0x00000000
[00:39:59.100]    __Result=0x00000000
[00:39:59.100]    
[00:39:59.100]    // User-defined
[00:39:59.100]    DbgMCU_CR=0x00000007
[00:39:59.100]  </debugvars>
[00:39:59.100]  
[00:39:59.100]  <sequence name="DebugCoreStart" Pname="" disable="false" info="">
[00:39:59.100]    <block atomic="false" info="">
[00:39:59.100]      Write32(0xE000EDF0, 0xA05F0001);                                        // Enable Core Debug via DHCSR
[00:39:59.101]        // -> [Write32(0xE000EDF0, 0xA05F0001)]   (__dp=0x00000000, __ap=0x00000000)
[00:39:59.101]      Write32(0xE0042004, DbgMCU_CR);                                         // DBGMCU_CR: Configure MCU Debug
[00:39:59.101]        // -> [Write32(0xE0042004, 0x00000007)]   (__dp=0x00000000, __ap=0x00000000)
[00:39:59.101]    </block>
[00:39:59.101]  </sequence>
[00:39:59.101]  
[00:40:02.514]  **********  Sequence "DebugDeviceUnlock"  (Context="Target Access", Pname="", info="")
[00:40:02.514]  
[00:40:02.514]  <debugvars>
[00:40:02.514]    // Pre-defined
[00:40:02.514]    __protocol=0x00010002      (Protocol="SWD", SWJ-DP="True")
[00:40:02.514]    __connection=0x00000201    (Connection Type="Debug", Reset Type="System Reset")
[00:40:02.514]    __dp=0x00000000
[00:40:02.514]    __ap=0x00000000
[00:40:02.514]    __traceout=0x00000000      (Trace Disabled)
[00:40:02.514]    __errorcontrol=0x00000000  (Skip Errors="False")
[00:40:02.514]    __FlashAddr=0x00000000
[00:40:02.515]    __FlashLen=0x00000000
[00:40:02.515]    __FlashArg=0x00000000
[00:40:02.515]    __FlashOp=0x00000000
[00:40:02.515]    __Result=0x00000000
[00:40:02.515]    
[00:40:02.515]    // User-defined
[00:40:02.515]    DbgMCU_CR=0x00000007
[00:40:02.515]  </debugvars>
[00:40:02.515]  
[00:40:02.515]  <sequence name="DebugDeviceUnlock" Pname="" disable="false" info="">
[00:40:02.515]    <block atomic="false" info="">
[00:40:02.515]      Sequence("CheckID");
[00:40:02.515]        <sequence name="CheckID" Pname="" disable="false" info="">
[00:40:02.515]          <block atomic="false" info="">
[00:40:02.515]            __var pidr1 = 0;
[00:40:02.515]              // -> [pidr1 <= 0x00000000]
[00:40:02.515]            __var pidr2 = 0;
[00:40:02.515]              // -> [pidr2 <= 0x00000000]
[00:40:02.515]            __var jep106id = 0;
[00:40:02.515]              // -> [jep106id <= 0x00000000]
[00:40:02.515]            __var ROMTableBase = 0;
[00:40:02.515]              // -> [ROMTableBase <= 0x00000000]
[00:40:02.515]            __ap = 0;      // AHB-AP
[00:40:02.515]              // -> [__ap <= 0x00000000]
[00:40:02.515]            ROMTableBase = ReadAP(0xF8) & ~0x3;
[00:40:02.516]              // -> [ReadAP(0x000000F8) => 0xE00FF003]   (__dp=0x00000000, __ap=0x00000000)
[00:40:02.516]              // -> [ROMTableBase <= 0xE00FF000]
[00:40:02.516]            pidr1 = Read32(ROMTableBase + 0x0FE4);
[00:40:02.516]              // -> [Read32(0xE00FFFE4) => 0x00000004]   (__dp=0x00000000, __ap=0x00000000)
[00:40:02.516]              // -> [pidr1 <= 0x00000004]
[00:40:02.516]            pidr2 = Read32(ROMTableBase + 0x0FE8);
[00:40:02.517]              // -> [Read32(0xE00FFFE8) => 0x0000000A]   (__dp=0x00000000, __ap=0x00000000)
[00:40:02.517]              // -> [pidr2 <= 0x0000000A]
[00:40:02.517]            jep106id = ((pidr2 & 0x7) << 4 ) | ((pidr1 >> 4) & 0xF);
[00:40:02.517]              // -> [jep106id <= 0x00000020]
[00:40:02.517]          </block>
[00:40:02.517]          <control if="jep106id != 0x20" while="" timeout="0" info="">
[00:40:02.517]            // if-block "jep106id != 0x20"
[00:40:02.517]              // =>  FALSE
[00:40:02.517]            // skip if-block "jep106id != 0x20"
[00:40:02.517]          </control>
[00:40:02.517]        </sequence>
[00:40:02.517]    </block>
[00:40:02.517]  </sequence>
[00:40:02.517]  
[00:40:02.518]  **********  Sequence "DebugCoreStart"  (Context="Target Access", Pname="", info="")
[00:40:02.518]  
[00:40:02.518]  <debugvars>
[00:40:02.518]    // Pre-defined
[00:40:02.518]    __protocol=0x00010002      (Protocol="SWD", SWJ-DP="True")
[00:40:02.518]    __connection=0x00000201    (Connection Type="Debug", Reset Type="System Reset")
[00:40:02.518]    __dp=0x00000000
[00:40:02.518]    __ap=0x00000000
[00:40:02.518]    __traceout=0x00000000      (Trace Disabled)
[00:40:02.518]    __errorcontrol=0x00000000  (Skip Errors="False")
[00:40:02.518]    __FlashAddr=0x00000000
[00:40:02.518]    __FlashLen=0x00000000
[00:40:02.518]    __FlashArg=0x00000000
[00:40:02.518]    __FlashOp=0x00000000
[00:40:02.518]    __Result=0x00000000
[00:40:02.518]    
[00:40:02.518]    // User-defined
[00:40:02.518]    DbgMCU_CR=0x00000007
[00:40:02.518]  </debugvars>
[00:40:02.518]  
[00:40:02.518]  <sequence name="DebugCoreStart" Pname="" disable="false" info="">
[00:40:02.518]    <block atomic="false" info="">
[00:40:02.518]      Write32(0xE000EDF0, 0xA05F0001);                                        // Enable Core Debug via DHCSR
[00:40:02.519]        // -> [Write32(0xE000EDF0, 0xA05F0001)]   (__dp=0x00000000, __ap=0x00000000)
[00:40:02.519]      Write32(0xE0042004, DbgMCU_CR);                                         // DBGMCU_CR: Configure MCU Debug
[00:40:02.519]        // -> [Write32(0xE0042004, 0x00000007)]   (__dp=0x00000000, __ap=0x00000000)
[00:40:02.519]    </block>
[00:40:02.519]  </sequence>
[00:40:02.519]  
[00:44:18.675]  **********  Sequence "DebugDeviceUnlock"  (Context="Target Access", Pname="", info="")
[00:44:18.675]  
[00:44:18.682]  <debugvars>
[00:44:18.682]    // Pre-defined
[00:44:18.683]    __protocol=0x00010002      (Protocol="SWD", SWJ-DP="True")
[00:44:18.683]    __connection=0x00000202    (Connection Type="Flash", Reset Type="System Reset")
[00:44:18.683]    __dp=0x00000000
[00:44:18.683]    __ap=0x00000000
[00:44:18.683]    __traceout=0x00000000      (Trace Disabled)
[00:44:18.683]    __errorcontrol=0x00000000  (Skip Errors="False")
[00:44:18.683]    __FlashAddr=0x00000000
[00:44:18.683]    __FlashLen=0x00000000
[00:44:18.683]    __FlashArg=0x00000000
[00:44:18.683]    __FlashOp=0x00000000
[00:44:18.683]    __Result=0x00000000
[00:44:18.683]    
[00:44:18.683]    // User-defined
[00:44:18.683]    DbgMCU_CR=0x00000007
[00:44:18.683]  </debugvars>
[00:44:18.683]  
[00:44:18.683]  <sequence name="DebugDeviceUnlock" Pname="" disable="false" info="">
[00:44:18.683]    <block atomic="false" info="">
[00:44:18.683]      Sequence("CheckID");
[00:44:18.683]        <sequence name="CheckID" Pname="" disable="false" info="">
[00:44:18.683]          <block atomic="false" info="">
[00:44:18.683]            __var pidr1 = 0;
[00:44:18.683]              // -> [pidr1 <= 0x00000000]
[00:44:18.683]            __var pidr2 = 0;
[00:44:18.683]              // -> [pidr2 <= 0x00000000]
[00:44:18.683]            __var jep106id = 0;
[00:44:18.683]              // -> [jep106id <= 0x00000000]
[00:44:18.683]            __var ROMTableBase = 0;
[00:44:18.683]              // -> [ROMTableBase <= 0x00000000]
[00:44:18.684]            __ap = 0;      // AHB-AP
[00:44:18.684]              // -> [__ap <= 0x00000000]
[00:44:18.684]            ROMTableBase = ReadAP(0xF8) & ~0x3;
[00:44:18.684]              // -> [ReadAP(0x000000F8) => 0xE00FF003]   (__dp=0x00000000, __ap=0x00000000)
[00:44:18.684]              // -> [ROMTableBase <= 0xE00FF000]
[00:44:18.684]            pidr1 = Read32(ROMTableBase + 0x0FE4);
[00:44:18.684]              // -> [Read32(0xE00FFFE4) => 0x00000004]   (__dp=0x00000000, __ap=0x00000000)
[00:44:18.684]              // -> [pidr1 <= 0x00000004]
[00:44:18.684]            pidr2 = Read32(ROMTableBase + 0x0FE8);
[00:44:18.685]              // -> [Read32(0xE00FFFE8) => 0x0000000A]   (__dp=0x00000000, __ap=0x00000000)
[00:44:18.685]              // -> [pidr2 <= 0x0000000A]
[00:44:18.685]            jep106id = ((pidr2 & 0x7) << 4 ) | ((pidr1 >> 4) & 0xF);
[00:44:18.685]              // -> [jep106id <= 0x00000020]
[00:44:18.685]          </block>
[00:44:18.685]          <control if="jep106id != 0x20" while="" timeout="0" info="">
[00:44:18.685]            // if-block "jep106id != 0x20"
[00:44:18.685]              // =>  FALSE
[00:44:18.685]            // skip if-block "jep106id != 0x20"
[00:44:18.685]          </control>
[00:44:18.685]        </sequence>
[00:44:18.685]    </block>
[00:44:18.685]  </sequence>
[00:44:18.685]  
[00:44:18.685]  **********  Sequence "DebugCoreStart"  (Context="Target Access", Pname="", info="")
[00:44:18.685]  
[00:44:18.685]  <debugvars>
[00:44:18.686]    // Pre-defined
[00:44:18.686]    __protocol=0x00010002      (Protocol="SWD", SWJ-DP="True")
[00:44:18.686]    __connection=0x00000202    (Connection Type="Flash", Reset Type="System Reset")
[00:44:18.686]    __dp=0x00000000
[00:44:18.686]    __ap=0x00000000
[00:44:18.686]    __traceout=0x00000000      (Trace Disabled)
[00:44:18.686]    __errorcontrol=0x00000000  (Skip Errors="False")
[00:44:18.686]    __FlashAddr=0x00000000
[00:44:18.686]    __FlashLen=0x00000000
[00:44:18.686]    __FlashArg=0x00000000
[00:44:18.686]    __FlashOp=0x00000000
[00:44:18.686]    __Result=0x00000000
[00:44:18.686]    
[00:44:18.686]    // User-defined
[00:44:18.686]    DbgMCU_CR=0x00000007
[00:44:18.686]  </debugvars>
[00:44:18.686]  
[00:44:18.686]  <sequence name="DebugCoreStart" Pname="" disable="false" info="">
[00:44:18.686]    <block atomic="false" info="">
[00:44:18.686]      Write32(0xE000EDF0, 0xA05F0001);                                        // Enable Core Debug via DHCSR
[00:44:18.687]        // -> [Write32(0xE000EDF0, 0xA05F0001)]   (__dp=0x00000000, __ap=0x00000000)
[00:44:18.687]      Write32(0xE0042004, DbgMCU_CR);                                         // DBGMCU_CR: Configure MCU Debug
[00:44:18.687]        // -> [Write32(0xE0042004, 0x00000007)]   (__dp=0x00000000, __ap=0x00000000)
[00:44:18.687]    </block>
[00:44:18.687]  </sequence>
[00:44:18.687]  
[00:44:22.050]  **********  Sequence "DebugDeviceUnlock"  (Context="Target Access", Pname="", info="")
[00:44:22.050]  
[00:44:22.057]  <debugvars>
[00:44:22.057]    // Pre-defined
[00:44:22.057]    __protocol=0x00010002      (Protocol="SWD", SWJ-DP="True")
[00:44:22.057]    __connection=0x00000201    (Connection Type="Debug", Reset Type="System Reset")
[00:44:22.057]    __dp=0x00000000
[00:44:22.057]    __ap=0x00000000
[00:44:22.057]    __traceout=0x00000000      (Trace Disabled)
[00:44:22.057]    __errorcontrol=0x00000000  (Skip Errors="False")
[00:44:22.057]    __FlashAddr=0x00000000
[00:44:22.058]    __FlashLen=0x00000000
[00:44:22.058]    __FlashArg=0x00000000
[00:44:22.058]    __FlashOp=0x00000000
[00:44:22.058]    __Result=0x00000000
[00:44:22.058]    
[00:44:22.058]    // User-defined
[00:44:22.058]    DbgMCU_CR=0x00000007
[00:44:22.058]  </debugvars>
[00:44:22.058]  
[00:44:22.058]  <sequence name="DebugDeviceUnlock" Pname="" disable="false" info="">
[00:44:22.058]    <block atomic="false" info="">
[00:44:22.058]      Sequence("CheckID");
[00:44:22.058]        <sequence name="CheckID" Pname="" disable="false" info="">
[00:44:22.058]          <block atomic="false" info="">
[00:44:22.058]            __var pidr1 = 0;
[00:44:22.058]              // -> [pidr1 <= 0x00000000]
[00:44:22.058]            __var pidr2 = 0;
[00:44:22.058]              // -> [pidr2 <= 0x00000000]
[00:44:22.058]            __var jep106id = 0;
[00:44:22.058]              // -> [jep106id <= 0x00000000]
[00:44:22.058]            __var ROMTableBase = 0;
[00:44:22.058]              // -> [ROMTableBase <= 0x00000000]
[00:44:22.058]            __ap = 0;      // AHB-AP
[00:44:22.059]              // -> [__ap <= 0x00000000]
[00:44:22.059]            ROMTableBase = ReadAP(0xF8) & ~0x3;
[00:44:22.059]              // -> [ReadAP(0x000000F8) => 0xE00FF003]   (__dp=0x00000000, __ap=0x00000000)
[00:44:22.059]              // -> [ROMTableBase <= 0xE00FF000]
[00:44:22.059]            pidr1 = Read32(ROMTableBase + 0x0FE4);
[00:44:22.060]              // -> [Read32(0xE00FFFE4) => 0x00000004]   (__dp=0x00000000, __ap=0x00000000)
[00:44:22.060]              // -> [pidr1 <= 0x00000004]
[00:44:22.060]            pidr2 = Read32(ROMTableBase + 0x0FE8);
[00:44:22.060]              // -> [Read32(0xE00FFFE8) => 0x0000000A]   (__dp=0x00000000, __ap=0x00000000)
[00:44:22.060]              // -> [pidr2 <= 0x0000000A]
[00:44:22.060]            jep106id = ((pidr2 & 0x7) << 4 ) | ((pidr1 >> 4) & 0xF);
[00:44:22.060]              // -> [jep106id <= 0x00000020]
[00:44:22.060]          </block>
[00:44:22.060]          <control if="jep106id != 0x20" while="" timeout="0" info="">
[00:44:22.060]            // if-block "jep106id != 0x20"
[00:44:22.060]              // =>  FALSE
[00:44:22.060]            // skip if-block "jep106id != 0x20"
[00:44:22.060]          </control>
[00:44:22.060]        </sequence>
[00:44:22.060]    </block>
[00:44:22.061]  </sequence>
[00:44:22.061]  
[00:44:22.061]  **********  Sequence "DebugCoreStart"  (Context="Target Access", Pname="", info="")
[00:44:22.061]  
[00:44:22.061]  <debugvars>
[00:44:22.061]    // Pre-defined
[00:44:22.061]    __protocol=0x00010002      (Protocol="SWD", SWJ-DP="True")
[00:44:22.061]    __connection=0x00000201    (Connection Type="Debug", Reset Type="System Reset")
[00:44:22.061]    __dp=0x00000000
[00:44:22.061]    __ap=0x00000000
[00:44:22.061]    __traceout=0x00000000      (Trace Disabled)
[00:44:22.061]    __errorcontrol=0x00000000  (Skip Errors="False")
[00:44:22.061]    __FlashAddr=0x00000000
[00:44:22.061]    __FlashLen=0x00000000
[00:44:22.061]    __FlashArg=0x00000000
[00:44:22.061]    __FlashOp=0x00000000
[00:44:22.061]    __Result=0x00000000
[00:44:22.061]    
[00:44:22.061]    // User-defined
[00:44:22.061]    DbgMCU_CR=0x00000007
[00:44:22.061]  </debugvars>
[00:44:22.061]  
[00:44:22.061]  <sequence name="DebugCoreStart" Pname="" disable="false" info="">
[00:44:22.061]    <block atomic="false" info="">
[00:44:22.061]      Write32(0xE000EDF0, 0xA05F0001);                                        // Enable Core Debug via DHCSR
[00:44:22.062]        // -> [Write32(0xE000EDF0, 0xA05F0001)]   (__dp=0x00000000, __ap=0x00000000)
[00:44:22.062]      Write32(0xE0042004, DbgMCU_CR);                                         // DBGMCU_CR: Configure MCU Debug
[00:44:22.062]        // -> [Write32(0xE0042004, 0x00000007)]   (__dp=0x00000000, __ap=0x00000000)
[00:44:22.063]    </block>
[00:44:22.063]  </sequence>
[00:44:22.063]  
[00:45:20.470]  **********  Sequence "DebugDeviceUnlock"  (Context="Target Access", Pname="", info="")
[00:45:20.470]  
[00:45:20.477]  <debugvars>
[00:45:20.477]    // Pre-defined
[00:45:20.477]    __protocol=0x00010002      (Protocol="SWD", SWJ-DP="True")
[00:45:20.477]    __connection=0x00000202    (Connection Type="Flash", Reset Type="System Reset")
[00:45:20.477]    __dp=0x00000000
[00:45:20.477]    __ap=0x00000000
[00:45:20.477]    __traceout=0x00000000      (Trace Disabled)
[00:45:20.477]    __errorcontrol=0x00000000  (Skip Errors="False")
[00:45:20.478]    __FlashAddr=0x00000000
[00:45:20.478]    __FlashLen=0x00000000
[00:45:20.478]    __FlashArg=0x00000000
[00:45:20.478]    __FlashOp=0x00000000
[00:45:20.478]    __Result=0x00000000
[00:45:20.478]    
[00:45:20.478]    // User-defined
[00:45:20.478]    DbgMCU_CR=0x00000007
[00:45:20.478]  </debugvars>
[00:45:20.478]  
[00:45:20.478]  <sequence name="DebugDeviceUnlock" Pname="" disable="false" info="">
[00:45:20.478]    <block atomic="false" info="">
[00:45:20.478]      Sequence("CheckID");
[00:45:20.478]        <sequence name="CheckID" Pname="" disable="false" info="">
[00:45:20.478]          <block atomic="false" info="">
[00:45:20.478]            __var pidr1 = 0;
[00:45:20.478]              // -> [pidr1 <= 0x00000000]
[00:45:20.478]            __var pidr2 = 0;
[00:45:20.478]              // -> [pidr2 <= 0x00000000]
[00:45:20.478]            __var jep106id = 0;
[00:45:20.478]              // -> [jep106id <= 0x00000000]
[00:45:20.478]            __var ROMTableBase = 0;
[00:45:20.478]              // -> [ROMTableBase <= 0x00000000]
[00:45:20.478]            __ap = 0;      // AHB-AP
[00:45:20.478]              // -> [__ap <= 0x00000000]
[00:45:20.478]            ROMTableBase = ReadAP(0xF8) & ~0x3;
[00:45:20.479]              // -> [ReadAP(0x000000F8) => 0xE00FF003]   (__dp=0x00000000, __ap=0x00000000)
[00:45:20.479]              // -> [ROMTableBase <= 0xE00FF000]
[00:45:20.479]            pidr1 = Read32(ROMTableBase + 0x0FE4);
[00:45:20.479]              // -> [Read32(0xE00FFFE4) => 0x00000004]   (__dp=0x00000000, __ap=0x00000000)
[00:45:20.479]              // -> [pidr1 <= 0x00000004]
[00:45:20.479]            pidr2 = Read32(ROMTableBase + 0x0FE8);
[00:45:20.480]              // -> [Read32(0xE00FFFE8) => 0x0000000A]   (__dp=0x00000000, __ap=0x00000000)
[00:45:20.480]              // -> [pidr2 <= 0x0000000A]
[00:45:20.480]            jep106id = ((pidr2 & 0x7) << 4 ) | ((pidr1 >> 4) & 0xF);
[00:45:20.480]              // -> [jep106id <= 0x00000020]
[00:45:20.480]          </block>
[00:45:20.480]          <control if="jep106id != 0x20" while="" timeout="0" info="">
[00:45:20.480]            // if-block "jep106id != 0x20"
[00:45:20.480]              // =>  FALSE
[00:45:20.480]            // skip if-block "jep106id != 0x20"
[00:45:20.480]          </control>
[00:45:20.480]        </sequence>
[00:45:20.480]    </block>
[00:45:20.480]  </sequence>
[00:45:20.480]  
[00:45:20.480]  **********  Sequence "DebugCoreStart"  (Context="Target Access", Pname="", info="")
[00:45:20.480]  
[00:45:20.480]  <debugvars>
[00:45:20.480]    // Pre-defined
[00:45:20.480]    __protocol=0x00010002      (Protocol="SWD", SWJ-DP="True")
[00:45:20.480]    __connection=0x00000202    (Connection Type="Flash", Reset Type="System Reset")
[00:45:20.481]    __dp=0x00000000
[00:45:20.481]    __ap=0x00000000
[00:45:20.481]    __traceout=0x00000000      (Trace Disabled)
[00:45:20.481]    __errorcontrol=0x00000000  (Skip Errors="False")
[00:45:20.481]    __FlashAddr=0x00000000
[00:45:20.481]    __FlashLen=0x00000000
[00:45:20.481]    __FlashArg=0x00000000
[00:45:20.481]    __FlashOp=0x00000000
[00:45:20.481]    __Result=0x00000000
[00:45:20.481]    
[00:45:20.481]    // User-defined
[00:45:20.481]    DbgMCU_CR=0x00000007
[00:45:20.481]  </debugvars>
[00:45:20.481]  
[00:45:20.481]  <sequence name="DebugCoreStart" Pname="" disable="false" info="">
[00:45:20.481]    <block atomic="false" info="">
[00:45:20.481]      Write32(0xE000EDF0, 0xA05F0001);                                        // Enable Core Debug via DHCSR
[00:45:20.482]        // -> [Write32(0xE000EDF0, 0xA05F0001)]   (__dp=0x00000000, __ap=0x00000000)
[00:45:20.482]      Write32(0xE0042004, DbgMCU_CR);                                         // DBGMCU_CR: Configure MCU Debug
[00:45:20.482]        // -> [Write32(0xE0042004, 0x00000007)]   (__dp=0x00000000, __ap=0x00000000)
[00:45:20.482]    </block>
[00:45:20.482]  </sequence>
[00:45:20.482]  
[00:45:22.720]  **********  Sequence "DebugDeviceUnlock"  (Context="Target Access", Pname="", info="")
[00:45:22.720]  
[00:45:22.720]  <debugvars>
[00:45:22.720]    // Pre-defined
[00:45:22.720]    __protocol=0x00010002      (Protocol="SWD", SWJ-DP="True")
[00:45:22.720]    __connection=0x00000201    (Connection Type="Debug", Reset Type="System Reset")
[00:45:22.720]    __dp=0x00000000
[00:45:22.720]    __ap=0x00000000
[00:45:22.720]    __traceout=0x00000000      (Trace Disabled)
[00:45:22.720]    __errorcontrol=0x00000000  (Skip Errors="False")
[00:45:22.720]    __FlashAddr=0x00000000
[00:45:22.720]    __FlashLen=0x00000000
[00:45:22.720]    __FlashArg=0x00000000
[00:45:22.721]    __FlashOp=0x00000000
[00:45:22.721]    __Result=0x00000000
[00:45:22.721]    
[00:45:22.721]    // User-defined
[00:45:22.721]    DbgMCU_CR=0x00000007
[00:45:22.721]  </debugvars>
[00:45:22.721]  
[00:45:22.721]  <sequence name="DebugDeviceUnlock" Pname="" disable="false" info="">
[00:45:22.721]    <block atomic="false" info="">
[00:45:22.721]      Sequence("CheckID");
[00:45:22.721]        <sequence name="CheckID" Pname="" disable="false" info="">
[00:45:22.721]          <block atomic="false" info="">
[00:45:22.721]            __var pidr1 = 0;
[00:45:22.722]              // -> [pidr1 <= 0x00000000]
[00:45:22.722]            __var pidr2 = 0;
[00:45:22.722]              // -> [pidr2 <= 0x00000000]
[00:45:22.722]            __var jep106id = 0;
[00:45:22.722]              // -> [jep106id <= 0x00000000]
[00:45:22.722]            __var ROMTableBase = 0;
[00:45:22.722]              // -> [ROMTableBase <= 0x00000000]
[00:45:22.722]            __ap = 0;      // AHB-AP
[00:45:22.722]              // -> [__ap <= 0x00000000]
[00:45:22.722]            ROMTableBase = ReadAP(0xF8) & ~0x3;
[00:45:22.723]              // -> [ReadAP(0x000000F8) => 0xE00FF003]   (__dp=0x00000000, __ap=0x00000000)
[00:45:22.723]              // -> [ROMTableBase <= 0xE00FF000]
[00:45:22.723]            pidr1 = Read32(ROMTableBase + 0x0FE4);
[00:45:22.723]              // -> [Read32(0xE00FFFE4) => 0x00000004]   (__dp=0x00000000, __ap=0x00000000)
[00:45:22.723]              // -> [pidr1 <= 0x00000004]
[00:45:22.723]            pidr2 = Read32(ROMTableBase + 0x0FE8);
[00:45:22.724]              // -> [Read32(0xE00FFFE8) => 0x0000000A]   (__dp=0x00000000, __ap=0x00000000)
[00:45:22.724]              // -> [pidr2 <= 0x0000000A]
[00:45:22.724]            jep106id = ((pidr2 & 0x7) << 4 ) | ((pidr1 >> 4) & 0xF);
[00:45:22.724]              // -> [jep106id <= 0x00000020]
[00:45:22.724]          </block>
[00:45:22.724]          <control if="jep106id != 0x20" while="" timeout="0" info="">
[00:45:22.724]            // if-block "jep106id != 0x20"
[00:45:22.724]              // =>  FALSE
[00:45:22.724]            // skip if-block "jep106id != 0x20"
[00:45:22.724]          </control>
[00:45:22.724]        </sequence>
[00:45:22.724]    </block>
[00:45:22.724]  </sequence>
[00:45:22.724]  
[00:45:22.724]  **********  Sequence "DebugCoreStart"  (Context="Target Access", Pname="", info="")
[00:45:22.724]  
[00:45:22.724]  <debugvars>
[00:45:22.724]    // Pre-defined
[00:45:22.725]    __protocol=0x00010002      (Protocol="SWD", SWJ-DP="True")
[00:45:22.725]    __connection=0x00000201    (Connection Type="Debug", Reset Type="System Reset")
[00:45:22.725]    __dp=0x00000000
[00:45:22.725]    __ap=0x00000000
[00:45:22.725]    __traceout=0x00000000      (Trace Disabled)
[00:45:22.725]    __errorcontrol=0x00000000  (Skip Errors="False")
[00:45:22.725]    __FlashAddr=0x00000000
[00:45:22.725]    __FlashLen=0x00000000
[00:45:22.725]    __FlashArg=0x00000000
[00:45:22.725]    __FlashOp=0x00000000
[00:45:22.725]    __Result=0x00000000
[00:45:22.725]    
[00:45:22.725]    // User-defined
[00:45:22.725]    DbgMCU_CR=0x00000007
[00:45:22.725]  </debugvars>
[00:45:22.725]  
[00:45:22.725]  <sequence name="DebugCoreStart" Pname="" disable="false" info="">
[00:45:22.725]    <block atomic="false" info="">
[00:45:22.725]      Write32(0xE000EDF0, 0xA05F0001);                                        // Enable Core Debug via DHCSR
[00:45:22.726]        // -> [Write32(0xE000EDF0, 0xA05F0001)]   (__dp=0x00000000, __ap=0x00000000)
[00:45:22.726]      Write32(0xE0042004, DbgMCU_CR);                                         // DBGMCU_CR: Configure MCU Debug
[00:45:22.726]        // -> [Write32(0xE0042004, 0x00000007)]   (__dp=0x00000000, __ap=0x00000000)
[00:45:22.726]    </block>
[00:45:22.726]  </sequence>
[00:45:22.726]  
[00:46:40.167]  **********  Sequence "DebugDeviceUnlock"  (Context="Target Access", Pname="", info="")
[00:46:40.167]  
[00:46:40.167]  <debugvars>
[00:46:40.167]    // Pre-defined
[00:46:40.167]    __protocol=0x00010002      (Protocol="SWD", SWJ-DP="True")
[00:46:40.167]    __connection=0x00000202    (Connection Type="Flash", Reset Type="System Reset")
[00:46:40.167]    __dp=0x00000000
[00:46:40.167]    __ap=0x00000000
[00:46:40.167]    __traceout=0x00000000      (Trace Disabled)
[00:46:40.167]    __errorcontrol=0x00000000  (Skip Errors="False")
[00:46:40.167]    __FlashAddr=0x00000000
[00:46:40.167]    __FlashLen=0x00000000
[00:46:40.167]    __FlashArg=0x00000000
[00:46:40.167]    __FlashOp=0x00000000
[00:46:40.167]    __Result=0x00000000
[00:46:40.167]    
[00:46:40.167]    // User-defined
[00:46:40.167]    DbgMCU_CR=0x00000007
[00:46:40.167]  </debugvars>
[00:46:40.167]  
[00:46:40.167]  <sequence name="DebugDeviceUnlock" Pname="" disable="false" info="">
[00:46:40.168]    <block atomic="false" info="">
[00:46:40.168]      Sequence("CheckID");
[00:46:40.168]        <sequence name="CheckID" Pname="" disable="false" info="">
[00:46:40.168]          <block atomic="false" info="">
[00:46:40.168]            __var pidr1 = 0;
[00:46:40.168]              // -> [pidr1 <= 0x00000000]
[00:46:40.168]            __var pidr2 = 0;
[00:46:40.168]              // -> [pidr2 <= 0x00000000]
[00:46:40.168]            __var jep106id = 0;
[00:46:40.168]              // -> [jep106id <= 0x00000000]
[00:46:40.168]            __var ROMTableBase = 0;
[00:46:40.168]              // -> [ROMTableBase <= 0x00000000]
[00:46:40.168]            __ap = 0;      // AHB-AP
[00:46:40.168]              // -> [__ap <= 0x00000000]
[00:46:40.168]            ROMTableBase = ReadAP(0xF8) & ~0x3;
[00:46:40.168]              // -> [ReadAP(0x000000F8) => 0xE00FF003]   (__dp=0x00000000, __ap=0x00000000)
[00:46:40.168]              // -> [ROMTableBase <= 0xE00FF000]
[00:46:40.168]            pidr1 = Read32(ROMTableBase + 0x0FE4);
[00:46:40.169]              // -> [Read32(0xE00FFFE4) => 0x00000004]   (__dp=0x00000000, __ap=0x00000000)
[00:46:40.169]              // -> [pidr1 <= 0x00000004]
[00:46:40.169]            pidr2 = Read32(ROMTableBase + 0x0FE8);
[00:46:40.169]              // -> [Read32(0xE00FFFE8) => 0x0000000A]   (__dp=0x00000000, __ap=0x00000000)
[00:46:40.169]              // -> [pidr2 <= 0x0000000A]
[00:46:40.169]            jep106id = ((pidr2 & 0x7) << 4 ) | ((pidr1 >> 4) & 0xF);
[00:46:40.169]              // -> [jep106id <= 0x00000020]
[00:46:40.169]          </block>
[00:46:40.169]          <control if="jep106id != 0x20" while="" timeout="0" info="">
[00:46:40.169]            // if-block "jep106id != 0x20"
[00:46:40.170]              // =>  FALSE
[00:46:40.170]            // skip if-block "jep106id != 0x20"
[00:46:40.170]          </control>
[00:46:40.170]        </sequence>
[00:46:40.170]    </block>
[00:46:40.170]  </sequence>
[00:46:40.170]  
[00:46:40.170]  **********  Sequence "DebugCoreStart"  (Context="Target Access", Pname="", info="")
[00:46:40.170]  
[00:46:40.170]  <debugvars>
[00:46:40.170]    // Pre-defined
[00:46:40.170]    __protocol=0x00010002      (Protocol="SWD", SWJ-DP="True")
[00:46:40.170]    __connection=0x00000202    (Connection Type="Flash", Reset Type="System Reset")
[00:46:40.170]    __dp=0x00000000
[00:46:40.170]    __ap=0x00000000
[00:46:40.170]    __traceout=0x00000000      (Trace Disabled)
[00:46:40.170]    __errorcontrol=0x00000000  (Skip Errors="False")
[00:46:40.170]    __FlashAddr=0x00000000
[00:46:40.170]    __FlashLen=0x00000000
[00:46:40.171]    __FlashArg=0x00000000
[00:46:40.171]    __FlashOp=0x00000000
[00:46:40.171]    __Result=0x00000000
[00:46:40.171]    
[00:46:40.171]    // User-defined
[00:46:40.171]    DbgMCU_CR=0x00000007
[00:46:40.171]  </debugvars>
[00:46:40.171]  
[00:46:40.171]  <sequence name="DebugCoreStart" Pname="" disable="false" info="">
[00:46:40.172]    <block atomic="false" info="">
[00:46:40.172]      Write32(0xE000EDF0, 0xA05F0001);                                        // Enable Core Debug via DHCSR
[00:46:40.172]        // -> [Write32(0xE000EDF0, 0xA05F0001)]   (__dp=0x00000000, __ap=0x00000000)
[00:46:40.173]      Write32(0xE0042004, DbgMCU_CR);                                         // DBGMCU_CR: Configure MCU Debug
[00:46:40.173]        // -> [Write32(0xE0042004, 0x00000007)]   (__dp=0x00000000, __ap=0x00000000)
[00:46:40.173]    </block>
[00:46:40.173]  </sequence>
[00:46:40.173]  
[00:46:43.144]  **********  Sequence "DebugDeviceUnlock"  (Context="Target Access", Pname="", info="")
[00:46:43.144]  
[00:46:43.145]  <debugvars>
[00:46:43.145]    // Pre-defined
[00:46:43.145]    __protocol=0x00010002      (Protocol="SWD", SWJ-DP="True")
[00:46:43.145]    __connection=0x00000201    (Connection Type="Debug", Reset Type="System Reset")
[00:46:43.145]    __dp=0x00000000
[00:46:43.145]    __ap=0x00000000
[00:46:43.145]    __traceout=0x00000000      (Trace Disabled)
[00:46:43.145]    __errorcontrol=0x00000000  (Skip Errors="False")
[00:46:43.145]    __FlashAddr=0x00000000
[00:46:43.145]    __FlashLen=0x00000000
[00:46:43.145]    __FlashArg=0x00000000
[00:46:43.145]    __FlashOp=0x00000000
[00:46:43.145]    __Result=0x00000000
[00:46:43.145]    
[00:46:43.145]    // User-defined
[00:46:43.145]    DbgMCU_CR=0x00000007
[00:46:43.145]  </debugvars>
[00:46:43.145]  
[00:46:43.145]  <sequence name="DebugDeviceUnlock" Pname="" disable="false" info="">
[00:46:43.146]    <block atomic="false" info="">
[00:46:43.146]      Sequence("CheckID");
[00:46:43.146]        <sequence name="CheckID" Pname="" disable="false" info="">
[00:46:43.146]          <block atomic="false" info="">
[00:46:43.146]            __var pidr1 = 0;
[00:46:43.146]              // -> [pidr1 <= 0x00000000]
[00:46:43.146]            __var pidr2 = 0;
[00:46:43.146]              // -> [pidr2 <= 0x00000000]
[00:46:43.146]            __var jep106id = 0;
[00:46:43.146]              // -> [jep106id <= 0x00000000]
[00:46:43.146]            __var ROMTableBase = 0;
[00:46:43.146]              // -> [ROMTableBase <= 0x00000000]
[00:46:43.146]            __ap = 0;      // AHB-AP
[00:46:43.146]              // -> [__ap <= 0x00000000]
[00:46:43.146]            ROMTableBase = ReadAP(0xF8) & ~0x3;
[00:46:43.146]              // -> [ReadAP(0x000000F8) => 0xE00FF003]   (__dp=0x00000000, __ap=0x00000000)
[00:46:43.146]              // -> [ROMTableBase <= 0xE00FF000]
[00:46:43.146]            pidr1 = Read32(ROMTableBase + 0x0FE4);
[00:46:43.147]              // -> [Read32(0xE00FFFE4) => 0x00000004]   (__dp=0x00000000, __ap=0x00000000)
[00:46:43.147]              // -> [pidr1 <= 0x00000004]
[00:46:43.147]            pidr2 = Read32(ROMTableBase + 0x0FE8);
[00:46:43.147]              // -> [Read32(0xE00FFFE8) => 0x0000000A]   (__dp=0x00000000, __ap=0x00000000)
[00:46:43.147]              // -> [pidr2 <= 0x0000000A]
[00:46:43.147]            jep106id = ((pidr2 & 0x7) << 4 ) | ((pidr1 >> 4) & 0xF);
[00:46:43.148]              // -> [jep106id <= 0x00000020]
[00:46:43.148]          </block>
[00:46:43.148]          <control if="jep106id != 0x20" while="" timeout="0" info="">
[00:46:43.148]            // if-block "jep106id != 0x20"
[00:46:43.148]              // =>  FALSE
[00:46:43.148]            // skip if-block "jep106id != 0x20"
[00:46:43.148]          </control>
[00:46:43.148]        </sequence>
[00:46:43.148]    </block>
[00:46:43.148]  </sequence>
[00:46:43.148]  
[00:46:43.148]  **********  Sequence "DebugCoreStart"  (Context="Target Access", Pname="", info="")
[00:46:43.148]  
[00:46:43.148]  <debugvars>
[00:46:43.148]    // Pre-defined
[00:46:43.148]    __protocol=0x00010002      (Protocol="SWD", SWJ-DP="True")
[00:46:43.148]    __connection=0x00000201    (Connection Type="Debug", Reset Type="System Reset")
[00:46:43.148]    __dp=0x00000000
[00:46:43.148]    __ap=0x00000000
[00:46:43.148]    __traceout=0x00000000      (Trace Disabled)
[00:46:43.148]    __errorcontrol=0x00000000  (Skip Errors="False")
[00:46:43.148]    __FlashAddr=0x00000000
[00:46:43.148]    __FlashLen=0x00000000
[00:46:43.148]    __FlashArg=0x00000000
[00:46:43.148]    __FlashOp=0x00000000
[00:46:43.149]    __Result=0x00000000
[00:46:43.149]    
[00:46:43.149]    // User-defined
[00:46:43.149]    DbgMCU_CR=0x00000007
[00:46:43.149]  </debugvars>
[00:46:43.149]  
[00:46:43.149]  <sequence name="DebugCoreStart" Pname="" disable="false" info="">
[00:46:43.149]    <block atomic="false" info="">
[00:46:43.149]      Write32(0xE000EDF0, 0xA05F0001);                                        // Enable Core Debug via DHCSR
[00:46:43.149]        // -> [Write32(0xE000EDF0, 0xA05F0001)]   (__dp=0x00000000, __ap=0x00000000)
[00:46:43.149]      Write32(0xE0042004, DbgMCU_CR);                                         // DBGMCU_CR: Configure MCU Debug
[00:46:43.150]        // -> [Write32(0xE0042004, 0x00000007)]   (__dp=0x00000000, __ap=0x00000000)
[00:46:43.150]    </block>
[00:46:43.150]  </sequence>
[00:46:43.150]  
