/*
 *  CMSIS Pack Debug Access Sequence Log
 *  File        : C:\Users\16117\Desktop\stm32_jx\stm32_car\project_Sequences_0008.log
 *  Created     : 11:15:29 (04/08/2025)
 *  Device      : STM32F103C8
 *  PDSC File   : C:/Users/16117/AppData/Local/Arm/Packs/Keil/STM32F1xx_DFP/2.3.0/Keil.STM32F1xx_DFP.pdsc
 *  Config File : C:\Users\16117\Desktop\stm32_jx\stm32_car\DebugConfig\Target_1_STM32F103C8_1.0.0.dbgconf
 *
 */

[11:15:29.538]  **********  Sequence "DebugDeviceUnlock"  (Context="Target Access", Pname="", info="")
[11:15:29.538]  
[11:15:29.539]  <debugvars>
[11:15:29.539]    // Pre-defined
[11:15:29.540]    __protocol=0x00010002      (Protocol="SWD", SWJ-DP="True")
[11:15:29.540]    __connection=0x00000202    (Connection Type="Flash", Reset Type="System Reset")
[11:15:29.540]    __dp=0x00000000
[11:15:29.540]    __ap=0x00000000
[11:15:29.540]    __traceout=0x00000001      (SWO Trace)
[11:15:29.540]    __errorcontrol=0x00000000  (Skip Errors="False")
[11:15:29.540]    __FlashAddr=0x00000000
[11:15:29.540]    __FlashLen=0x00000000
[11:15:29.540]    __FlashArg=0x00000000
[11:15:29.540]    __FlashOp=0x00000000
[11:15:29.540]    __Result=0x00000000
[11:15:29.540]    
[11:15:29.540]    // User-defined
[11:15:29.540]    DbgMCU_CR=0x00000007
[11:15:29.540]  </debugvars>
[11:15:29.540]  
[11:15:29.540]  <sequence name="DebugDeviceUnlock" Pname="" disable="false" info="">
[11:15:29.540]    <block atomic="false" info="">
[11:15:29.540]      Sequence("CheckID");
[11:15:29.542]        <sequence name="CheckID" Pname="" disable="false" info="">
[11:15:29.542]          <block atomic="false" info="">
[11:15:29.542]            __var pidr1 = 0;
[11:15:29.542]              // -> [pidr1 <= 0x00000000]
[11:15:29.542]            __var pidr2 = 0;
[11:15:29.542]              // -> [pidr2 <= 0x00000000]
[11:15:29.542]            __var jep106id = 0;
[11:15:29.542]              // -> [jep106id <= 0x00000000]
[11:15:29.542]            __var ROMTableBase = 0;
[11:15:29.542]              // -> [ROMTableBase <= 0x00000000]
[11:15:29.542]            __ap = 0;      // AHB-AP
[11:15:29.542]              // -> [__ap <= 0x00000000]
[11:15:29.542]            ROMTableBase = ReadAP(0xF8) & ~0x3;
[11:15:29.543]              // -> [ReadAP(0x000000F8) => 0xE00FF003]   (__dp=0x00000000, __ap=0x00000000)
[11:15:29.543]              // -> [ROMTableBase <= 0xE00FF000]
[11:15:29.543]            pidr1 = Read32(ROMTableBase + 0x0FE4);
[11:15:29.543]              // -> [Read32(0xE00FFFE4) => 0x00000004]   (__dp=0x00000000, __ap=0x00000000)
[11:15:29.543]              // -> [pidr1 <= 0x00000004]
[11:15:29.544]            pidr2 = Read32(ROMTableBase + 0x0FE8);
[11:15:29.544]              // -> [Read32(0xE00FFFE8) => 0x0000000A]   (__dp=0x00000000, __ap=0x00000000)
[11:15:29.544]              // -> [pidr2 <= 0x0000000A]
[11:15:29.544]            jep106id = ((pidr2 & 0x7) << 4 ) | ((pidr1 >> 4) & 0xF);
[11:15:29.544]              // -> [jep106id <= 0x00000020]
[11:15:29.544]          </block>
[11:15:29.544]          <control if="jep106id != 0x20" while="" timeout="0" info="">
[11:15:29.545]            // if-block "jep106id != 0x20"
[11:15:29.545]              // =>  FALSE
[11:15:29.545]            // skip if-block "jep106id != 0x20"
[11:15:29.545]          </control>
[11:15:29.545]        </sequence>
[11:15:29.545]    </block>
[11:15:29.545]  </sequence>
[11:15:29.545]  
[11:15:29.545]  **********  Sequence "DebugCoreStart"  (Context="Target Access", Pname="", info="")
[11:15:29.545]  
[11:15:29.545]  <debugvars>
[11:15:29.545]    // Pre-defined
[11:15:29.545]    __protocol=0x00010002      (Protocol="SWD", SWJ-DP="True")
[11:15:29.545]    __connection=0x00000202    (Connection Type="Flash", Reset Type="System Reset")
[11:15:29.545]    __dp=0x00000000
[11:15:29.545]    __ap=0x00000000
[11:15:29.545]    __traceout=0x00000001      (SWO Trace)
[11:15:29.545]    __errorcontrol=0x00000000  (Skip Errors="False")
[11:15:29.546]    __FlashAddr=0x00000000
[11:15:29.546]    __FlashLen=0x00000000
[11:15:29.546]    __FlashArg=0x00000000
[11:15:29.546]    __FlashOp=0x00000000
[11:15:29.546]    __Result=0x00000000
[11:15:29.546]    
[11:15:29.546]    // User-defined
[11:15:29.546]    DbgMCU_CR=0x00000007
[11:15:29.546]  </debugvars>
[11:15:29.546]  
[11:15:29.546]  <sequence name="DebugCoreStart" Pname="" disable="false" info="">
[11:15:29.546]    <block atomic="false" info="">
[11:15:29.546]      Write32(0xE000EDF0, 0xA05F0001);                                        // Enable Core Debug via DHCSR
[11:15:29.546]        // -> [Write32(0xE000EDF0, 0xA05F0001)]   (__dp=0x00000000, __ap=0x00000000)
[11:15:29.546]      Write32(0xE0042004, DbgMCU_CR);                                         // DBGMCU_CR: Configure MCU Debug
[11:15:29.547]        // -> [Write32(0xE0042004, 0x00000007)]   (__dp=0x00000000, __ap=0x00000000)
[11:15:29.547]    </block>
[11:15:29.547]  </sequence>
[11:15:29.547]  
[11:15:36.060]  **********  Sequence "DebugDeviceUnlock"  (Context="Target Access", Pname="", info="")
[11:15:36.060]  
[11:15:36.067]  <debugvars>
[11:15:36.067]    // Pre-defined
[11:15:36.067]    __protocol=0x00010002      (Protocol="SWD", SWJ-DP="True")
[11:15:36.068]    __connection=0x00000202    (Connection Type="Flash", Reset Type="System Reset")
[11:15:36.068]    __dp=0x00000000
[11:15:36.068]    __ap=0x00000000
[11:15:36.068]    __traceout=0x00000001      (SWO Trace)
[11:15:36.068]    __errorcontrol=0x00000000  (Skip Errors="False")
[11:15:36.068]    __FlashAddr=0x00000000
[11:15:36.068]    __FlashLen=0x00000000
[11:15:36.068]    __FlashArg=0x00000000
[11:15:36.068]    __FlashOp=0x00000000
[11:15:36.068]    __Result=0x00000000
[11:15:36.068]    
[11:15:36.068]    // User-defined
[11:15:36.068]    DbgMCU_CR=0x00000007
[11:15:36.068]  </debugvars>
[11:15:36.068]  
[11:15:36.068]  <sequence name="DebugDeviceUnlock" Pname="" disable="false" info="">
[11:15:36.068]    <block atomic="false" info="">
[11:15:36.068]      Sequence("CheckID");
[11:15:36.068]        <sequence name="CheckID" Pname="" disable="false" info="">
[11:15:36.068]          <block atomic="false" info="">
[11:15:36.068]            __var pidr1 = 0;
[11:15:36.068]              // -> [pidr1 <= 0x00000000]
[11:15:36.068]            __var pidr2 = 0;
[11:15:36.068]              // -> [pidr2 <= 0x00000000]
[11:15:36.068]            __var jep106id = 0;
[11:15:36.068]              // -> [jep106id <= 0x00000000]
[11:15:36.068]            __var ROMTableBase = 0;
[11:15:36.068]              // -> [ROMTableBase <= 0x00000000]
[11:15:36.068]            __ap = 0;      // AHB-AP
[11:15:36.069]              // -> [__ap <= 0x00000000]
[11:15:36.069]            ROMTableBase = ReadAP(0xF8) & ~0x3;
[11:15:36.069]              // -> [ReadAP(0x000000F8) => 0xE00FF003]   (__dp=0x00000000, __ap=0x00000000)
[11:15:36.069]              // -> [ROMTableBase <= 0xE00FF000]
[11:15:36.069]            pidr1 = Read32(ROMTableBase + 0x0FE4);
[11:15:36.069]              // -> [Read32(0xE00FFFE4) => 0x00000004]   (__dp=0x00000000, __ap=0x00000000)
[11:15:36.069]              // -> [pidr1 <= 0x00000004]
[11:15:36.069]            pidr2 = Read32(ROMTableBase + 0x0FE8);
[11:15:36.070]              // -> [Read32(0xE00FFFE8) => 0x0000000A]   (__dp=0x00000000, __ap=0x00000000)
[11:15:36.070]              // -> [pidr2 <= 0x0000000A]
[11:15:36.070]            jep106id = ((pidr2 & 0x7) << 4 ) | ((pidr1 >> 4) & 0xF);
[11:15:36.070]              // -> [jep106id <= 0x00000020]
[11:15:36.070]          </block>
[11:15:36.070]          <control if="jep106id != 0x20" while="" timeout="0" info="">
[11:15:36.070]            // if-block "jep106id != 0x20"
[11:15:36.070]              // =>  FALSE
[11:15:36.070]            // skip if-block "jep106id != 0x20"
[11:15:36.070]          </control>
[11:15:36.070]        </sequence>
[11:15:36.070]    </block>
[11:15:36.070]  </sequence>
[11:15:36.070]  
[11:15:36.070]  **********  Sequence "DebugCoreStart"  (Context="Target Access", Pname="", info="")
[11:15:36.070]  
[11:15:36.070]  <debugvars>
[11:15:36.070]    // Pre-defined
[11:15:36.070]    __protocol=0x00010002      (Protocol="SWD", SWJ-DP="True")
[11:15:36.070]    __connection=0x00000202    (Connection Type="Flash", Reset Type="System Reset")
[11:15:36.071]    __dp=0x00000000
[11:15:36.071]    __ap=0x00000000
[11:15:36.071]    __traceout=0x00000001      (SWO Trace)
[11:15:36.071]    __errorcontrol=0x00000000  (Skip Errors="False")
[11:15:36.071]    __FlashAddr=0x00000000
[11:15:36.071]    __FlashLen=0x00000000
[11:15:36.071]    __FlashArg=0x00000000
[11:15:36.071]    __FlashOp=0x00000000
[11:15:36.071]    __Result=0x00000000
[11:15:36.071]    
[11:15:36.071]    // User-defined
[11:15:36.071]    DbgMCU_CR=0x00000007
[11:15:36.071]  </debugvars>
[11:15:36.071]  
[11:15:36.071]  <sequence name="DebugCoreStart" Pname="" disable="false" info="">
[11:15:36.071]    <block atomic="false" info="">
[11:15:36.071]      Write32(0xE000EDF0, 0xA05F0001);                                        // Enable Core Debug via DHCSR
[11:15:36.071]        // -> [Write32(0xE000EDF0, 0xA05F0001)]   (__dp=0x00000000, __ap=0x00000000)
[11:15:36.071]      Write32(0xE0042004, DbgMCU_CR);                                         // DBGMCU_CR: Configure MCU Debug
[11:15:36.071]        // -> [Write32(0xE0042004, 0x00000007)]   (__dp=0x00000000, __ap=0x00000000)
[11:15:36.071]    </block>
[11:15:36.071]  </sequence>
[11:15:36.073]  
[15:07:12.906]  **********  Sequence "DebugDeviceUnlock"  (Context="Target Access", Pname="", info="")
[15:07:12.906]  
[15:07:12.907]  <debugvars>
[15:07:12.907]    // Pre-defined
[15:07:12.907]    __protocol=0x00010002      (Protocol="SWD", SWJ-DP="True")
[15:07:12.907]    __connection=0x00000202    (Connection Type="Flash", Reset Type="System Reset")
[15:07:12.908]    __dp=0x00000000
[15:07:12.908]    __ap=0x00000000
[15:07:12.908]    __traceout=0x00000001      (SWO Trace)
[15:07:12.908]    __errorcontrol=0x00000000  (Skip Errors="False")
[15:07:12.908]    __FlashAddr=0x00000000
[15:07:12.908]    __FlashLen=0x00000000
[15:07:12.908]    __FlashArg=0x00000000
[15:07:12.908]    __FlashOp=0x00000000
[15:07:12.908]    __Result=0x00000000
[15:07:12.908]    
[15:07:12.908]    // User-defined
[15:07:12.908]    DbgMCU_CR=0x00000007
[15:07:12.908]  </debugvars>
[15:07:12.908]  
[15:07:12.908]  <sequence name="DebugDeviceUnlock" Pname="" disable="false" info="">
[15:07:12.908]    <block atomic="false" info="">
[15:07:12.909]      Sequence("CheckID");
[15:07:12.909]        <sequence name="CheckID" Pname="" disable="false" info="">
[15:07:12.909]          <block atomic="false" info="">
[15:07:12.909]            __var pidr1 = 0;
[15:07:12.909]              // -> [pidr1 <= 0x00000000]
[15:07:12.909]            __var pidr2 = 0;
[15:07:12.909]              // -> [pidr2 <= 0x00000000]
[15:07:12.909]            __var jep106id = 0;
[15:07:12.909]              // -> [jep106id <= 0x00000000]
[15:07:12.909]            __var ROMTableBase = 0;
[15:07:12.909]              // -> [ROMTableBase <= 0x00000000]
[15:07:12.909]            __ap = 0;      // AHB-AP
[15:07:12.909]              // -> [__ap <= 0x00000000]
[15:07:12.909]            ROMTableBase = ReadAP(0xF8) & ~0x3;
[15:07:12.909]              // -> [ReadAP(0x000000F8) => 0xE00FF003]   (__dp=0x00000000, __ap=0x00000000)
[15:07:12.910]              // -> [ROMTableBase <= 0xE00FF000]
[15:07:12.910]            pidr1 = Read32(ROMTableBase + 0x0FE4);
[15:07:12.910]              // -> [Read32(0xE00FFFE4) => 0x00000004]   (__dp=0x00000000, __ap=0x00000000)
[15:07:12.910]              // -> [pidr1 <= 0x00000004]
[15:07:12.910]            pidr2 = Read32(ROMTableBase + 0x0FE8);
[15:07:12.910]              // -> [Read32(0xE00FFFE8) => 0x0000000A]   (__dp=0x00000000, __ap=0x00000000)
[15:07:12.910]              // -> [pidr2 <= 0x0000000A]
[15:07:12.910]            jep106id = ((pidr2 & 0x7) << 4 ) | ((pidr1 >> 4) & 0xF);
[15:07:12.910]              // -> [jep106id <= 0x00000020]
[15:07:12.910]          </block>
[15:07:12.910]          <control if="jep106id != 0x20" while="" timeout="0" info="">
[15:07:12.910]            // if-block "jep106id != 0x20"
[15:07:12.910]              // =>  FALSE
[15:07:12.910]            // skip if-block "jep106id != 0x20"
[15:07:12.910]          </control>
[15:07:12.910]        </sequence>
[15:07:12.910]    </block>
[15:07:12.910]  </sequence>
[15:07:12.910]  
[15:07:12.910]  **********  Sequence "DebugCoreStart"  (Context="Target Access", Pname="", info="")
[15:07:12.910]  
[15:07:12.911]  <debugvars>
[15:07:12.911]    // Pre-defined
[15:07:12.911]    __protocol=0x00010002      (Protocol="SWD", SWJ-DP="True")
[15:07:12.911]    __connection=0x00000202    (Connection Type="Flash", Reset Type="System Reset")
[15:07:12.911]    __dp=0x00000000
[15:07:12.911]    __ap=0x00000000
[15:07:12.911]    __traceout=0x00000001      (SWO Trace)
[15:07:12.911]    __errorcontrol=0x00000000  (Skip Errors="False")
[15:07:12.911]    __FlashAddr=0x00000000
[15:07:12.912]    __FlashLen=0x00000000
[15:07:12.912]    __FlashArg=0x00000000
[15:07:12.912]    __FlashOp=0x00000000
[15:07:12.912]    __Result=0x00000000
[15:07:12.912]    
[15:07:12.912]    // User-defined
[15:07:12.912]    DbgMCU_CR=0x00000007
[15:07:12.912]  </debugvars>
[15:07:12.912]  
[15:07:12.912]  <sequence name="DebugCoreStart" Pname="" disable="false" info="">
[15:07:12.912]    <block atomic="false" info="">
[15:07:12.912]      Write32(0xE000EDF0, 0xA05F0001);                                        // Enable Core Debug via DHCSR
[15:07:12.912]        // -> [Write32(0xE000EDF0, 0xA05F0001)]   (__dp=0x00000000, __ap=0x00000000)
[15:07:12.912]      Write32(0xE0042004, DbgMCU_CR);                                         // DBGMCU_CR: Configure MCU Debug
[15:07:12.913]        // -> [Write32(0xE0042004, 0x00000007)]   (__dp=0x00000000, __ap=0x00000000)
[15:07:12.913]    </block>
[15:07:12.913]  </sequence>
[15:07:12.913]  
[15:07:15.619]  **********  Sequence "DebugDeviceUnlock"  (Context="Target Access", Pname="", info="")
[15:07:15.619]  
[15:07:15.620]  <debugvars>
[15:07:15.620]    // Pre-defined
[15:07:15.620]    __protocol=0x00010002      (Protocol="SWD", SWJ-DP="True")
[15:07:15.620]    __connection=0x00000201    (Connection Type="Debug", Reset Type="System Reset")
[15:07:15.620]    __dp=0x00000000
[15:07:15.620]    __ap=0x00000000
[15:07:15.620]    __traceout=0x00000001      (SWO Trace)
[15:07:15.620]    __errorcontrol=0x00000000  (Skip Errors="False")
[15:07:15.620]    __FlashAddr=0x00000000
[15:07:15.620]    __FlashLen=0x00000000
[15:07:15.620]    __FlashArg=0x00000000
[15:07:15.620]    __FlashOp=0x00000000
[15:07:15.620]    __Result=0x00000000
[15:07:15.620]    
[15:07:15.620]    // User-defined
[15:07:15.620]    DbgMCU_CR=0x00000007
[15:07:15.620]  </debugvars>
[15:07:15.620]  
[15:07:15.620]  <sequence name="DebugDeviceUnlock" Pname="" disable="false" info="">
[15:07:15.620]    <block atomic="false" info="">
[15:07:15.620]      Sequence("CheckID");
[15:07:15.620]        <sequence name="CheckID" Pname="" disable="false" info="">
[15:07:15.620]          <block atomic="false" info="">
[15:07:15.620]            __var pidr1 = 0;
[15:07:15.620]              // -> [pidr1 <= 0x00000000]
[15:07:15.620]            __var pidr2 = 0;
[15:07:15.620]              // -> [pidr2 <= 0x00000000]
[15:07:15.620]            __var jep106id = 0;
[15:07:15.621]              // -> [jep106id <= 0x00000000]
[15:07:15.621]            __var ROMTableBase = 0;
[15:07:15.621]              // -> [ROMTableBase <= 0x00000000]
[15:07:15.621]            __ap = 0;      // AHB-AP
[15:07:15.621]              // -> [__ap <= 0x00000000]
[15:07:15.621]            ROMTableBase = ReadAP(0xF8) & ~0x3;
[15:07:15.621]              // -> [ReadAP(0x000000F8) => 0xE00FF003]   (__dp=0x00000000, __ap=0x00000000)
[15:07:15.621]              // -> [ROMTableBase <= 0xE00FF000]
[15:07:15.621]            pidr1 = Read32(ROMTableBase + 0x0FE4);
[15:07:15.621]              // -> [Read32(0xE00FFFE4) => 0x00000004]   (__dp=0x00000000, __ap=0x00000000)
[15:07:15.621]              // -> [pidr1 <= 0x00000004]
[15:07:15.622]            pidr2 = Read32(ROMTableBase + 0x0FE8);
[15:07:15.622]              // -> [Read32(0xE00FFFE8) => 0x0000000A]   (__dp=0x00000000, __ap=0x00000000)
[15:07:15.622]              // -> [pidr2 <= 0x0000000A]
[15:07:15.622]            jep106id = ((pidr2 & 0x7) << 4 ) | ((pidr1 >> 4) & 0xF);
[15:07:15.622]              // -> [jep106id <= 0x00000020]
[15:07:15.622]          </block>
[15:07:15.622]          <control if="jep106id != 0x20" while="" timeout="0" info="">
[15:07:15.622]            // if-block "jep106id != 0x20"
[15:07:15.622]              // =>  FALSE
[15:07:15.622]            // skip if-block "jep106id != 0x20"
[15:07:15.622]          </control>
[15:07:15.622]        </sequence>
[15:07:15.622]    </block>
[15:07:15.622]  </sequence>
[15:07:15.622]  
[15:07:15.623]  **********  Sequence "DebugCoreStart"  (Context="Target Access", Pname="", info="")
[15:07:15.623]  
[15:07:15.623]  <debugvars>
[15:07:15.623]    // Pre-defined
[15:07:15.623]    __protocol=0x00010002      (Protocol="SWD", SWJ-DP="True")
[15:07:15.623]    __connection=0x00000201    (Connection Type="Debug", Reset Type="System Reset")
[15:07:15.623]    __dp=0x00000000
[15:07:15.623]    __ap=0x00000000
[15:07:15.623]    __traceout=0x00000001      (SWO Trace)
[15:07:15.623]    __errorcontrol=0x00000000  (Skip Errors="False")
[15:07:15.623]    __FlashAddr=0x00000000
[15:07:15.623]    __FlashLen=0x00000000
[15:07:15.623]    __FlashArg=0x00000000
[15:07:15.623]    __FlashOp=0x00000000
[15:07:15.623]    __Result=0x00000000
[15:07:15.623]    
[15:07:15.623]    // User-defined
[15:07:15.623]    DbgMCU_CR=0x00000007
[15:07:15.623]  </debugvars>
[15:07:15.623]  
[15:07:15.623]  <sequence name="DebugCoreStart" Pname="" disable="false" info="">
[15:07:15.623]    <block atomic="false" info="">
[15:07:15.623]      Write32(0xE000EDF0, 0xA05F0001);                                        // Enable Core Debug via DHCSR
[15:07:15.624]        // -> [Write32(0xE000EDF0, 0xA05F0001)]   (__dp=0x00000000, __ap=0x00000000)
[15:07:15.624]      Write32(0xE0042004, DbgMCU_CR);                                         // DBGMCU_CR: Configure MCU Debug
[15:07:15.624]        // -> [Write32(0xE0042004, 0x00000007)]   (__dp=0x00000000, __ap=0x00000000)
[15:07:15.624]    </block>
[15:07:15.624]  </sequence>
[15:07:15.624]  
[15:07:15.641]  **********  Sequence "TraceStart"  (Context="Target Access", Pname="", info="")
[15:07:15.641]  
[15:07:15.641]  <debugvars>
[15:07:15.641]    // Pre-defined
[15:07:15.641]    __protocol=0x00010002      (Protocol="SWD", SWJ-DP="True")
[15:07:15.641]    __connection=0x00000201    (Connection Type="Debug", Reset Type="System Reset")
[15:07:15.641]    __dp=0x00000000
[15:07:15.642]    __ap=0x00000000
[15:07:15.642]    __traceout=0x00000001      (SWO Trace)
[15:07:15.642]    __errorcontrol=0x00000000  (Skip Errors="False")
[15:07:15.642]    __FlashAddr=0x00000000
[15:07:15.642]    __FlashLen=0x00000000
[15:07:15.642]    __FlashArg=0x00000000
[15:07:15.642]    __FlashOp=0x00000000
[15:07:15.642]    __Result=0x00000000
[15:07:15.642]    
[15:07:15.642]    // User-defined
[15:07:15.642]    DbgMCU_CR=0x00000007
[15:07:15.642]  </debugvars>
[15:07:15.642]  
[15:07:15.642]  <sequence name="TraceStart" Pname="" disable="false" info="">
[15:07:15.642]    <block atomic="false" info="">
[15:07:15.642]      __var traceSWO    = (__traceout & 0x1) != 0;                        // SWO Trace Selected?
[15:07:15.642]        // -> [traceSWO <= 0x00000001]
[15:07:15.642]      __var traceTPIU   = (__traceout & 0x2) != 0;                        // TPIU Trace Selected?
[15:07:15.642]        // -> [traceTPIU <= 0x00000000]
[15:07:15.642]    </block>
[15:07:15.642]    <control if="traceSWO" while="" timeout="0" info="">
[15:07:15.642]      // if-block "traceSWO"
[15:07:15.642]        // =>  TRUE
[15:07:15.642]      <block atomic="false" info="">
[15:07:15.642]        Sequence("EnableTraceSWO");                                           // Call SWO Trace Setup
[15:07:15.642]          <sequence name="EnableTraceSWO" Pname="" disable="false" info="">
[15:07:15.642]            <block atomic="false" info="">
[15:07:15.642]              __var dbgmcu_val    = 0;                                                // DBGMCU_CR Value
[15:07:15.642]                // -> [dbgmcu_val <= 0x00000000]
[15:07:15.643]              dbgmcu_val  = Read32(0xE0042004) & (~0xE0);                         // Read DBGMCU_CR and clear trace setup
[15:07:15.643]                // -> [Read32(0xE0042004) => 0x00000037]   (__dp=0x00000000, __ap=0x00000000)
[15:07:15.643]                // -> [dbgmcu_val <= 0x00000017]
[15:07:15.643]              dbgmcu_val |= (1 << 5);                                           // Trace I/O Enable + Trace Mode Asynchronous
[15:07:15.643]                // -> [dbgmcu_val <= 0x00000037]
[15:07:15.643]              Write32(0xE0042004, dbgmcu_val);                                        // Write DBGMCU_CR: Trace Settings
[15:07:15.644]                // -> [Write32(0xE0042004, 0x00000037)]   (__dp=0x00000000, __ap=0x00000000)
[15:07:15.644]            </block>
[15:07:15.644]          </sequence>
[15:07:15.644]      </block>
[15:07:15.644]      // end if-block "traceSWO"
[15:07:15.644]    </control>
[15:07:15.644]    <control if="traceTPIU" while="" timeout="0" info="">
[15:07:15.644]      // if-block "traceTPIU"
[15:07:15.644]        // =>  FALSE
[15:07:15.644]      // skip if-block "traceTPIU"
[15:07:15.644]    </control>
[15:07:15.644]  </sequence>
[15:07:15.644]  
[15:07:15.651]  **********  Sequence "TraceStart"  (Context="Reset", Pname="", info="")
[15:07:15.651]  
[15:07:15.651]  <debugvars>
[15:07:15.651]    // Pre-defined
[15:07:15.651]    __protocol=0x00010002      (Protocol="SWD", SWJ-DP="True")
[15:07:15.651]    __connection=0x00000201    (Connection Type="Debug", Reset Type="System Reset")
[15:07:15.651]    __dp=0x00000000
[15:07:15.651]    __ap=0x00000000
[15:07:15.651]    __traceout=0x00000001      (SWO Trace)
[15:07:15.651]    __errorcontrol=0x00000000  (Skip Errors="False")
[15:07:15.651]    __FlashAddr=0x00000000
[15:07:15.651]    __FlashLen=0x00000000
[15:07:15.651]    __FlashArg=0x00000000
[15:07:15.651]    __FlashOp=0x00000000
[15:07:15.651]    __Result=0x00000000
[15:07:15.652]    
[15:07:15.652]    // User-defined
[15:07:15.652]    DbgMCU_CR=0x00000007
[15:07:15.652]  </debugvars>
[15:07:15.652]  
[15:07:15.652]  <sequence name="TraceStart" Pname="" disable="false" info="">
[15:07:15.652]    <block atomic="false" info="">
[15:07:15.652]      __var traceSWO    = (__traceout & 0x1) != 0;                        // SWO Trace Selected?
[15:07:15.652]        // -> [traceSWO <= 0x00000001]
[15:07:15.652]      __var traceTPIU   = (__traceout & 0x2) != 0;                        // TPIU Trace Selected?
[15:07:15.652]        // -> [traceTPIU <= 0x00000000]
[15:07:15.652]    </block>
[15:07:15.652]    <control if="traceSWO" while="" timeout="0" info="">
[15:07:15.652]      // if-block "traceSWO"
[15:07:15.652]        // =>  TRUE
[15:07:15.652]      <block atomic="false" info="">
[15:07:15.652]        Sequence("EnableTraceSWO");                                           // Call SWO Trace Setup
[15:07:15.652]          <sequence name="EnableTraceSWO" Pname="" disable="false" info="">
[15:07:15.652]            <block atomic="false" info="">
[15:07:15.652]              __var dbgmcu_val    = 0;                                                // DBGMCU_CR Value
[15:07:15.652]                // -> [dbgmcu_val <= 0x00000000]
[15:07:15.652]              dbgmcu_val  = Read32(0xE0042004) & (~0xE0);                         // Read DBGMCU_CR and clear trace setup
[15:07:15.653]                // -> [Read32(0xE0042004) => 0x00000037]   (__dp=0x00000000, __ap=0x00000000)
[15:07:15.653]                // -> [dbgmcu_val <= 0x00000017]
[15:07:15.653]              dbgmcu_val |= (1 << 5);                                           // Trace I/O Enable + Trace Mode Asynchronous
[15:07:15.653]                // -> [dbgmcu_val <= 0x00000037]
[15:07:15.653]              Write32(0xE0042004, dbgmcu_val);                                        // Write DBGMCU_CR: Trace Settings
[15:07:15.653]                // -> [Write32(0xE0042004, 0x00000037)]   (__dp=0x00000000, __ap=0x00000000)
[15:07:15.653]            </block>
[15:07:15.653]          </sequence>
[15:07:15.653]      </block>
[15:07:15.653]      // end if-block "traceSWO"
[15:07:15.653]    </control>
[15:07:15.654]    <control if="traceTPIU" while="" timeout="0" info="">
[15:07:15.654]      // if-block "traceTPIU"
[15:07:15.654]        // =>  FALSE
[15:07:15.654]      // skip if-block "traceTPIU"
[15:07:15.654]    </control>
[15:07:15.654]  </sequence>
[15:07:15.654]  
[15:07:15.857]  **********  Sequence "TraceStart"  (Context="Reset", Pname="", info="")
[15:07:15.857]  
[15:07:15.857]  <debugvars>
[15:07:15.857]    // Pre-defined
[15:07:15.857]    __protocol=0x00010002      (Protocol="SWD", SWJ-DP="True")
[15:07:15.858]    __connection=0x00000201    (Connection Type="Debug", Reset Type="System Reset")
[15:07:15.858]    __dp=0x00000000
[15:07:15.858]    __ap=0x00000000
[15:07:15.858]    __traceout=0x00000001      (SWO Trace)
[15:07:15.858]    __errorcontrol=0x00000000  (Skip Errors="False")
[15:07:15.858]    __FlashAddr=0x00000000
[15:07:15.858]    __FlashLen=0x00000000
[15:07:15.858]    __FlashArg=0x00000000
[15:07:15.858]    __FlashOp=0x00000000
[15:07:15.858]    __Result=0x00000000
[15:07:15.858]    
[15:07:15.858]    // User-defined
[15:07:15.858]    DbgMCU_CR=0x00000007
[15:07:15.858]  </debugvars>
[15:07:15.858]  
[15:07:15.858]  <sequence name="TraceStart" Pname="" disable="false" info="">
[15:07:15.858]    <block atomic="false" info="">
[15:07:15.858]      __var traceSWO    = (__traceout & 0x1) != 0;                        // SWO Trace Selected?
[15:07:15.858]        // -> [traceSWO <= 0x00000001]
[15:07:15.858]      __var traceTPIU   = (__traceout & 0x2) != 0;                        // TPIU Trace Selected?
[15:07:15.859]        // -> [traceTPIU <= 0x00000000]
[15:07:15.859]    </block>
[15:07:15.859]    <control if="traceSWO" while="" timeout="0" info="">
[15:07:15.859]      // if-block "traceSWO"
[15:07:15.859]        // =>  TRUE
[15:07:15.859]      <block atomic="false" info="">
[15:07:15.859]        Sequence("EnableTraceSWO");                                           // Call SWO Trace Setup
[15:07:15.859]          <sequence name="EnableTraceSWO" Pname="" disable="false" info="">
[15:07:15.859]            <block atomic="false" info="">
[15:07:15.859]              __var dbgmcu_val    = 0;                                                // DBGMCU_CR Value
[15:07:15.859]                // -> [dbgmcu_val <= 0x00000000]
[15:07:15.859]              dbgmcu_val  = Read32(0xE0042004) & (~0xE0);                         // Read DBGMCU_CR and clear trace setup
[15:07:15.859]                // -> [Read32(0xE0042004) => 0x00000037]   (__dp=0x00000000, __ap=0x00000000)
[15:07:15.860]                // -> [dbgmcu_val <= 0x00000017]
[15:07:15.860]              dbgmcu_val |= (1 << 5);                                           // Trace I/O Enable + Trace Mode Asynchronous
[15:07:15.860]                // -> [dbgmcu_val <= 0x00000037]
[15:07:15.860]              Write32(0xE0042004, dbgmcu_val);                                        // Write DBGMCU_CR: Trace Settings
[15:07:15.860]                // -> [Write32(0xE0042004, 0x00000037)]   (__dp=0x00000000, __ap=0x00000000)
[15:07:15.860]            </block>
[15:07:15.860]          </sequence>
[15:07:15.861]      </block>
[15:07:15.861]      // end if-block "traceSWO"
[15:07:15.861]    </control>
[15:07:15.861]    <control if="traceTPIU" while="" timeout="0" info="">
[15:07:15.861]      // if-block "traceTPIU"
[15:07:15.861]        // =>  FALSE
[15:07:15.861]      // skip if-block "traceTPIU"
[15:07:15.861]    </control>
[15:07:15.861]  </sequence>
[15:07:15.861]  
[15:07:39.498]  **********  Sequence "DebugDeviceUnlock"  (Context="Target Access", Pname="", info="")
[15:07:39.498]  
[15:07:39.498]  <debugvars>
[15:07:39.498]    // Pre-defined
[15:07:39.498]    __protocol=0x00010002      (Protocol="SWD", SWJ-DP="True")
[15:07:39.498]    __connection=0x00000201    (Connection Type="Debug", Reset Type="System Reset")
[15:07:39.498]    __dp=0x00000000
[15:07:39.498]    __ap=0x00000000
[15:07:39.498]    __traceout=0x00000001      (SWO Trace)
[15:07:39.498]    __errorcontrol=0x00000000  (Skip Errors="False")
[15:07:39.498]    __FlashAddr=0x00000000
[15:07:39.498]    __FlashLen=0x00000000
[15:07:39.498]    __FlashArg=0x00000000
[15:07:39.498]    __FlashOp=0x00000000
[15:07:39.499]    __Result=0x00000000
[15:07:39.499]    
[15:07:39.499]    // User-defined
[15:07:39.499]    DbgMCU_CR=0x00000007
[15:07:39.499]  </debugvars>
[15:07:39.499]  
[15:07:39.499]  <sequence name="DebugDeviceUnlock" Pname="" disable="false" info="">
[15:07:39.499]    <block atomic="false" info="">
[15:07:39.499]      Sequence("CheckID");
[15:07:39.499]        <sequence name="CheckID" Pname="" disable="false" info="">
[15:07:39.499]          <block atomic="false" info="">
[15:07:39.499]            __var pidr1 = 0;
[15:07:39.499]              // -> [pidr1 <= 0x00000000]
[15:07:39.499]            __var pidr2 = 0;
[15:07:39.499]              // -> [pidr2 <= 0x00000000]
[15:07:39.499]            __var jep106id = 0;
[15:07:39.499]              // -> [jep106id <= 0x00000000]
[15:07:39.499]            __var ROMTableBase = 0;
[15:07:39.499]              // -> [ROMTableBase <= 0x00000000]
[15:07:39.499]            __ap = 0;      // AHB-AP
[15:07:39.499]              // -> [__ap <= 0x00000000]
[15:07:39.499]            ROMTableBase = ReadAP(0xF8) & ~0x3;
[15:07:39.499]              // -> [ReadAP(0x000000F8) => 0xE00FF003]   (__dp=0x00000000, __ap=0x00000000)
[15:07:39.500]              // -> [ROMTableBase <= 0xE00FF000]
[15:07:39.500]            pidr1 = Read32(ROMTableBase + 0x0FE4);
[15:07:39.500]              // -> [Read32(0xE00FFFE4) => 0x00000004]   (__dp=0x00000000, __ap=0x00000000)
[15:07:39.500]              // -> [pidr1 <= 0x00000004]
[15:07:39.500]            pidr2 = Read32(ROMTableBase + 0x0FE8);
[15:07:39.500]              // -> [Read32(0xE00FFFE8) => 0x0000000A]   (__dp=0x00000000, __ap=0x00000000)
[15:07:39.500]              // -> [pidr2 <= 0x0000000A]
[15:07:39.500]            jep106id = ((pidr2 & 0x7) << 4 ) | ((pidr1 >> 4) & 0xF);
[15:07:39.500]              // -> [jep106id <= 0x00000020]
[15:07:39.500]          </block>
[15:07:39.500]          <control if="jep106id != 0x20" while="" timeout="0" info="">
[15:07:39.500]            // if-block "jep106id != 0x20"
[15:07:39.500]              // =>  FALSE
[15:07:39.500]            // skip if-block "jep106id != 0x20"
[15:07:39.500]          </control>
[15:07:39.500]        </sequence>
[15:07:39.500]    </block>
[15:07:39.500]  </sequence>
[15:07:39.500]  
[15:07:39.500]  **********  Sequence "DebugCoreStart"  (Context="Target Access", Pname="", info="")
[15:07:39.500]  
[15:07:39.500]  <debugvars>
[15:07:39.501]    // Pre-defined
[15:07:39.501]    __protocol=0x00010002      (Protocol="SWD", SWJ-DP="True")
[15:07:39.501]    __connection=0x00000201    (Connection Type="Debug", Reset Type="System Reset")
[15:07:39.501]    __dp=0x00000000
[15:07:39.501]    __ap=0x00000000
[15:07:39.501]    __traceout=0x00000001      (SWO Trace)
[15:07:39.501]    __errorcontrol=0x00000000  (Skip Errors="False")
[15:07:39.501]    __FlashAddr=0x00000000
[15:07:39.501]    __FlashLen=0x00000000
[15:07:39.501]    __FlashArg=0x00000000
[15:07:39.501]    __FlashOp=0x00000000
[15:07:39.501]    __Result=0x00000000
[15:07:39.501]    
[15:07:39.501]    // User-defined
[15:07:39.501]    DbgMCU_CR=0x00000007
[15:07:39.501]  </debugvars>
[15:07:39.501]  
[15:07:39.501]  <sequence name="DebugCoreStart" Pname="" disable="false" info="">
[15:07:39.501]    <block atomic="false" info="">
[15:07:39.501]      Write32(0xE000EDF0, 0xA05F0001);                                        // Enable Core Debug via DHCSR
[15:07:39.502]        // -> [Write32(0xE000EDF0, 0xA05F0001)]   (__dp=0x00000000, __ap=0x00000000)
[15:07:39.502]      Write32(0xE0042004, DbgMCU_CR);                                         // DBGMCU_CR: Configure MCU Debug
[15:07:39.503]        // -> [Write32(0xE0042004, 0x00000007)]   (__dp=0x00000000, __ap=0x00000000)
[15:07:39.503]    </block>
[15:07:39.503]  </sequence>
[15:07:39.503]  
[15:07:39.520]  **********  Sequence "TraceStart"  (Context="Target Access", Pname="", info="")
[15:07:39.520]  
[15:07:39.520]  <debugvars>
[15:07:39.520]    // Pre-defined
[15:07:39.520]    __protocol=0x00010002      (Protocol="SWD", SWJ-DP="True")
[15:07:39.520]    __connection=0x00000201    (Connection Type="Debug", Reset Type="System Reset")
[15:07:39.520]    __dp=0x00000000
[15:07:39.520]    __ap=0x00000000
[15:07:39.520]    __traceout=0x00000001      (SWO Trace)
[15:07:39.520]    __errorcontrol=0x00000000  (Skip Errors="False")
[15:07:39.520]    __FlashAddr=0x00000000
[15:07:39.520]    __FlashLen=0x00000000
[15:07:39.520]    __FlashArg=0x00000000
[15:07:39.520]    __FlashOp=0x00000000
[15:07:39.520]    __Result=0x00000000
[15:07:39.520]    
[15:07:39.520]    // User-defined
[15:07:39.520]    DbgMCU_CR=0x00000007
[15:07:39.520]  </debugvars>
[15:07:39.520]  
[15:07:39.520]  <sequence name="TraceStart" Pname="" disable="false" info="">
[15:07:39.520]    <block atomic="false" info="">
[15:07:39.521]      __var traceSWO    = (__traceout & 0x1) != 0;                        // SWO Trace Selected?
[15:07:39.521]        // -> [traceSWO <= 0x00000001]
[15:07:39.521]      __var traceTPIU   = (__traceout & 0x2) != 0;                        // TPIU Trace Selected?
[15:07:39.521]        // -> [traceTPIU <= 0x00000000]
[15:07:39.521]    </block>
[15:07:39.521]    <control if="traceSWO" while="" timeout="0" info="">
[15:07:39.521]      // if-block "traceSWO"
[15:07:39.521]        // =>  TRUE
[15:07:39.521]      <block atomic="false" info="">
[15:07:39.521]        Sequence("EnableTraceSWO");                                           // Call SWO Trace Setup
[15:07:39.521]          <sequence name="EnableTraceSWO" Pname="" disable="false" info="">
[15:07:39.521]            <block atomic="false" info="">
[15:07:39.521]              __var dbgmcu_val    = 0;                                                // DBGMCU_CR Value
[15:07:39.521]                // -> [dbgmcu_val <= 0x00000000]
[15:07:39.522]              dbgmcu_val  = Read32(0xE0042004) & (~0xE0);                         // Read DBGMCU_CR and clear trace setup
[15:07:39.522]                // -> [Read32(0xE0042004) => 0x00000037]   (__dp=0x00000000, __ap=0x00000000)
[15:07:39.522]                // -> [dbgmcu_val <= 0x00000017]
[15:07:39.522]              dbgmcu_val |= (1 << 5);                                           // Trace I/O Enable + Trace Mode Asynchronous
[15:07:39.522]                // -> [dbgmcu_val <= 0x00000037]
[15:07:39.522]              Write32(0xE0042004, dbgmcu_val);                                        // Write DBGMCU_CR: Trace Settings
[15:07:39.523]                // -> [Write32(0xE0042004, 0x00000037)]   (__dp=0x00000000, __ap=0x00000000)
[15:07:39.523]            </block>
[15:07:39.523]          </sequence>
[15:07:39.523]      </block>
[15:07:39.523]      // end if-block "traceSWO"
[15:07:39.523]    </control>
[15:07:39.523]    <control if="traceTPIU" while="" timeout="0" info="">
[15:07:39.523]      // if-block "traceTPIU"
[15:07:39.523]        // =>  FALSE
[15:07:39.523]      // skip if-block "traceTPIU"
[15:07:39.523]    </control>
[15:07:39.524]  </sequence>
[15:07:39.524]  
[15:07:39.530]  **********  Sequence "TraceStart"  (Context="Reset", Pname="", info="")
[15:07:39.530]  
[15:07:39.530]  <debugvars>
[15:07:39.530]    // Pre-defined
[15:07:39.530]    __protocol=0x00010002      (Protocol="SWD", SWJ-DP="True")
[15:07:39.530]    __connection=0x00000201    (Connection Type="Debug", Reset Type="System Reset")
[15:07:39.531]    __dp=0x00000000
[15:07:39.531]    __ap=0x00000000
[15:07:39.531]    __traceout=0x00000001      (SWO Trace)
[15:07:39.531]    __errorcontrol=0x00000000  (Skip Errors="False")
[15:07:39.531]    __FlashAddr=0x00000000
[15:07:39.532]    __FlashLen=0x00000000
[15:07:39.532]    __FlashArg=0x00000000
[15:07:39.532]    __FlashOp=0x00000000
[15:07:39.532]    __Result=0x00000000
[15:07:39.532]    
[15:07:39.532]    // User-defined
[15:07:39.532]    DbgMCU_CR=0x00000007
[15:07:39.532]  </debugvars>
[15:07:39.532]  
[15:07:39.532]  <sequence name="TraceStart" Pname="" disable="false" info="">
[15:07:39.532]    <block atomic="false" info="">
[15:07:39.532]      __var traceSWO    = (__traceout & 0x1) != 0;                        // SWO Trace Selected?
[15:07:39.533]        // -> [traceSWO <= 0x00000001]
[15:07:39.533]      __var traceTPIU   = (__traceout & 0x2) != 0;                        // TPIU Trace Selected?
[15:07:39.533]        // -> [traceTPIU <= 0x00000000]
[15:07:39.533]    </block>
[15:07:39.533]    <control if="traceSWO" while="" timeout="0" info="">
[15:07:39.533]      // if-block "traceSWO"
[15:07:39.533]        // =>  TRUE
[15:07:39.533]      <block atomic="false" info="">
[15:07:39.533]        Sequence("EnableTraceSWO");                                           // Call SWO Trace Setup
[15:07:39.533]          <sequence name="EnableTraceSWO" Pname="" disable="false" info="">
[15:07:39.533]            <block atomic="false" info="">
[15:07:39.533]              __var dbgmcu_val    = 0;                                                // DBGMCU_CR Value
[15:07:39.533]                // -> [dbgmcu_val <= 0x00000000]
[15:07:39.533]              dbgmcu_val  = Read32(0xE0042004) & (~0xE0);                         // Read DBGMCU_CR and clear trace setup
[15:07:39.534]                // -> [Read32(0xE0042004) => 0x00000037]   (__dp=0x00000000, __ap=0x00000000)
[15:07:39.534]                // -> [dbgmcu_val <= 0x00000017]
[15:07:39.534]              dbgmcu_val |= (1 << 5);                                           // Trace I/O Enable + Trace Mode Asynchronous
[15:07:39.534]                // -> [dbgmcu_val <= 0x00000037]
[15:07:39.534]              Write32(0xE0042004, dbgmcu_val);                                        // Write DBGMCU_CR: Trace Settings
[15:07:39.534]                // -> [Write32(0xE0042004, 0x00000037)]   (__dp=0x00000000, __ap=0x00000000)
[15:07:39.534]            </block>
[15:07:39.534]          </sequence>
[15:07:39.534]      </block>
[15:07:39.534]      // end if-block "traceSWO"
[15:07:39.534]    </control>
[15:07:39.535]    <control if="traceTPIU" while="" timeout="0" info="">
[15:07:39.535]      // if-block "traceTPIU"
[15:07:39.535]        // =>  FALSE
[15:07:39.535]      // skip if-block "traceTPIU"
[15:07:39.535]    </control>
[15:07:39.535]  </sequence>
[15:07:39.535]  
[15:07:39.707]  **********  Sequence "TraceStart"  (Context="Reset", Pname="", info="")
[15:07:39.707]  
[15:07:39.715]  <debugvars>
[15:07:39.715]    // Pre-defined
[15:07:39.715]    __protocol=0x00010002      (Protocol="SWD", SWJ-DP="True")
[15:07:39.715]    __connection=0x00000201    (Connection Type="Debug", Reset Type="System Reset")
[15:07:39.715]    __dp=0x00000000
[15:07:39.715]    __ap=0x00000000
[15:07:39.715]    __traceout=0x00000001      (SWO Trace)
[15:07:39.715]    __errorcontrol=0x00000000  (Skip Errors="False")
[15:07:39.715]    __FlashAddr=0x00000000
[15:07:39.715]    __FlashLen=0x00000000
[15:07:39.715]    __FlashArg=0x00000000
[15:07:39.715]    __FlashOp=0x00000000
[15:07:39.715]    __Result=0x00000000
[15:07:39.715]    
[15:07:39.715]    // User-defined
[15:07:39.715]    DbgMCU_CR=0x00000007
[15:07:39.715]  </debugvars>
[15:07:39.716]  
[15:07:39.716]  <sequence name="TraceStart" Pname="" disable="false" info="">
[15:07:39.716]    <block atomic="false" info="">
[15:07:39.716]      __var traceSWO    = (__traceout & 0x1) != 0;                        // SWO Trace Selected?
[15:07:39.716]        // -> [traceSWO <= 0x00000001]
[15:07:39.716]      __var traceTPIU   = (__traceout & 0x2) != 0;                        // TPIU Trace Selected?
[15:07:39.716]        // -> [traceTPIU <= 0x00000000]
[15:07:39.716]    </block>
[15:07:39.716]    <control if="traceSWO" while="" timeout="0" info="">
[15:07:39.716]      // if-block "traceSWO"
[15:07:39.716]        // =>  TRUE
[15:07:39.716]      <block atomic="false" info="">
[15:07:39.716]        Sequence("EnableTraceSWO");                                           // Call SWO Trace Setup
[15:07:39.716]          <sequence name="EnableTraceSWO" Pname="" disable="false" info="">
[15:07:39.716]            <block atomic="false" info="">
[15:07:39.716]              __var dbgmcu_val    = 0;                                                // DBGMCU_CR Value
[15:07:39.716]                // -> [dbgmcu_val <= 0x00000000]
[15:07:39.716]              dbgmcu_val  = Read32(0xE0042004) & (~0xE0);                         // Read DBGMCU_CR and clear trace setup
[15:07:39.717]                // -> [Read32(0xE0042004) => 0x00000037]   (__dp=0x00000000, __ap=0x00000000)
[15:07:39.717]                // -> [dbgmcu_val <= 0x00000017]
[15:07:39.717]              dbgmcu_val |= (1 << 5);                                           // Trace I/O Enable + Trace Mode Asynchronous
[15:07:39.717]                // -> [dbgmcu_val <= 0x00000037]
[15:07:39.717]              Write32(0xE0042004, dbgmcu_val);                                        // Write DBGMCU_CR: Trace Settings
[15:07:39.717]                // -> [Write32(0xE0042004, 0x00000037)]   (__dp=0x00000000, __ap=0x00000000)
[15:07:39.718]            </block>
[15:07:39.718]          </sequence>
[15:07:39.718]      </block>
[15:07:39.718]      // end if-block "traceSWO"
[15:07:39.718]    </control>
[15:07:39.718]    <control if="traceTPIU" while="" timeout="0" info="">
[15:07:39.718]      // if-block "traceTPIU"
[15:07:39.718]        // =>  FALSE
[15:07:39.718]      // skip if-block "traceTPIU"
[15:07:39.718]    </control>
[15:07:39.718]  </sequence>
[15:07:39.718]  
[15:08:20.444]  **********  Sequence "DebugDeviceUnlock"  (Context="Target Access", Pname="", info="")
[15:08:20.444]  
[15:08:20.450]  <debugvars>
[15:08:20.450]    // Pre-defined
[15:08:20.450]    __protocol=0x00010002      (Protocol="SWD", SWJ-DP="True")
[15:08:20.451]    __connection=0x00000202    (Connection Type="Flash", Reset Type="System Reset")
[15:08:20.451]    __dp=0x00000000
[15:08:20.451]    __ap=0x00000000
[15:08:20.451]    __traceout=0x00000001      (SWO Trace)
[15:08:20.451]    __errorcontrol=0x00000000  (Skip Errors="False")
[15:08:20.451]    __FlashAddr=0x00000000
[15:08:20.451]    __FlashLen=0x00000000
[15:08:20.451]    __FlashArg=0x00000000
[15:08:20.451]    __FlashOp=0x00000000
[15:08:20.451]    __Result=0x00000000
[15:08:20.451]    
[15:08:20.451]    // User-defined
[15:08:20.451]    DbgMCU_CR=0x00000007
[15:08:20.451]  </debugvars>
[15:08:20.451]  
[15:08:20.451]  <sequence name="DebugDeviceUnlock" Pname="" disable="false" info="">
[15:08:20.451]    <block atomic="false" info="">
[15:08:20.451]      Sequence("CheckID");
[15:08:20.451]        <sequence name="CheckID" Pname="" disable="false" info="">
[15:08:20.451]          <block atomic="false" info="">
[15:08:20.451]            __var pidr1 = 0;
[15:08:20.451]              // -> [pidr1 <= 0x00000000]
[15:08:20.451]            __var pidr2 = 0;
[15:08:20.451]              // -> [pidr2 <= 0x00000000]
[15:08:20.452]            __var jep106id = 0;
[15:08:20.452]              // -> [jep106id <= 0x00000000]
[15:08:20.452]            __var ROMTableBase = 0;
[15:08:20.452]              // -> [ROMTableBase <= 0x00000000]
[15:08:20.452]            __ap = 0;      // AHB-AP
[15:08:20.452]              // -> [__ap <= 0x00000000]
[15:08:20.452]            ROMTableBase = ReadAP(0xF8) & ~0x3;
[15:08:20.452]              // -> [ReadAP(0x000000F8) => 0xE00FF003]   (__dp=0x00000000, __ap=0x00000000)
[15:08:20.452]              // -> [ROMTableBase <= 0xE00FF000]
[15:08:20.452]            pidr1 = Read32(ROMTableBase + 0x0FE4);
[15:08:20.453]              // -> [Read32(0xE00FFFE4) => 0x00000004]   (__dp=0x00000000, __ap=0x00000000)
[15:08:20.453]              // -> [pidr1 <= 0x00000004]
[15:08:20.453]            pidr2 = Read32(ROMTableBase + 0x0FE8);
[15:08:20.453]              // -> [Read32(0xE00FFFE8) => 0x0000000A]   (__dp=0x00000000, __ap=0x00000000)
[15:08:20.453]              // -> [pidr2 <= 0x0000000A]
[15:08:20.453]            jep106id = ((pidr2 & 0x7) << 4 ) | ((pidr1 >> 4) & 0xF);
[15:08:20.453]              // -> [jep106id <= 0x00000020]
[15:08:20.454]          </block>
[15:08:20.454]          <control if="jep106id != 0x20" while="" timeout="0" info="">
[15:08:20.454]            // if-block "jep106id != 0x20"
[15:08:20.454]              // =>  FALSE
[15:08:20.454]            // skip if-block "jep106id != 0x20"
[15:08:20.454]          </control>
[15:08:20.454]        </sequence>
[15:08:20.454]    </block>
[15:08:20.454]  </sequence>
[15:08:20.454]  
[15:08:20.454]  **********  Sequence "DebugCoreStart"  (Context="Target Access", Pname="", info="")
[15:08:20.454]  
[15:08:20.454]  <debugvars>
[15:08:20.454]    // Pre-defined
[15:08:20.454]    __protocol=0x00010002      (Protocol="SWD", SWJ-DP="True")
[15:08:20.454]    __connection=0x00000202    (Connection Type="Flash", Reset Type="System Reset")
[15:08:20.454]    __dp=0x00000000
[15:08:20.454]    __ap=0x00000000
[15:08:20.454]    __traceout=0x00000001      (SWO Trace)
[15:08:20.454]    __errorcontrol=0x00000000  (Skip Errors="False")
[15:08:20.454]    __FlashAddr=0x00000000
[15:08:20.454]    __FlashLen=0x00000000
[15:08:20.454]    __FlashArg=0x00000000
[15:08:20.454]    __FlashOp=0x00000000
[15:08:20.454]    __Result=0x00000000
[15:08:20.454]    
[15:08:20.454]    // User-defined
[15:08:20.455]    DbgMCU_CR=0x00000007
[15:08:20.455]  </debugvars>
[15:08:20.455]  
[15:08:20.455]  <sequence name="DebugCoreStart" Pname="" disable="false" info="">
[15:08:20.455]    <block atomic="false" info="">
[15:08:20.455]      Write32(0xE000EDF0, 0xA05F0001);                                        // Enable Core Debug via DHCSR
[15:08:20.455]        // -> [Write32(0xE000EDF0, 0xA05F0001)]   (__dp=0x00000000, __ap=0x00000000)
[15:08:20.455]      Write32(0xE0042004, DbgMCU_CR);                                         // DBGMCU_CR: Configure MCU Debug
[15:08:20.456]        // -> [Write32(0xE0042004, 0x00000007)]   (__dp=0x00000000, __ap=0x00000000)
[15:08:20.456]    </block>
[15:08:20.456]  </sequence>
[15:08:20.456]  
[15:08:23.654]  **********  Sequence "DebugDeviceUnlock"  (Context="Target Access", Pname="", info="")
[15:08:23.654]  
[15:08:23.661]  <debugvars>
[15:08:23.662]    // Pre-defined
[15:08:23.662]    __protocol=0x00010002      (Protocol="SWD", SWJ-DP="True")
[15:08:23.662]    __connection=0x00000201    (Connection Type="Debug", Reset Type="System Reset")
[15:08:23.662]    __dp=0x00000000
[15:08:23.662]    __ap=0x00000000
[15:08:23.662]    __traceout=0x00000001      (SWO Trace)
[15:08:23.662]    __errorcontrol=0x00000000  (Skip Errors="False")
[15:08:23.662]    __FlashAddr=0x00000000
[15:08:23.662]    __FlashLen=0x00000000
[15:08:23.662]    __FlashArg=0x00000000
[15:08:23.662]    __FlashOp=0x00000000
[15:08:23.662]    __Result=0x00000000
[15:08:23.662]    
[15:08:23.662]    // User-defined
[15:08:23.662]    DbgMCU_CR=0x00000007
[15:08:23.662]  </debugvars>
[15:08:23.662]  
[15:08:23.662]  <sequence name="DebugDeviceUnlock" Pname="" disable="false" info="">
[15:08:23.662]    <block atomic="false" info="">
[15:08:23.662]      Sequence("CheckID");
[15:08:23.662]        <sequence name="CheckID" Pname="" disable="false" info="">
[15:08:23.662]          <block atomic="false" info="">
[15:08:23.662]            __var pidr1 = 0;
[15:08:23.663]              // -> [pidr1 <= 0x00000000]
[15:08:23.663]            __var pidr2 = 0;
[15:08:23.663]              // -> [pidr2 <= 0x00000000]
[15:08:23.663]            __var jep106id = 0;
[15:08:23.663]              // -> [jep106id <= 0x00000000]
[15:08:23.663]            __var ROMTableBase = 0;
[15:08:23.663]              // -> [ROMTableBase <= 0x00000000]
[15:08:23.663]            __ap = 0;      // AHB-AP
[15:08:23.663]              // -> [__ap <= 0x00000000]
[15:08:23.663]            ROMTableBase = ReadAP(0xF8) & ~0x3;
[15:08:23.663]              // -> [ReadAP(0x000000F8) => 0xE00FF003]   (__dp=0x00000000, __ap=0x00000000)
[15:08:23.663]              // -> [ROMTableBase <= 0xE00FF000]
[15:08:23.663]            pidr1 = Read32(ROMTableBase + 0x0FE4);
[15:08:23.664]              // -> [Read32(0xE00FFFE4) => 0x00000004]   (__dp=0x00000000, __ap=0x00000000)
[15:08:23.664]              // -> [pidr1 <= 0x00000004]
[15:08:23.664]            pidr2 = Read32(ROMTableBase + 0x0FE8);
[15:08:23.664]              // -> [Read32(0xE00FFFE8) => 0x0000000A]   (__dp=0x00000000, __ap=0x00000000)
[15:08:23.664]              // -> [pidr2 <= 0x0000000A]
[15:08:23.664]            jep106id = ((pidr2 & 0x7) << 4 ) | ((pidr1 >> 4) & 0xF);
[15:08:23.664]              // -> [jep106id <= 0x00000020]
[15:08:23.664]          </block>
[15:08:23.664]          <control if="jep106id != 0x20" while="" timeout="0" info="">
[15:08:23.664]            // if-block "jep106id != 0x20"
[15:08:23.664]              // =>  FALSE
[15:08:23.664]            // skip if-block "jep106id != 0x20"
[15:08:23.664]          </control>
[15:08:23.664]        </sequence>
[15:08:23.664]    </block>
[15:08:23.664]  </sequence>
[15:08:23.665]  
[15:08:23.665]  **********  Sequence "DebugCoreStart"  (Context="Target Access", Pname="", info="")
[15:08:23.665]  
[15:08:23.665]  <debugvars>
[15:08:23.665]    // Pre-defined
[15:08:23.665]    __protocol=0x00010002      (Protocol="SWD", SWJ-DP="True")
[15:08:23.665]    __connection=0x00000201    (Connection Type="Debug", Reset Type="System Reset")
[15:08:23.665]    __dp=0x00000000
[15:08:23.665]    __ap=0x00000000
[15:08:23.665]    __traceout=0x00000001      (SWO Trace)
[15:08:23.665]    __errorcontrol=0x00000000  (Skip Errors="False")
[15:08:23.665]    __FlashAddr=0x00000000
[15:08:23.665]    __FlashLen=0x00000000
[15:08:23.665]    __FlashArg=0x00000000
[15:08:23.665]    __FlashOp=0x00000000
[15:08:23.665]    __Result=0x00000000
[15:08:23.665]    
[15:08:23.665]    // User-defined
[15:08:23.665]    DbgMCU_CR=0x00000007
[15:08:23.665]  </debugvars>
[15:08:23.665]  
[15:08:23.665]  <sequence name="DebugCoreStart" Pname="" disable="false" info="">
[15:08:23.665]    <block atomic="false" info="">
[15:08:23.665]      Write32(0xE000EDF0, 0xA05F0001);                                        // Enable Core Debug via DHCSR
[15:08:23.666]        // -> [Write32(0xE000EDF0, 0xA05F0001)]   (__dp=0x00000000, __ap=0x00000000)
[15:08:23.666]      Write32(0xE0042004, DbgMCU_CR);                                         // DBGMCU_CR: Configure MCU Debug
[15:08:23.666]        // -> [Write32(0xE0042004, 0x00000007)]   (__dp=0x00000000, __ap=0x00000000)
[15:08:23.666]    </block>
[15:08:23.666]  </sequence>
[15:08:23.666]  
[15:08:23.683]  **********  Sequence "TraceStart"  (Context="Target Access", Pname="", info="")
[15:08:23.683]  
[15:08:23.683]  <debugvars>
[15:08:23.683]    // Pre-defined
[15:08:23.683]    __protocol=0x00010002      (Protocol="SWD", SWJ-DP="True")
[15:08:23.683]    __connection=0x00000201    (Connection Type="Debug", Reset Type="System Reset")
[15:08:23.684]    __dp=0x00000000
[15:08:23.684]    __ap=0x00000000
[15:08:23.684]    __traceout=0x00000001      (SWO Trace)
[15:08:23.684]    __errorcontrol=0x00000000  (Skip Errors="False")
[15:08:23.684]    __FlashAddr=0x00000000
[15:08:23.684]    __FlashLen=0x00000000
[15:08:23.684]    __FlashArg=0x00000000
[15:08:23.684]    __FlashOp=0x00000000
[15:08:23.684]    __Result=0x00000000
[15:08:23.684]    
[15:08:23.684]    // User-defined
[15:08:23.684]    DbgMCU_CR=0x00000007
[15:08:23.684]  </debugvars>
[15:08:23.684]  
[15:08:23.684]  <sequence name="TraceStart" Pname="" disable="false" info="">
[15:08:23.684]    <block atomic="false" info="">
[15:08:23.684]      __var traceSWO    = (__traceout & 0x1) != 0;                        // SWO Trace Selected?
[15:08:23.684]        // -> [traceSWO <= 0x00000001]
[15:08:23.684]      __var traceTPIU   = (__traceout & 0x2) != 0;                        // TPIU Trace Selected?
[15:08:23.684]        // -> [traceTPIU <= 0x00000000]
[15:08:23.684]    </block>
[15:08:23.684]    <control if="traceSWO" while="" timeout="0" info="">
[15:08:23.684]      // if-block "traceSWO"
[15:08:23.685]        // =>  TRUE
[15:08:23.685]      <block atomic="false" info="">
[15:08:23.685]        Sequence("EnableTraceSWO");                                           // Call SWO Trace Setup
[15:08:23.685]          <sequence name="EnableTraceSWO" Pname="" disable="false" info="">
[15:08:23.685]            <block atomic="false" info="">
[15:08:23.685]              __var dbgmcu_val    = 0;                                                // DBGMCU_CR Value
[15:08:23.685]                // -> [dbgmcu_val <= 0x00000000]
[15:08:23.685]              dbgmcu_val  = Read32(0xE0042004) & (~0xE0);                         // Read DBGMCU_CR and clear trace setup
[15:08:23.685]                // -> [Read32(0xE0042004) => 0x00000037]   (__dp=0x00000000, __ap=0x00000000)
[15:08:23.685]                // -> [dbgmcu_val <= 0x00000017]
[15:08:23.685]              dbgmcu_val |= (1 << 5);                                           // Trace I/O Enable + Trace Mode Asynchronous
[15:08:23.685]                // -> [dbgmcu_val <= 0x00000037]
[15:08:23.685]              Write32(0xE0042004, dbgmcu_val);                                        // Write DBGMCU_CR: Trace Settings
[15:08:23.686]                // -> [Write32(0xE0042004, 0x00000037)]   (__dp=0x00000000, __ap=0x00000000)
[15:08:23.686]            </block>
[15:08:23.686]          </sequence>
[15:08:23.686]      </block>
[15:08:23.686]      // end if-block "traceSWO"
[15:08:23.686]    </control>
[15:08:23.686]    <control if="traceTPIU" while="" timeout="0" info="">
[15:08:23.686]      // if-block "traceTPIU"
[15:08:23.686]        // =>  FALSE
[15:08:23.686]      // skip if-block "traceTPIU"
[15:08:23.686]    </control>
[15:08:23.686]  </sequence>
[15:08:23.686]  
[15:08:23.693]  **********  Sequence "TraceStart"  (Context="Reset", Pname="", info="")
[15:08:23.693]  
[15:08:23.693]  <debugvars>
[15:08:23.693]    // Pre-defined
[15:08:23.693]    __protocol=0x00010002      (Protocol="SWD", SWJ-DP="True")
[15:08:23.694]    __connection=0x00000201    (Connection Type="Debug", Reset Type="System Reset")
[15:08:23.694]    __dp=0x00000000
[15:08:23.694]    __ap=0x00000000
[15:08:23.694]    __traceout=0x00000001      (SWO Trace)
[15:08:23.694]    __errorcontrol=0x00000000  (Skip Errors="False")
[15:08:23.694]    __FlashAddr=0x00000000
[15:08:23.694]    __FlashLen=0x00000000
[15:08:23.695]    __FlashArg=0x00000000
[15:08:23.695]    __FlashOp=0x00000000
[15:08:23.695]    __Result=0x00000000
[15:08:23.695]    
[15:08:23.695]    // User-defined
[15:08:23.695]    DbgMCU_CR=0x00000007
[15:08:23.695]  </debugvars>
[15:08:23.695]  
[15:08:23.695]  <sequence name="TraceStart" Pname="" disable="false" info="">
[15:08:23.695]    <block atomic="false" info="">
[15:08:23.696]      __var traceSWO    = (__traceout & 0x1) != 0;                        // SWO Trace Selected?
[15:08:23.696]        // -> [traceSWO <= 0x00000001]
[15:08:23.696]      __var traceTPIU   = (__traceout & 0x2) != 0;                        // TPIU Trace Selected?
[15:08:23.696]        // -> [traceTPIU <= 0x00000000]
[15:08:23.696]    </block>
[15:08:23.696]    <control if="traceSWO" while="" timeout="0" info="">
[15:08:23.696]      // if-block "traceSWO"
[15:08:23.696]        // =>  TRUE
[15:08:23.697]      <block atomic="false" info="">
[15:08:23.697]        Sequence("EnableTraceSWO");                                           // Call SWO Trace Setup
[15:08:23.697]          <sequence name="EnableTraceSWO" Pname="" disable="false" info="">
[15:08:23.697]            <block atomic="false" info="">
[15:08:23.697]              __var dbgmcu_val    = 0;                                                // DBGMCU_CR Value
[15:08:23.697]                // -> [dbgmcu_val <= 0x00000000]
[15:08:23.697]              dbgmcu_val  = Read32(0xE0042004) & (~0xE0);                         // Read DBGMCU_CR and clear trace setup
[15:08:23.698]                // -> [Read32(0xE0042004) => 0x00000037]   (__dp=0x00000000, __ap=0x00000000)
[15:08:23.698]                // -> [dbgmcu_val <= 0x00000017]
[15:08:23.698]              dbgmcu_val |= (1 << 5);                                           // Trace I/O Enable + Trace Mode Asynchronous
[15:08:23.698]                // -> [dbgmcu_val <= 0x00000037]
[15:08:23.698]              Write32(0xE0042004, dbgmcu_val);                                        // Write DBGMCU_CR: Trace Settings
[15:08:23.699]                // -> [Write32(0xE0042004, 0x00000037)]   (__dp=0x00000000, __ap=0x00000000)
[15:08:23.699]            </block>
[15:08:23.699]          </sequence>
[15:08:23.699]      </block>
[15:08:23.699]      // end if-block "traceSWO"
[15:08:23.699]    </control>
[15:08:23.699]    <control if="traceTPIU" while="" timeout="0" info="">
[15:08:23.699]      // if-block "traceTPIU"
[15:08:23.699]        // =>  FALSE
[15:08:23.699]      // skip if-block "traceTPIU"
[15:08:23.699]    </control>
[15:08:23.699]  </sequence>
[15:08:23.699]  
[15:08:23.920]  **********  Sequence "TraceStart"  (Context="Reset", Pname="", info="")
[15:08:23.920]  
[15:08:23.926]  <debugvars>
[15:08:23.927]    // Pre-defined
[15:08:23.927]    __protocol=0x00010002      (Protocol="SWD", SWJ-DP="True")
[15:08:23.927]    __connection=0x00000201    (Connection Type="Debug", Reset Type="System Reset")
[15:08:23.927]    __dp=0x00000000
[15:08:23.927]    __ap=0x00000000
[15:08:23.927]    __traceout=0x00000001      (SWO Trace)
[15:08:23.927]    __errorcontrol=0x00000000  (Skip Errors="False")
[15:08:23.927]    __FlashAddr=0x00000000
[15:08:23.927]    __FlashLen=0x00000000
[15:08:23.927]    __FlashArg=0x00000000
[15:08:23.927]    __FlashOp=0x00000000
[15:08:23.927]    __Result=0x00000000
[15:08:23.927]    
[15:08:23.927]    // User-defined
[15:08:23.927]    DbgMCU_CR=0x00000007
[15:08:23.927]  </debugvars>
[15:08:23.927]  
[15:08:23.927]  <sequence name="TraceStart" Pname="" disable="false" info="">
[15:08:23.927]    <block atomic="false" info="">
[15:08:23.927]      __var traceSWO    = (__traceout & 0x1) != 0;                        // SWO Trace Selected?
[15:08:23.927]        // -> [traceSWO <= 0x00000001]
[15:08:23.927]      __var traceTPIU   = (__traceout & 0x2) != 0;                        // TPIU Trace Selected?
[15:08:23.927]        // -> [traceTPIU <= 0x00000000]
[15:08:23.927]    </block>
[15:08:23.927]    <control if="traceSWO" while="" timeout="0" info="">
[15:08:23.927]      // if-block "traceSWO"
[15:08:23.927]        // =>  TRUE
[15:08:23.928]      <block atomic="false" info="">
[15:08:23.928]        Sequence("EnableTraceSWO");                                           // Call SWO Trace Setup
[15:08:23.928]          <sequence name="EnableTraceSWO" Pname="" disable="false" info="">
[15:08:23.928]            <block atomic="false" info="">
[15:08:23.928]              __var dbgmcu_val    = 0;                                                // DBGMCU_CR Value
[15:08:23.928]                // -> [dbgmcu_val <= 0x00000000]
[15:08:23.928]              dbgmcu_val  = Read32(0xE0042004) & (~0xE0);                         // Read DBGMCU_CR and clear trace setup
[15:08:23.928]                // -> [Read32(0xE0042004) => 0x00000037]   (__dp=0x00000000, __ap=0x00000000)
[15:08:23.928]                // -> [dbgmcu_val <= 0x00000017]
[15:08:23.928]              dbgmcu_val |= (1 << 5);                                           // Trace I/O Enable + Trace Mode Asynchronous
[15:08:23.928]                // -> [dbgmcu_val <= 0x00000037]
[15:08:23.928]              Write32(0xE0042004, dbgmcu_val);                                        // Write DBGMCU_CR: Trace Settings
[15:08:23.929]                // -> [Write32(0xE0042004, 0x00000037)]   (__dp=0x00000000, __ap=0x00000000)
[15:08:23.929]            </block>
[15:08:23.929]          </sequence>
[15:08:23.929]      </block>
[15:08:23.929]      // end if-block "traceSWO"
[15:08:23.929]    </control>
[15:08:23.929]    <control if="traceTPIU" while="" timeout="0" info="">
[15:08:23.929]      // if-block "traceTPIU"
[15:08:23.929]        // =>  FALSE
[15:08:23.929]      // skip if-block "traceTPIU"
[15:08:23.929]    </control>
[15:08:23.929]  </sequence>
[15:08:23.929]  
[15:09:41.248]  **********  Sequence "DebugDeviceUnlock"  (Context="Target Access", Pname="", info="")
[15:09:41.248]  
[15:09:41.249]  <debugvars>
[15:09:41.249]    // Pre-defined
[15:09:41.249]    __protocol=0x00010002      (Protocol="SWD", SWJ-DP="True")
[15:09:41.249]    __connection=0x00000202    (Connection Type="Flash", Reset Type="System Reset")
[15:09:41.249]    __dp=0x00000000
[15:09:41.249]    __ap=0x00000000
[15:09:41.249]    __traceout=0x00000001      (SWO Trace)
[15:09:41.249]    __errorcontrol=0x00000000  (Skip Errors="False")
[15:09:41.249]    __FlashAddr=0x00000000
[15:09:41.249]    __FlashLen=0x00000000
[15:09:41.249]    __FlashArg=0x00000000
[15:09:41.249]    __FlashOp=0x00000000
[15:09:41.249]    __Result=0x00000000
[15:09:41.249]    
[15:09:41.249]    // User-defined
[15:09:41.249]    DbgMCU_CR=0x00000007
[15:09:41.249]  </debugvars>
[15:09:41.249]  
[15:09:41.249]  <sequence name="DebugDeviceUnlock" Pname="" disable="false" info="">
[15:09:41.249]    <block atomic="false" info="">
[15:09:41.249]      Sequence("CheckID");
[15:09:41.249]        <sequence name="CheckID" Pname="" disable="false" info="">
[15:09:41.249]          <block atomic="false" info="">
[15:09:41.249]            __var pidr1 = 0;
[15:09:41.249]              // -> [pidr1 <= 0x00000000]
[15:09:41.249]            __var pidr2 = 0;
[15:09:41.249]              // -> [pidr2 <= 0x00000000]
[15:09:41.249]            __var jep106id = 0;
[15:09:41.249]              // -> [jep106id <= 0x00000000]
[15:09:41.250]            __var ROMTableBase = 0;
[15:09:41.250]              // -> [ROMTableBase <= 0x00000000]
[15:09:41.250]            __ap = 0;      // AHB-AP
[15:09:41.250]              // -> [__ap <= 0x00000000]
[15:09:41.250]            ROMTableBase = ReadAP(0xF8) & ~0x3;
[15:09:41.250]              // -> [ReadAP(0x000000F8) => 0xE00FF003]   (__dp=0x00000000, __ap=0x00000000)
[15:09:41.250]              // -> [ROMTableBase <= 0xE00FF000]
[15:09:41.250]            pidr1 = Read32(ROMTableBase + 0x0FE4);
[15:09:41.250]              // -> [Read32(0xE00FFFE4) => 0x00000004]   (__dp=0x00000000, __ap=0x00000000)
[15:09:41.250]              // -> [pidr1 <= 0x00000004]
[15:09:41.250]            pidr2 = Read32(ROMTableBase + 0x0FE8);
[15:09:41.251]              // -> [Read32(0xE00FFFE8) => 0x0000000A]   (__dp=0x00000000, __ap=0x00000000)
[15:09:41.251]              // -> [pidr2 <= 0x0000000A]
[15:09:41.251]            jep106id = ((pidr2 & 0x7) << 4 ) | ((pidr1 >> 4) & 0xF);
[15:09:41.251]              // -> [jep106id <= 0x00000020]
[15:09:41.251]          </block>
[15:09:41.251]          <control if="jep106id != 0x20" while="" timeout="0" info="">
[15:09:41.251]            // if-block "jep106id != 0x20"
[15:09:41.251]              // =>  FALSE
[15:09:41.251]            // skip if-block "jep106id != 0x20"
[15:09:41.251]          </control>
[15:09:41.251]        </sequence>
[15:09:41.251]    </block>
[15:09:41.251]  </sequence>
[15:09:41.251]  
[15:09:41.251]  **********  Sequence "DebugCoreStart"  (Context="Target Access", Pname="", info="")
[15:09:41.251]  
[15:09:41.251]  <debugvars>
[15:09:41.251]    // Pre-defined
[15:09:41.251]    __protocol=0x00010002      (Protocol="SWD", SWJ-DP="True")
[15:09:41.252]    __connection=0x00000202    (Connection Type="Flash", Reset Type="System Reset")
[15:09:41.252]    __dp=0x00000000
[15:09:41.252]    __ap=0x00000000
[15:09:41.252]    __traceout=0x00000001      (SWO Trace)
[15:09:41.252]    __errorcontrol=0x00000000  (Skip Errors="False")
[15:09:41.252]    __FlashAddr=0x00000000
[15:09:41.252]    __FlashLen=0x00000000
[15:09:41.252]    __FlashArg=0x00000000
[15:09:41.252]    __FlashOp=0x00000000
[15:09:41.252]    __Result=0x00000000
[15:09:41.252]    
[15:09:41.252]    // User-defined
[15:09:41.252]    DbgMCU_CR=0x00000007
[15:09:41.252]  </debugvars>
[15:09:41.252]  
[15:09:41.252]  <sequence name="DebugCoreStart" Pname="" disable="false" info="">
[15:09:41.252]    <block atomic="false" info="">
[15:09:41.252]      Write32(0xE000EDF0, 0xA05F0001);                                        // Enable Core Debug via DHCSR
[15:09:41.253]        // -> [Write32(0xE000EDF0, 0xA05F0001)]   (__dp=0x00000000, __ap=0x00000000)
[15:09:41.253]      Write32(0xE0042004, DbgMCU_CR);                                         // DBGMCU_CR: Configure MCU Debug
[15:09:41.253]        // -> [Write32(0xE0042004, 0x00000007)]   (__dp=0x00000000, __ap=0x00000000)
[15:09:41.253]    </block>
[15:09:41.253]  </sequence>
[15:09:41.253]  
[15:09:44.464]  **********  Sequence "DebugDeviceUnlock"  (Context="Target Access", Pname="", info="")
[15:09:44.464]  
[15:09:44.465]  <debugvars>
[15:09:44.465]    // Pre-defined
[15:09:44.465]    __protocol=0x00010002      (Protocol="SWD", SWJ-DP="True")
[15:09:44.465]    __connection=0x00000201    (Connection Type="Debug", Reset Type="System Reset")
[15:09:44.465]    __dp=0x00000000
[15:09:44.465]    __ap=0x00000000
[15:09:44.465]    __traceout=0x00000001      (SWO Trace)
[15:09:44.465]    __errorcontrol=0x00000000  (Skip Errors="False")
[15:09:44.465]    __FlashAddr=0x00000000
[15:09:44.465]    __FlashLen=0x00000000
[15:09:44.465]    __FlashArg=0x00000000
[15:09:44.465]    __FlashOp=0x00000000
[15:09:44.465]    __Result=0x00000000
[15:09:44.465]    
[15:09:44.465]    // User-defined
[15:09:44.465]    DbgMCU_CR=0x00000007
[15:09:44.465]  </debugvars>
[15:09:44.465]  
[15:09:44.465]  <sequence name="DebugDeviceUnlock" Pname="" disable="false" info="">
[15:09:44.465]    <block atomic="false" info="">
[15:09:44.465]      Sequence("CheckID");
[15:09:44.466]        <sequence name="CheckID" Pname="" disable="false" info="">
[15:09:44.466]          <block atomic="false" info="">
[15:09:44.466]            __var pidr1 = 0;
[15:09:44.466]              // -> [pidr1 <= 0x00000000]
[15:09:44.466]            __var pidr2 = 0;
[15:09:44.466]              // -> [pidr2 <= 0x00000000]
[15:09:44.466]            __var jep106id = 0;
[15:09:44.466]              // -> [jep106id <= 0x00000000]
[15:09:44.466]            __var ROMTableBase = 0;
[15:09:44.466]              // -> [ROMTableBase <= 0x00000000]
[15:09:44.466]            __ap = 0;      // AHB-AP
[15:09:44.466]              // -> [__ap <= 0x00000000]
[15:09:44.466]            ROMTableBase = ReadAP(0xF8) & ~0x3;
[15:09:44.466]              // -> [ReadAP(0x000000F8) => 0xE00FF003]   (__dp=0x00000000, __ap=0x00000000)
[15:09:44.466]              // -> [ROMTableBase <= 0xE00FF000]
[15:09:44.466]            pidr1 = Read32(ROMTableBase + 0x0FE4);
[15:09:44.467]              // -> [Read32(0xE00FFFE4) => 0x00000004]   (__dp=0x00000000, __ap=0x00000000)
[15:09:44.467]              // -> [pidr1 <= 0x00000004]
[15:09:44.467]            pidr2 = Read32(ROMTableBase + 0x0FE8);
[15:09:44.467]              // -> [Read32(0xE00FFFE8) => 0x0000000A]   (__dp=0x00000000, __ap=0x00000000)
[15:09:44.467]              // -> [pidr2 <= 0x0000000A]
[15:09:44.467]            jep106id = ((pidr2 & 0x7) << 4 ) | ((pidr1 >> 4) & 0xF);
[15:09:44.467]              // -> [jep106id <= 0x00000020]
[15:09:44.467]          </block>
[15:09:44.467]          <control if="jep106id != 0x20" while="" timeout="0" info="">
[15:09:44.468]            // if-block "jep106id != 0x20"
[15:09:44.468]              // =>  FALSE
[15:09:44.468]            // skip if-block "jep106id != 0x20"
[15:09:44.468]          </control>
[15:09:44.468]        </sequence>
[15:09:44.468]    </block>
[15:09:44.468]  </sequence>
[15:09:44.468]  
[15:09:44.468]  **********  Sequence "DebugCoreStart"  (Context="Target Access", Pname="", info="")
[15:09:44.468]  
[15:09:44.468]  <debugvars>
[15:09:44.468]    // Pre-defined
[15:09:44.468]    __protocol=0x00010002      (Protocol="SWD", SWJ-DP="True")
[15:09:44.468]    __connection=0x00000201    (Connection Type="Debug", Reset Type="System Reset")
[15:09:44.468]    __dp=0x00000000
[15:09:44.468]    __ap=0x00000000
[15:09:44.468]    __traceout=0x00000001      (SWO Trace)
[15:09:44.468]    __errorcontrol=0x00000000  (Skip Errors="False")
[15:09:44.468]    __FlashAddr=0x00000000
[15:09:44.468]    __FlashLen=0x00000000
[15:09:44.468]    __FlashArg=0x00000000
[15:09:44.468]    __FlashOp=0x00000000
[15:09:44.468]    __Result=0x00000000
[15:09:44.468]    
[15:09:44.468]    // User-defined
[15:09:44.469]    DbgMCU_CR=0x00000007
[15:09:44.469]  </debugvars>
[15:09:44.469]  
[15:09:44.469]  <sequence name="DebugCoreStart" Pname="" disable="false" info="">
[15:09:44.469]    <block atomic="false" info="">
[15:09:44.469]      Write32(0xE000EDF0, 0xA05F0001);                                        // Enable Core Debug via DHCSR
[15:09:44.469]        // -> [Write32(0xE000EDF0, 0xA05F0001)]   (__dp=0x00000000, __ap=0x00000000)
[15:09:44.469]      Write32(0xE0042004, DbgMCU_CR);                                         // DBGMCU_CR: Configure MCU Debug
[15:09:44.470]        // -> [Write32(0xE0042004, 0x00000007)]   (__dp=0x00000000, __ap=0x00000000)
[15:09:44.470]    </block>
[15:09:44.470]  </sequence>
[15:09:44.470]  
[15:09:44.486]  **********  Sequence "TraceStart"  (Context="Target Access", Pname="", info="")
[15:09:44.486]  
[15:09:44.487]  <debugvars>
[15:09:44.487]    // Pre-defined
[15:09:44.487]    __protocol=0x00010002      (Protocol="SWD", SWJ-DP="True")
[15:09:44.487]    __connection=0x00000201    (Connection Type="Debug", Reset Type="System Reset")
[15:09:44.487]    __dp=0x00000000
[15:09:44.487]    __ap=0x00000000
[15:09:44.487]    __traceout=0x00000001      (SWO Trace)
[15:09:44.487]    __errorcontrol=0x00000000  (Skip Errors="False")
[15:09:44.487]    __FlashAddr=0x00000000
[15:09:44.487]    __FlashLen=0x00000000
[15:09:44.487]    __FlashArg=0x00000000
[15:09:44.487]    __FlashOp=0x00000000
[15:09:44.487]    __Result=0x00000000
[15:09:44.487]    
[15:09:44.487]    // User-defined
[15:09:44.487]    DbgMCU_CR=0x00000007
[15:09:44.487]  </debugvars>
[15:09:44.487]  
[15:09:44.487]  <sequence name="TraceStart" Pname="" disable="false" info="">
[15:09:44.487]    <block atomic="false" info="">
[15:09:44.487]      __var traceSWO    = (__traceout & 0x1) != 0;                        // SWO Trace Selected?
[15:09:44.487]        // -> [traceSWO <= 0x00000001]
[15:09:44.487]      __var traceTPIU   = (__traceout & 0x2) != 0;                        // TPIU Trace Selected?
[15:09:44.487]        // -> [traceTPIU <= 0x00000000]
[15:09:44.488]    </block>
[15:09:44.488]    <control if="traceSWO" while="" timeout="0" info="">
[15:09:44.488]      // if-block "traceSWO"
[15:09:44.488]        // =>  TRUE
[15:09:44.488]      <block atomic="false" info="">
[15:09:44.488]        Sequence("EnableTraceSWO");                                           // Call SWO Trace Setup
[15:09:44.488]          <sequence name="EnableTraceSWO" Pname="" disable="false" info="">
[15:09:44.488]            <block atomic="false" info="">
[15:09:44.488]              __var dbgmcu_val    = 0;                                                // DBGMCU_CR Value
[15:09:44.488]                // -> [dbgmcu_val <= 0x00000000]
[15:09:44.488]              dbgmcu_val  = Read32(0xE0042004) & (~0xE0);                         // Read DBGMCU_CR and clear trace setup
[15:09:44.488]                // -> [Read32(0xE0042004) => 0x00000037]   (__dp=0x00000000, __ap=0x00000000)
[15:09:44.488]                // -> [dbgmcu_val <= 0x00000017]
[15:09:44.488]              dbgmcu_val |= (1 << 5);                                           // Trace I/O Enable + Trace Mode Asynchronous
[15:09:44.488]                // -> [dbgmcu_val <= 0x00000037]
[15:09:44.488]              Write32(0xE0042004, dbgmcu_val);                                        // Write DBGMCU_CR: Trace Settings
[15:09:44.489]                // -> [Write32(0xE0042004, 0x00000037)]   (__dp=0x00000000, __ap=0x00000000)
[15:09:44.489]            </block>
[15:09:44.489]          </sequence>
[15:09:44.489]      </block>
[15:09:44.489]      // end if-block "traceSWO"
[15:09:44.489]    </control>
[15:09:44.489]    <control if="traceTPIU" while="" timeout="0" info="">
[15:09:44.489]      // if-block "traceTPIU"
[15:09:44.489]        // =>  FALSE
[15:09:44.489]      // skip if-block "traceTPIU"
[15:09:44.489]    </control>
[15:09:44.489]  </sequence>
[15:09:44.489]  
[15:09:44.496]  **********  Sequence "TraceStart"  (Context="Reset", Pname="", info="")
[15:09:44.496]  
[15:09:44.496]  <debugvars>
[15:09:44.496]    // Pre-defined
[15:09:44.496]    __protocol=0x00010002      (Protocol="SWD", SWJ-DP="True")
[15:09:44.496]    __connection=0x00000201    (Connection Type="Debug", Reset Type="System Reset")
[15:09:44.496]    __dp=0x00000000
[15:09:44.496]    __ap=0x00000000
[15:09:44.496]    __traceout=0x00000001      (SWO Trace)
[15:09:44.496]    __errorcontrol=0x00000000  (Skip Errors="False")
[15:09:44.496]    __FlashAddr=0x00000000
[15:09:44.496]    __FlashLen=0x00000000
[15:09:44.496]    __FlashArg=0x00000000
[15:09:44.496]    __FlashOp=0x00000000
[15:09:44.496]    __Result=0x00000000
[15:09:44.496]    
[15:09:44.496]    // User-defined
[15:09:44.496]    DbgMCU_CR=0x00000007
[15:09:44.496]  </debugvars>
[15:09:44.496]  
[15:09:44.496]  <sequence name="TraceStart" Pname="" disable="false" info="">
[15:09:44.497]    <block atomic="false" info="">
[15:09:44.497]      __var traceSWO    = (__traceout & 0x1) != 0;                        // SWO Trace Selected?
[15:09:44.497]        // -> [traceSWO <= 0x00000001]
[15:09:44.497]      __var traceTPIU   = (__traceout & 0x2) != 0;                        // TPIU Trace Selected?
[15:09:44.497]        // -> [traceTPIU <= 0x00000000]
[15:09:44.497]    </block>
[15:09:44.497]    <control if="traceSWO" while="" timeout="0" info="">
[15:09:44.497]      // if-block "traceSWO"
[15:09:44.497]        // =>  TRUE
[15:09:44.497]      <block atomic="false" info="">
[15:09:44.497]        Sequence("EnableTraceSWO");                                           // Call SWO Trace Setup
[15:09:44.497]          <sequence name="EnableTraceSWO" Pname="" disable="false" info="">
[15:09:44.497]            <block atomic="false" info="">
[15:09:44.497]              __var dbgmcu_val    = 0;                                                // DBGMCU_CR Value
[15:09:44.497]                // -> [dbgmcu_val <= 0x00000000]
[15:09:44.497]              dbgmcu_val  = Read32(0xE0042004) & (~0xE0);                         // Read DBGMCU_CR and clear trace setup
[15:09:44.498]                // -> [Read32(0xE0042004) => 0x00000037]   (__dp=0x00000000, __ap=0x00000000)
[15:09:44.498]                // -> [dbgmcu_val <= 0x00000017]
[15:09:44.498]              dbgmcu_val |= (1 << 5);                                           // Trace I/O Enable + Trace Mode Asynchronous
[15:09:44.498]                // -> [dbgmcu_val <= 0x00000037]
[15:09:44.498]              Write32(0xE0042004, dbgmcu_val);                                        // Write DBGMCU_CR: Trace Settings
[15:09:44.498]                // -> [Write32(0xE0042004, 0x00000037)]   (__dp=0x00000000, __ap=0x00000000)
[15:09:44.498]            </block>
[15:09:44.498]          </sequence>
[15:09:44.498]      </block>
[15:09:44.498]      // end if-block "traceSWO"
[15:09:44.498]    </control>
[15:09:44.498]    <control if="traceTPIU" while="" timeout="0" info="">
[15:09:44.498]      // if-block "traceTPIU"
[15:09:44.498]        // =>  FALSE
[15:09:44.498]      // skip if-block "traceTPIU"
[15:09:44.498]    </control>
[15:09:44.498]  </sequence>
[15:09:44.499]  
[15:09:44.732]  **********  Sequence "TraceStart"  (Context="Reset", Pname="", info="")
[15:09:44.732]  
[15:09:44.739]  <debugvars>
[15:09:44.740]    // Pre-defined
[15:09:44.740]    __protocol=0x00010002      (Protocol="SWD", SWJ-DP="True")
[15:09:44.740]    __connection=0x00000201    (Connection Type="Debug", Reset Type="System Reset")
[15:09:44.740]    __dp=0x00000000
[15:09:44.740]    __ap=0x00000000
[15:09:44.740]    __traceout=0x00000001      (SWO Trace)
[15:09:44.740]    __errorcontrol=0x00000000  (Skip Errors="False")
[15:09:44.740]    __FlashAddr=0x00000000
[15:09:44.740]    __FlashLen=0x00000000
[15:09:44.740]    __FlashArg=0x00000000
[15:09:44.740]    __FlashOp=0x00000000
[15:09:44.740]    __Result=0x00000000
[15:09:44.740]    
[15:09:44.740]    // User-defined
[15:09:44.740]    DbgMCU_CR=0x00000007
[15:09:44.740]  </debugvars>
[15:09:44.740]  
[15:09:44.740]  <sequence name="TraceStart" Pname="" disable="false" info="">
[15:09:44.740]    <block atomic="false" info="">
[15:09:44.740]      __var traceSWO    = (__traceout & 0x1) != 0;                        // SWO Trace Selected?
[15:09:44.740]        // -> [traceSWO <= 0x00000001]
[15:09:44.740]      __var traceTPIU   = (__traceout & 0x2) != 0;                        // TPIU Trace Selected?
[15:09:44.740]        // -> [traceTPIU <= 0x00000000]
[15:09:44.740]    </block>
[15:09:44.740]    <control if="traceSWO" while="" timeout="0" info="">
[15:09:44.740]      // if-block "traceSWO"
[15:09:44.740]        // =>  TRUE
[15:09:44.740]      <block atomic="false" info="">
[15:09:44.740]        Sequence("EnableTraceSWO");                                           // Call SWO Trace Setup
[15:09:44.740]          <sequence name="EnableTraceSWO" Pname="" disable="false" info="">
[15:09:44.740]            <block atomic="false" info="">
[15:09:44.740]              __var dbgmcu_val    = 0;                                                // DBGMCU_CR Value
[15:09:44.740]                // -> [dbgmcu_val <= 0x00000000]
[15:09:44.740]              dbgmcu_val  = Read32(0xE0042004) & (~0xE0);                         // Read DBGMCU_CR and clear trace setup
[15:09:44.741]                // -> [Read32(0xE0042004) => 0x00000037]   (__dp=0x00000000, __ap=0x00000000)
[15:09:44.741]                // -> [dbgmcu_val <= 0x00000017]
[15:09:44.741]              dbgmcu_val |= (1 << 5);                                           // Trace I/O Enable + Trace Mode Asynchronous
[15:09:44.741]                // -> [dbgmcu_val <= 0x00000037]
[15:09:44.741]              Write32(0xE0042004, dbgmcu_val);                                        // Write DBGMCU_CR: Trace Settings
[15:09:44.741]                // -> [Write32(0xE0042004, 0x00000037)]   (__dp=0x00000000, __ap=0x00000000)
[15:09:44.741]            </block>
[15:09:44.741]          </sequence>
[15:09:44.741]      </block>
[15:09:44.742]      // end if-block "traceSWO"
[15:09:44.742]    </control>
[15:09:44.742]    <control if="traceTPIU" while="" timeout="0" info="">
[15:09:44.742]      // if-block "traceTPIU"
[15:09:44.742]        // =>  FALSE
[15:09:44.742]      // skip if-block "traceTPIU"
[15:09:44.742]    </control>
[15:09:44.742]  </sequence>
[15:09:44.742]  
[15:10:20.534]  **********  Sequence "DebugDeviceUnlock"  (Context="Target Access", Pname="", info="")
[15:10:20.534]  
[15:10:20.534]  <debugvars>
[15:10:20.534]    // Pre-defined
[15:10:20.534]    __protocol=0x00010002      (Protocol="SWD", SWJ-DP="True")
[15:10:20.534]    __connection=0x00000201    (Connection Type="Debug", Reset Type="System Reset")
[15:10:20.534]    __dp=0x00000000
[15:10:20.534]    __ap=0x00000000
[15:10:20.534]    __traceout=0x00000001      (SWO Trace)
[15:10:20.535]    __errorcontrol=0x00000000  (Skip Errors="False")
[15:10:20.535]    __FlashAddr=0x00000000
[15:10:20.535]    __FlashLen=0x00000000
[15:10:20.535]    __FlashArg=0x00000000
[15:10:20.535]    __FlashOp=0x00000000
[15:10:20.535]    __Result=0x00000000
[15:10:20.535]    
[15:10:20.535]    // User-defined
[15:10:20.535]    DbgMCU_CR=0x00000007
[15:10:20.535]  </debugvars>
[15:10:20.535]  
[15:10:20.535]  <sequence name="DebugDeviceUnlock" Pname="" disable="false" info="">
[15:10:20.535]    <block atomic="false" info="">
[15:10:20.535]      Sequence("CheckID");
[15:10:20.535]        <sequence name="CheckID" Pname="" disable="false" info="">
[15:10:20.535]          <block atomic="false" info="">
[15:10:20.535]            __var pidr1 = 0;
[15:10:20.535]              // -> [pidr1 <= 0x00000000]
[15:10:20.535]            __var pidr2 = 0;
[15:10:20.535]              // -> [pidr2 <= 0x00000000]
[15:10:20.535]            __var jep106id = 0;
[15:10:20.535]              // -> [jep106id <= 0x00000000]
[15:10:20.535]            __var ROMTableBase = 0;
[15:10:20.535]              // -> [ROMTableBase <= 0x00000000]
[15:10:20.535]            __ap = 0;      // AHB-AP
[15:10:20.535]              // -> [__ap <= 0x00000000]
[15:10:20.535]            ROMTableBase = ReadAP(0xF8) & ~0x3;
[15:10:20.536]              // -> [ReadAP(0x000000F8) => 0xE00FF003]   (__dp=0x00000000, __ap=0x00000000)
[15:10:20.536]              // -> [ROMTableBase <= 0xE00FF000]
[15:10:20.536]            pidr1 = Read32(ROMTableBase + 0x0FE4);
[15:10:20.536]              // -> [Read32(0xE00FFFE4) => 0x00000004]   (__dp=0x00000000, __ap=0x00000000)
[15:10:20.536]              // -> [pidr1 <= 0x00000004]
[15:10:20.536]            pidr2 = Read32(ROMTableBase + 0x0FE8);
[15:10:20.536]              // -> [Read32(0xE00FFFE8) => 0x0000000A]   (__dp=0x00000000, __ap=0x00000000)
[15:10:20.536]              // -> [pidr2 <= 0x0000000A]
[15:10:20.536]            jep106id = ((pidr2 & 0x7) << 4 ) | ((pidr1 >> 4) & 0xF);
[15:10:20.536]              // -> [jep106id <= 0x00000020]
[15:10:20.537]          </block>
[15:10:20.537]          <control if="jep106id != 0x20" while="" timeout="0" info="">
[15:10:20.537]            // if-block "jep106id != 0x20"
[15:10:20.537]              // =>  FALSE
[15:10:20.537]            // skip if-block "jep106id != 0x20"
[15:10:20.537]          </control>
[15:10:20.537]        </sequence>
[15:10:20.537]    </block>
[15:10:20.537]  </sequence>
[15:10:20.537]  
[15:10:20.537]  **********  Sequence "DebugCoreStart"  (Context="Target Access", Pname="", info="")
[15:10:20.537]  
[15:10:20.537]  <debugvars>
[15:10:20.537]    // Pre-defined
[15:10:20.537]    __protocol=0x00010002      (Protocol="SWD", SWJ-DP="True")
[15:10:20.537]    __connection=0x00000201    (Connection Type="Debug", Reset Type="System Reset")
[15:10:20.537]    __dp=0x00000000
[15:10:20.537]    __ap=0x00000000
[15:10:20.537]    __traceout=0x00000001      (SWO Trace)
[15:10:20.537]    __errorcontrol=0x00000000  (Skip Errors="False")
[15:10:20.537]    __FlashAddr=0x00000000
[15:10:20.537]    __FlashLen=0x00000000
[15:10:20.537]    __FlashArg=0x00000000
[15:10:20.538]    __FlashOp=0x00000000
[15:10:20.538]    __Result=0x00000000
[15:10:20.538]    
[15:10:20.538]    // User-defined
[15:10:20.538]    DbgMCU_CR=0x00000007
[15:10:20.538]  </debugvars>
[15:10:20.538]  
[15:10:20.538]  <sequence name="DebugCoreStart" Pname="" disable="false" info="">
[15:10:20.538]    <block atomic="false" info="">
[15:10:20.538]      Write32(0xE000EDF0, 0xA05F0001);                                        // Enable Core Debug via DHCSR
[15:10:20.538]        // -> [Write32(0xE000EDF0, 0xA05F0001)]   (__dp=0x00000000, __ap=0x00000000)
[15:10:20.538]      Write32(0xE0042004, DbgMCU_CR);                                         // DBGMCU_CR: Configure MCU Debug
[15:10:20.539]        // -> [Write32(0xE0042004, 0x00000007)]   (__dp=0x00000000, __ap=0x00000000)
[15:10:20.539]    </block>
[15:10:20.539]  </sequence>
[15:10:20.539]  
[15:10:20.555]  **********  Sequence "TraceStart"  (Context="Target Access", Pname="", info="")
[15:10:20.555]  
[15:10:20.555]  <debugvars>
[15:10:20.555]    // Pre-defined
[15:10:20.555]    __protocol=0x00010002      (Protocol="SWD", SWJ-DP="True")
[15:10:20.555]    __connection=0x00000201    (Connection Type="Debug", Reset Type="System Reset")
[15:10:20.555]    __dp=0x00000000
[15:10:20.555]    __ap=0x00000000
[15:10:20.555]    __traceout=0x00000001      (SWO Trace)
[15:10:20.555]    __errorcontrol=0x00000000  (Skip Errors="False")
[15:10:20.555]    __FlashAddr=0x00000000
[15:10:20.555]    __FlashLen=0x00000000
[15:10:20.555]    __FlashArg=0x00000000
[15:10:20.555]    __FlashOp=0x00000000
[15:10:20.555]    __Result=0x00000000
[15:10:20.555]    
[15:10:20.555]    // User-defined
[15:10:20.555]    DbgMCU_CR=0x00000007
[15:10:20.555]  </debugvars>
[15:10:20.556]  
[15:10:20.556]  <sequence name="TraceStart" Pname="" disable="false" info="">
[15:10:20.556]    <block atomic="false" info="">
[15:10:20.556]      __var traceSWO    = (__traceout & 0x1) != 0;                        // SWO Trace Selected?
[15:10:20.556]        // -> [traceSWO <= 0x00000001]
[15:10:20.556]      __var traceTPIU   = (__traceout & 0x2) != 0;                        // TPIU Trace Selected?
[15:10:20.556]        // -> [traceTPIU <= 0x00000000]
[15:10:20.556]    </block>
[15:10:20.556]    <control if="traceSWO" while="" timeout="0" info="">
[15:10:20.556]      // if-block "traceSWO"
[15:10:20.556]        // =>  TRUE
[15:10:20.556]      <block atomic="false" info="">
[15:10:20.556]        Sequence("EnableTraceSWO");                                           // Call SWO Trace Setup
[15:10:20.556]          <sequence name="EnableTraceSWO" Pname="" disable="false" info="">
[15:10:20.556]            <block atomic="false" info="">
[15:10:20.556]              __var dbgmcu_val    = 0;                                                // DBGMCU_CR Value
[15:10:20.556]                // -> [dbgmcu_val <= 0x00000000]
[15:10:20.556]              dbgmcu_val  = Read32(0xE0042004) & (~0xE0);                         // Read DBGMCU_CR and clear trace setup
[15:10:20.557]                // -> [Read32(0xE0042004) => 0x00000037]   (__dp=0x00000000, __ap=0x00000000)
[15:10:20.557]                // -> [dbgmcu_val <= 0x00000017]
[15:10:20.557]              dbgmcu_val |= (1 << 5);                                           // Trace I/O Enable + Trace Mode Asynchronous
[15:10:20.557]                // -> [dbgmcu_val <= 0x00000037]
[15:10:20.557]              Write32(0xE0042004, dbgmcu_val);                                        // Write DBGMCU_CR: Trace Settings
[15:10:20.557]                // -> [Write32(0xE0042004, 0x00000037)]   (__dp=0x00000000, __ap=0x00000000)
[15:10:20.557]            </block>
[15:10:20.557]          </sequence>
[15:10:20.557]      </block>
[15:10:20.558]      // end if-block "traceSWO"
[15:10:20.558]    </control>
[15:10:20.558]    <control if="traceTPIU" while="" timeout="0" info="">
[15:10:20.558]      // if-block "traceTPIU"
[15:10:20.558]        // =>  FALSE
[15:10:20.558]      // skip if-block "traceTPIU"
[15:10:20.558]    </control>
[15:10:20.558]  </sequence>
[15:10:20.558]  
[15:10:20.564]  **********  Sequence "TraceStart"  (Context="Reset", Pname="", info="")
[15:10:20.564]  
[15:10:20.564]  <debugvars>
[15:10:20.564]    // Pre-defined
[15:10:20.564]    __protocol=0x00010002      (Protocol="SWD", SWJ-DP="True")
[15:10:20.564]    __connection=0x00000201    (Connection Type="Debug", Reset Type="System Reset")
[15:10:20.564]    __dp=0x00000000
[15:10:20.565]    __ap=0x00000000
[15:10:20.565]    __traceout=0x00000001      (SWO Trace)
[15:10:20.565]    __errorcontrol=0x00000000  (Skip Errors="False")
[15:10:20.565]    __FlashAddr=0x00000000
[15:10:20.565]    __FlashLen=0x00000000
[15:10:20.565]    __FlashArg=0x00000000
[15:10:20.565]    __FlashOp=0x00000000
[15:10:20.565]    __Result=0x00000000
[15:10:20.565]    
[15:10:20.565]    // User-defined
[15:10:20.565]    DbgMCU_CR=0x00000007
[15:10:20.565]  </debugvars>
[15:10:20.565]  
[15:10:20.565]  <sequence name="TraceStart" Pname="" disable="false" info="">
[15:10:20.565]    <block atomic="false" info="">
[15:10:20.565]      __var traceSWO    = (__traceout & 0x1) != 0;                        // SWO Trace Selected?
[15:10:20.565]        // -> [traceSWO <= 0x00000001]
[15:10:20.565]      __var traceTPIU   = (__traceout & 0x2) != 0;                        // TPIU Trace Selected?
[15:10:20.565]        // -> [traceTPIU <= 0x00000000]
[15:10:20.565]    </block>
[15:10:20.565]    <control if="traceSWO" while="" timeout="0" info="">
[15:10:20.565]      // if-block "traceSWO"
[15:10:20.565]        // =>  TRUE
[15:10:20.565]      <block atomic="false" info="">
[15:10:20.565]        Sequence("EnableTraceSWO");                                           // Call SWO Trace Setup
[15:10:20.565]          <sequence name="EnableTraceSWO" Pname="" disable="false" info="">
[15:10:20.565]            <block atomic="false" info="">
[15:10:20.565]              __var dbgmcu_val    = 0;                                                // DBGMCU_CR Value
[15:10:20.565]                // -> [dbgmcu_val <= 0x00000000]
[15:10:20.566]              dbgmcu_val  = Read32(0xE0042004) & (~0xE0);                         // Read DBGMCU_CR and clear trace setup
[15:10:20.566]                // -> [Read32(0xE0042004) => 0x00000037]   (__dp=0x00000000, __ap=0x00000000)
[15:10:20.566]                // -> [dbgmcu_val <= 0x00000017]
[15:10:20.566]              dbgmcu_val |= (1 << 5);                                           // Trace I/O Enable + Trace Mode Asynchronous
[15:10:20.566]                // -> [dbgmcu_val <= 0x00000037]
[15:10:20.566]              Write32(0xE0042004, dbgmcu_val);                                        // Write DBGMCU_CR: Trace Settings
[15:10:20.566]                // -> [Write32(0xE0042004, 0x00000037)]   (__dp=0x00000000, __ap=0x00000000)
[15:10:20.566]            </block>
[15:10:20.566]          </sequence>
[15:10:20.566]      </block>
[15:10:20.567]      // end if-block "traceSWO"
[15:10:20.567]    </control>
[15:10:20.567]    <control if="traceTPIU" while="" timeout="0" info="">
[15:10:20.567]      // if-block "traceTPIU"
[15:10:20.567]        // =>  FALSE
[15:10:20.567]      // skip if-block "traceTPIU"
[15:10:20.567]    </control>
[15:10:20.567]  </sequence>
[15:10:20.567]  
[15:10:20.752]  **********  Sequence "TraceStart"  (Context="Reset", Pname="", info="")
[15:10:20.752]  
[15:10:20.758]  <debugvars>
[15:10:20.758]    // Pre-defined
[15:10:20.758]    __protocol=0x00010002      (Protocol="SWD", SWJ-DP="True")
[15:10:20.758]    __connection=0x00000201    (Connection Type="Debug", Reset Type="System Reset")
[15:10:20.758]    __dp=0x00000000
[15:10:20.759]    __ap=0x00000000
[15:10:20.759]    __traceout=0x00000001      (SWO Trace)
[15:10:20.759]    __errorcontrol=0x00000000  (Skip Errors="False")
[15:10:20.759]    __FlashAddr=0x00000000
[15:10:20.759]    __FlashLen=0x00000000
[15:10:20.759]    __FlashArg=0x00000000
[15:10:20.759]    __FlashOp=0x00000000
[15:10:20.759]    __Result=0x00000000
[15:10:20.759]    
[15:10:20.759]    // User-defined
[15:10:20.759]    DbgMCU_CR=0x00000007
[15:10:20.759]  </debugvars>
[15:10:20.759]  
[15:10:20.759]  <sequence name="TraceStart" Pname="" disable="false" info="">
[15:10:20.759]    <block atomic="false" info="">
[15:10:20.759]      __var traceSWO    = (__traceout & 0x1) != 0;                        // SWO Trace Selected?
[15:10:20.759]        // -> [traceSWO <= 0x00000001]
[15:10:20.759]      __var traceTPIU   = (__traceout & 0x2) != 0;                        // TPIU Trace Selected?
[15:10:20.759]        // -> [traceTPIU <= 0x00000000]
[15:10:20.759]    </block>
[15:10:20.759]    <control if="traceSWO" while="" timeout="0" info="">
[15:10:20.759]      // if-block "traceSWO"
[15:10:20.759]        // =>  TRUE
[15:10:20.759]      <block atomic="false" info="">
[15:10:20.759]        Sequence("EnableTraceSWO");                                           // Call SWO Trace Setup
[15:10:20.759]          <sequence name="EnableTraceSWO" Pname="" disable="false" info="">
[15:10:20.759]            <block atomic="false" info="">
[15:10:20.759]              __var dbgmcu_val    = 0;                                                // DBGMCU_CR Value
[15:10:20.760]                // -> [dbgmcu_val <= 0x00000000]
[15:10:20.760]              dbgmcu_val  = Read32(0xE0042004) & (~0xE0);                         // Read DBGMCU_CR and clear trace setup
[15:10:20.760]                // -> [Read32(0xE0042004) => 0x00000037]   (__dp=0x00000000, __ap=0x00000000)
[15:10:20.760]                // -> [dbgmcu_val <= 0x00000017]
[15:10:20.760]              dbgmcu_val |= (1 << 5);                                           // Trace I/O Enable + Trace Mode Asynchronous
[15:10:20.760]                // -> [dbgmcu_val <= 0x00000037]
[15:10:20.760]              Write32(0xE0042004, dbgmcu_val);                                        // Write DBGMCU_CR: Trace Settings
[15:10:20.760]                // -> [Write32(0xE0042004, 0x00000037)]   (__dp=0x00000000, __ap=0x00000000)
[15:10:20.761]            </block>
[15:10:20.761]          </sequence>
[15:10:20.761]      </block>
[15:10:20.761]      // end if-block "traceSWO"
[15:10:20.761]    </control>
[15:10:20.761]    <control if="traceTPIU" while="" timeout="0" info="">
[15:10:20.761]      // if-block "traceTPIU"
[15:10:20.761]        // =>  FALSE
[15:10:20.761]      // skip if-block "traceTPIU"
[15:10:20.761]    </control>
[15:10:20.761]  </sequence>
[15:10:20.761]  
[15:10:44.792]  **********  Sequence "DebugDeviceUnlock"  (Context="Target Access", Pname="", info="")
[15:10:44.792]  
[15:10:44.792]  <debugvars>
[15:10:44.792]    // Pre-defined
[15:10:44.792]    __protocol=0x00010002      (Protocol="SWD", SWJ-DP="True")
[15:10:44.792]    __connection=0x00000201    (Connection Type="Debug", Reset Type="System Reset")
[15:10:44.792]    __dp=0x00000000
[15:10:44.792]    __ap=0x00000000
[15:10:44.792]    __traceout=0x00000001      (SWO Trace)
[15:10:44.792]    __errorcontrol=0x00000000  (Skip Errors="False")
[15:10:44.792]    __FlashAddr=0x00000000
[15:10:44.793]    __FlashLen=0x00000000
[15:10:44.793]    __FlashArg=0x00000000
[15:10:44.793]    __FlashOp=0x00000000
[15:10:44.793]    __Result=0x00000000
[15:10:44.793]    
[15:10:44.793]    // User-defined
[15:10:44.793]    DbgMCU_CR=0x00000007
[15:10:44.793]  </debugvars>
[15:10:44.793]  
[15:10:44.793]  <sequence name="DebugDeviceUnlock" Pname="" disable="false" info="">
[15:10:44.794]    <block atomic="false" info="">
[15:10:44.794]      Sequence("CheckID");
[15:10:44.794]        <sequence name="CheckID" Pname="" disable="false" info="">
[15:10:44.794]          <block atomic="false" info="">
[15:10:44.794]            __var pidr1 = 0;
[15:10:44.794]              // -> [pidr1 <= 0x00000000]
[15:10:44.794]            __var pidr2 = 0;
[15:10:44.794]              // -> [pidr2 <= 0x00000000]
[15:10:44.794]            __var jep106id = 0;
[15:10:44.794]              // -> [jep106id <= 0x00000000]
[15:10:44.794]            __var ROMTableBase = 0;
[15:10:44.794]              // -> [ROMTableBase <= 0x00000000]
[15:10:44.794]            __ap = 0;      // AHB-AP
[15:10:44.794]              // -> [__ap <= 0x00000000]
[15:10:44.794]            ROMTableBase = ReadAP(0xF8) & ~0x3;
[15:10:44.794]              // -> [ReadAP(0x000000F8) => 0xE00FF003]   (__dp=0x00000000, __ap=0x00000000)
[15:10:44.794]              // -> [ROMTableBase <= 0xE00FF000]
[15:10:44.794]            pidr1 = Read32(ROMTableBase + 0x0FE4);
[15:10:44.795]              // -> [Read32(0xE00FFFE4) => 0x00000004]   (__dp=0x00000000, __ap=0x00000000)
[15:10:44.795]              // -> [pidr1 <= 0x00000004]
[15:10:44.795]            pidr2 = Read32(ROMTableBase + 0x0FE8);
[15:10:44.795]              // -> [Read32(0xE00FFFE8) => 0x0000000A]   (__dp=0x00000000, __ap=0x00000000)
[15:10:44.795]              // -> [pidr2 <= 0x0000000A]
[15:10:44.795]            jep106id = ((pidr2 & 0x7) << 4 ) | ((pidr1 >> 4) & 0xF);
[15:10:44.795]              // -> [jep106id <= 0x00000020]
[15:10:44.796]          </block>
[15:10:44.796]          <control if="jep106id != 0x20" while="" timeout="0" info="">
[15:10:44.796]            // if-block "jep106id != 0x20"
[15:10:44.796]              // =>  FALSE
[15:10:44.796]            // skip if-block "jep106id != 0x20"
[15:10:44.796]          </control>
[15:10:44.796]        </sequence>
[15:10:44.796]    </block>
[15:10:44.796]  </sequence>
[15:10:44.796]  
[15:10:44.796]  **********  Sequence "DebugCoreStart"  (Context="Target Access", Pname="", info="")
[15:10:44.796]  
[15:10:44.796]  <debugvars>
[15:10:44.796]    // Pre-defined
[15:10:44.796]    __protocol=0x00010002      (Protocol="SWD", SWJ-DP="True")
[15:10:44.796]    __connection=0x00000201    (Connection Type="Debug", Reset Type="System Reset")
[15:10:44.796]    __dp=0x00000000
[15:10:44.796]    __ap=0x00000000
[15:10:44.796]    __traceout=0x00000001      (SWO Trace)
[15:10:44.796]    __errorcontrol=0x00000000  (Skip Errors="False")
[15:10:44.796]    __FlashAddr=0x00000000
[15:10:44.796]    __FlashLen=0x00000000
[15:10:44.796]    __FlashArg=0x00000000
[15:10:44.796]    __FlashOp=0x00000000
[15:10:44.796]    __Result=0x00000000
[15:10:44.796]    
[15:10:44.796]    // User-defined
[15:10:44.796]    DbgMCU_CR=0x00000007
[15:10:44.797]  </debugvars>
[15:10:44.797]  
[15:10:44.797]  <sequence name="DebugCoreStart" Pname="" disable="false" info="">
[15:10:44.797]    <block atomic="false" info="">
[15:10:44.797]      Write32(0xE000EDF0, 0xA05F0001);                                        // Enable Core Debug via DHCSR
[15:10:44.797]        // -> [Write32(0xE000EDF0, 0xA05F0001)]   (__dp=0x00000000, __ap=0x00000000)
[15:10:44.797]      Write32(0xE0042004, DbgMCU_CR);                                         // DBGMCU_CR: Configure MCU Debug
[15:10:44.798]        // -> [Write32(0xE0042004, 0x00000007)]   (__dp=0x00000000, __ap=0x00000000)
[15:10:44.798]    </block>
[15:10:44.798]  </sequence>
[15:10:44.798]  
[15:10:44.814]  **********  Sequence "TraceStart"  (Context="Target Access", Pname="", info="")
[15:10:44.814]  
[15:10:44.815]  <debugvars>
[15:10:44.815]    // Pre-defined
[15:10:44.815]    __protocol=0x00010002      (Protocol="SWD", SWJ-DP="True")
[15:10:44.815]    __connection=0x00000201    (Connection Type="Debug", Reset Type="System Reset")
[15:10:44.815]    __dp=0x00000000
[15:10:44.815]    __ap=0x00000000
[15:10:44.815]    __traceout=0x00000001      (SWO Trace)
[15:10:44.815]    __errorcontrol=0x00000000  (Skip Errors="False")
[15:10:44.815]    __FlashAddr=0x00000000
[15:10:44.815]    __FlashLen=0x00000000
[15:10:44.815]    __FlashArg=0x00000000
[15:10:44.815]    __FlashOp=0x00000000
[15:10:44.815]    __Result=0x00000000
[15:10:44.815]    
[15:10:44.815]    // User-defined
[15:10:44.815]    DbgMCU_CR=0x00000007
[15:10:44.815]  </debugvars>
[15:10:44.815]  
[15:10:44.815]  <sequence name="TraceStart" Pname="" disable="false" info="">
[15:10:44.815]    <block atomic="false" info="">
[15:10:44.815]      __var traceSWO    = (__traceout & 0x1) != 0;                        // SWO Trace Selected?
[15:10:44.816]        // -> [traceSWO <= 0x00000001]
[15:10:44.816]      __var traceTPIU   = (__traceout & 0x2) != 0;                        // TPIU Trace Selected?
[15:10:44.816]        // -> [traceTPIU <= 0x00000000]
[15:10:44.816]    </block>
[15:10:44.816]    <control if="traceSWO" while="" timeout="0" info="">
[15:10:44.816]      // if-block "traceSWO"
[15:10:44.816]        // =>  TRUE
[15:10:44.816]      <block atomic="false" info="">
[15:10:44.816]        Sequence("EnableTraceSWO");                                           // Call SWO Trace Setup
[15:10:44.816]          <sequence name="EnableTraceSWO" Pname="" disable="false" info="">
[15:10:44.816]            <block atomic="false" info="">
[15:10:44.816]              __var dbgmcu_val    = 0;                                                // DBGMCU_CR Value
[15:10:44.816]                // -> [dbgmcu_val <= 0x00000000]
[15:10:44.816]              dbgmcu_val  = Read32(0xE0042004) & (~0xE0);                         // Read DBGMCU_CR and clear trace setup
[15:10:44.818]                // -> [Read32(0xE0042004) => 0x00000037]   (__dp=0x00000000, __ap=0x00000000)
[15:10:44.818]                // -> [dbgmcu_val <= 0x00000017]
[15:10:44.818]              dbgmcu_val |= (1 << 5);                                           // Trace I/O Enable + Trace Mode Asynchronous
[15:10:44.818]                // -> [dbgmcu_val <= 0x00000037]
[15:10:44.818]              Write32(0xE0042004, dbgmcu_val);                                        // Write DBGMCU_CR: Trace Settings
[15:10:44.818]                // -> [Write32(0xE0042004, 0x00000037)]   (__dp=0x00000000, __ap=0x00000000)
[15:10:44.818]            </block>
[15:10:44.818]          </sequence>
[15:10:44.818]      </block>
[15:10:44.818]      // end if-block "traceSWO"
[15:10:44.818]    </control>
[15:10:44.818]    <control if="traceTPIU" while="" timeout="0" info="">
[15:10:44.818]      // if-block "traceTPIU"
[15:10:44.818]        // =>  FALSE
[15:10:44.818]      // skip if-block "traceTPIU"
[15:10:44.818]    </control>
[15:10:44.818]  </sequence>
[15:10:44.819]  
[15:10:44.824]  **********  Sequence "TraceStart"  (Context="Reset", Pname="", info="")
[15:10:44.824]  
[15:10:44.824]  <debugvars>
[15:10:44.824]    // Pre-defined
[15:10:44.824]    __protocol=0x00010002      (Protocol="SWD", SWJ-DP="True")
[15:10:44.824]    __connection=0x00000201    (Connection Type="Debug", Reset Type="System Reset")
[15:10:44.825]    __dp=0x00000000
[15:10:44.825]    __ap=0x00000000
[15:10:44.825]    __traceout=0x00000001      (SWO Trace)
[15:10:44.825]    __errorcontrol=0x00000000  (Skip Errors="False")
[15:10:44.825]    __FlashAddr=0x00000000
[15:10:44.825]    __FlashLen=0x00000000
[15:10:44.825]    __FlashArg=0x00000000
[15:10:44.825]    __FlashOp=0x00000000
[15:10:44.825]    __Result=0x00000000
[15:10:44.825]    
[15:10:44.825]    // User-defined
[15:10:44.825]    DbgMCU_CR=0x00000007
[15:10:44.825]  </debugvars>
[15:10:44.825]  
[15:10:44.825]  <sequence name="TraceStart" Pname="" disable="false" info="">
[15:10:44.825]    <block atomic="false" info="">
[15:10:44.825]      __var traceSWO    = (__traceout & 0x1) != 0;                        // SWO Trace Selected?
[15:10:44.825]        // -> [traceSWO <= 0x00000001]
[15:10:44.825]      __var traceTPIU   = (__traceout & 0x2) != 0;                        // TPIU Trace Selected?
[15:10:44.825]        // -> [traceTPIU <= 0x00000000]
[15:10:44.825]    </block>
[15:10:44.825]    <control if="traceSWO" while="" timeout="0" info="">
[15:10:44.825]      // if-block "traceSWO"
[15:10:44.825]        // =>  TRUE
[15:10:44.825]      <block atomic="false" info="">
[15:10:44.825]        Sequence("EnableTraceSWO");                                           // Call SWO Trace Setup
[15:10:44.826]          <sequence name="EnableTraceSWO" Pname="" disable="false" info="">
[15:10:44.826]            <block atomic="false" info="">
[15:10:44.826]              __var dbgmcu_val    = 0;                                                // DBGMCU_CR Value
[15:10:44.826]                // -> [dbgmcu_val <= 0x00000000]
[15:10:44.826]              dbgmcu_val  = Read32(0xE0042004) & (~0xE0);                         // Read DBGMCU_CR and clear trace setup
[15:10:44.826]                // -> [Read32(0xE0042004) => 0x00000037]   (__dp=0x00000000, __ap=0x00000000)
[15:10:44.826]                // -> [dbgmcu_val <= 0x00000017]
[15:10:44.826]              dbgmcu_val |= (1 << 5);                                           // Trace I/O Enable + Trace Mode Asynchronous
[15:10:44.826]                // -> [dbgmcu_val <= 0x00000037]
[15:10:44.826]              Write32(0xE0042004, dbgmcu_val);                                        // Write DBGMCU_CR: Trace Settings
[15:10:44.827]                // -> [Write32(0xE0042004, 0x00000037)]   (__dp=0x00000000, __ap=0x00000000)
[15:10:44.827]            </block>
[15:10:44.827]          </sequence>
[15:10:44.827]      </block>
[15:10:44.827]      // end if-block "traceSWO"
[15:10:44.827]    </control>
[15:10:44.827]    <control if="traceTPIU" while="" timeout="0" info="">
[15:10:44.827]      // if-block "traceTPIU"
[15:10:44.827]        // =>  FALSE
[15:10:44.827]      // skip if-block "traceTPIU"
[15:10:44.827]    </control>
[15:10:44.827]  </sequence>
[15:10:44.827]  
[15:10:45.027]  **********  Sequence "TraceStart"  (Context="Reset", Pname="", info="")
[15:10:45.027]  
[15:10:45.035]  <debugvars>
[15:10:45.035]    // Pre-defined
[15:10:45.035]    __protocol=0x00010002      (Protocol="SWD", SWJ-DP="True")
[15:10:45.035]    __connection=0x00000201    (Connection Type="Debug", Reset Type="System Reset")
[15:10:45.035]    __dp=0x00000000
[15:10:45.035]    __ap=0x00000000
[15:10:45.035]    __traceout=0x00000001      (SWO Trace)
[15:10:45.035]    __errorcontrol=0x00000000  (Skip Errors="False")
[15:10:45.035]    __FlashAddr=0x00000000
[15:10:45.035]    __FlashLen=0x00000000
[15:10:45.035]    __FlashArg=0x00000000
[15:10:45.035]    __FlashOp=0x00000000
[15:10:45.035]    __Result=0x00000000
[15:10:45.035]    
[15:10:45.035]    // User-defined
[15:10:45.035]    DbgMCU_CR=0x00000007
[15:10:45.035]  </debugvars>
[15:10:45.036]  
[15:10:45.036]  <sequence name="TraceStart" Pname="" disable="false" info="">
[15:10:45.036]    <block atomic="false" info="">
[15:10:45.036]      __var traceSWO    = (__traceout & 0x1) != 0;                        // SWO Trace Selected?
[15:10:45.036]        // -> [traceSWO <= 0x00000001]
[15:10:45.036]      __var traceTPIU   = (__traceout & 0x2) != 0;                        // TPIU Trace Selected?
[15:10:45.036]        // -> [traceTPIU <= 0x00000000]
[15:10:45.036]    </block>
[15:10:45.036]    <control if="traceSWO" while="" timeout="0" info="">
[15:10:45.036]      // if-block "traceSWO"
[15:10:45.036]        // =>  TRUE
[15:10:45.036]      <block atomic="false" info="">
[15:10:45.036]        Sequence("EnableTraceSWO");                                           // Call SWO Trace Setup
[15:10:45.036]          <sequence name="EnableTraceSWO" Pname="" disable="false" info="">
[15:10:45.036]            <block atomic="false" info="">
[15:10:45.036]              __var dbgmcu_val    = 0;                                                // DBGMCU_CR Value
[15:10:45.036]                // -> [dbgmcu_val <= 0x00000000]
[15:10:45.036]              dbgmcu_val  = Read32(0xE0042004) & (~0xE0);                         // Read DBGMCU_CR and clear trace setup
[15:10:45.036]                // -> [Read32(0xE0042004) => 0x00000037]   (__dp=0x00000000, __ap=0x00000000)
[15:10:45.036]                // -> [dbgmcu_val <= 0x00000017]
[15:10:45.036]              dbgmcu_val |= (1 << 5);                                           // Trace I/O Enable + Trace Mode Asynchronous
[15:10:45.036]                // -> [dbgmcu_val <= 0x00000037]
[15:10:45.036]              Write32(0xE0042004, dbgmcu_val);                                        // Write DBGMCU_CR: Trace Settings
[15:10:45.037]                // -> [Write32(0xE0042004, 0x00000037)]   (__dp=0x00000000, __ap=0x00000000)
[15:10:45.037]            </block>
[15:10:45.037]          </sequence>
[15:10:45.037]      </block>
[15:10:45.037]      // end if-block "traceSWO"
[15:10:45.037]    </control>
[15:10:45.037]    <control if="traceTPIU" while="" timeout="0" info="">
[15:10:45.037]      // if-block "traceTPIU"
[15:10:45.037]        // =>  FALSE
[15:10:45.037]      // skip if-block "traceTPIU"
[15:10:45.037]    </control>
[15:10:45.037]  </sequence>
[15:10:45.037]  
[15:11:41.248]  **********  Sequence "DebugDeviceUnlock"  (Context="Target Access", Pname="", info="")
[15:11:41.248]  
[15:11:41.255]  <debugvars>
[15:11:41.255]    // Pre-defined
[15:11:41.255]    __protocol=0x00010002      (Protocol="SWD", SWJ-DP="True")
[15:11:41.255]    __connection=0x00000201    (Connection Type="Debug", Reset Type="System Reset")
[15:11:41.255]    __dp=0x00000000
[15:11:41.255]    __ap=0x00000000
[15:11:41.255]    __traceout=0x00000001      (SWO Trace)
[15:11:41.255]    __errorcontrol=0x00000000  (Skip Errors="False")
[15:11:41.255]    __FlashAddr=0x00000000
[15:11:41.255]    __FlashLen=0x00000000
[15:11:41.255]    __FlashArg=0x00000000
[15:11:41.255]    __FlashOp=0x00000000
[15:11:41.255]    __Result=0x00000000
[15:11:41.255]    
[15:11:41.255]    // User-defined
[15:11:41.255]    DbgMCU_CR=0x00000007
[15:11:41.255]  </debugvars>
[15:11:41.255]  
[15:11:41.255]  <sequence name="DebugDeviceUnlock" Pname="" disable="false" info="">
[15:11:41.255]    <block atomic="false" info="">
[15:11:41.255]      Sequence("CheckID");
[15:11:41.256]        <sequence name="CheckID" Pname="" disable="false" info="">
[15:11:41.256]          <block atomic="false" info="">
[15:11:41.256]            __var pidr1 = 0;
[15:11:41.256]              // -> [pidr1 <= 0x00000000]
[15:11:41.256]            __var pidr2 = 0;
[15:11:41.256]              // -> [pidr2 <= 0x00000000]
[15:11:41.256]            __var jep106id = 0;
[15:11:41.256]              // -> [jep106id <= 0x00000000]
[15:11:41.256]            __var ROMTableBase = 0;
[15:11:41.256]              // -> [ROMTableBase <= 0x00000000]
[15:11:41.256]            __ap = 0;      // AHB-AP
[15:11:41.256]              // -> [__ap <= 0x00000000]
[15:11:41.256]            ROMTableBase = ReadAP(0xF8) & ~0x3;
[15:11:41.256]              // -> [ReadAP(0x000000F8) => 0xE00FF003]   (__dp=0x00000000, __ap=0x00000000)
[15:11:41.256]              // -> [ROMTableBase <= 0xE00FF000]
[15:11:41.256]            pidr1 = Read32(ROMTableBase + 0x0FE4);
[15:11:41.257]              // -> [Read32(0xE00FFFE4) => 0x00000004]   (__dp=0x00000000, __ap=0x00000000)
[15:11:41.257]              // -> [pidr1 <= 0x00000004]
[15:11:41.257]            pidr2 = Read32(ROMTableBase + 0x0FE8);
[15:11:41.257]              // -> [Read32(0xE00FFFE8) => 0x0000000A]   (__dp=0x00000000, __ap=0x00000000)
[15:11:41.257]              // -> [pidr2 <= 0x0000000A]
[15:11:41.257]            jep106id = ((pidr2 & 0x7) << 4 ) | ((pidr1 >> 4) & 0xF);
[15:11:41.257]              // -> [jep106id <= 0x00000020]
[15:11:41.258]          </block>
[15:11:41.258]          <control if="jep106id != 0x20" while="" timeout="0" info="">
[15:11:41.258]            // if-block "jep106id != 0x20"
[15:11:41.258]              // =>  FALSE
[15:11:41.258]            // skip if-block "jep106id != 0x20"
[15:11:41.258]          </control>
[15:11:41.258]        </sequence>
[15:11:41.258]    </block>
[15:11:41.258]  </sequence>
[15:11:41.258]  
[15:11:41.258]  **********  Sequence "DebugCoreStart"  (Context="Target Access", Pname="", info="")
[15:11:41.258]  
[15:11:41.258]  <debugvars>
[15:11:41.258]    // Pre-defined
[15:11:41.258]    __protocol=0x00010002      (Protocol="SWD", SWJ-DP="True")
[15:11:41.258]    __connection=0x00000201    (Connection Type="Debug", Reset Type="System Reset")
[15:11:41.259]    __dp=0x00000000
[15:11:41.259]    __ap=0x00000000
[15:11:41.259]    __traceout=0x00000001      (SWO Trace)
[15:11:41.259]    __errorcontrol=0x00000000  (Skip Errors="False")
[15:11:41.259]    __FlashAddr=0x00000000
[15:11:41.259]    __FlashLen=0x00000000
[15:11:41.259]    __FlashArg=0x00000000
[15:11:41.259]    __FlashOp=0x00000000
[15:11:41.259]    __Result=0x00000000
[15:11:41.259]    
[15:11:41.259]    // User-defined
[15:11:41.259]    DbgMCU_CR=0x00000007
[15:11:41.259]  </debugvars>
[15:11:41.259]  
[15:11:41.259]  <sequence name="DebugCoreStart" Pname="" disable="false" info="">
[15:11:41.259]    <block atomic="false" info="">
[15:11:41.259]      Write32(0xE000EDF0, 0xA05F0001);                                        // Enable Core Debug via DHCSR
[15:11:41.260]        // -> [Write32(0xE000EDF0, 0xA05F0001)]   (__dp=0x00000000, __ap=0x00000000)
[15:11:41.260]      Write32(0xE0042004, DbgMCU_CR);                                         // DBGMCU_CR: Configure MCU Debug
[15:11:41.261]        // -> [Write32(0xE0042004, 0x00000007)]   (__dp=0x00000000, __ap=0x00000000)
[15:11:41.261]    </block>
[15:11:41.261]  </sequence>
[15:11:41.261]  
[15:11:41.278]  **********  Sequence "TraceStart"  (Context="Target Access", Pname="", info="")
[15:11:41.278]  
[15:11:41.278]  <debugvars>
[15:11:41.278]    // Pre-defined
[15:11:41.278]    __protocol=0x00010002      (Protocol="SWD", SWJ-DP="True")
[15:11:41.278]    __connection=0x00000201    (Connection Type="Debug", Reset Type="System Reset")
[15:11:41.278]    __dp=0x00000000
[15:11:41.278]    __ap=0x00000000
[15:11:41.278]    __traceout=0x00000001      (SWO Trace)
[15:11:41.278]    __errorcontrol=0x00000000  (Skip Errors="False")
[15:11:41.279]    __FlashAddr=0x00000000
[15:11:41.279]    __FlashLen=0x00000000
[15:11:41.279]    __FlashArg=0x00000000
[15:11:41.279]    __FlashOp=0x00000000
[15:11:41.279]    __Result=0x00000000
[15:11:41.279]    
[15:11:41.279]    // User-defined
[15:11:41.279]    DbgMCU_CR=0x00000007
[15:11:41.279]  </debugvars>
[15:11:41.279]  
[15:11:41.279]  <sequence name="TraceStart" Pname="" disable="false" info="">
[15:11:41.279]    <block atomic="false" info="">
[15:11:41.279]      __var traceSWO    = (__traceout & 0x1) != 0;                        // SWO Trace Selected?
[15:11:41.279]        // -> [traceSWO <= 0x00000001]
[15:11:41.279]      __var traceTPIU   = (__traceout & 0x2) != 0;                        // TPIU Trace Selected?
[15:11:41.279]        // -> [traceTPIU <= 0x00000000]
[15:11:41.279]    </block>
[15:11:41.280]    <control if="traceSWO" while="" timeout="0" info="">
[15:11:41.280]      // if-block "traceSWO"
[15:11:41.280]        // =>  TRUE
[15:11:41.280]      <block atomic="false" info="">
[15:11:41.280]        Sequence("EnableTraceSWO");                                           // Call SWO Trace Setup
[15:11:41.280]          <sequence name="EnableTraceSWO" Pname="" disable="false" info="">
[15:11:41.280]            <block atomic="false" info="">
[15:11:41.280]              __var dbgmcu_val    = 0;                                                // DBGMCU_CR Value
[15:11:41.280]                // -> [dbgmcu_val <= 0x00000000]
[15:11:41.280]              dbgmcu_val  = Read32(0xE0042004) & (~0xE0);                         // Read DBGMCU_CR and clear trace setup
[15:11:41.280]                // -> [Read32(0xE0042004) => 0x00000037]   (__dp=0x00000000, __ap=0x00000000)
[15:11:41.280]                // -> [dbgmcu_val <= 0x00000017]
[15:11:41.280]              dbgmcu_val |= (1 << 5);                                           // Trace I/O Enable + Trace Mode Asynchronous
[15:11:41.280]                // -> [dbgmcu_val <= 0x00000037]
[15:11:41.280]              Write32(0xE0042004, dbgmcu_val);                                        // Write DBGMCU_CR: Trace Settings
[15:11:41.281]                // -> [Write32(0xE0042004, 0x00000037)]   (__dp=0x00000000, __ap=0x00000000)
[15:11:41.281]            </block>
[15:11:41.281]          </sequence>
[15:11:41.281]      </block>
[15:11:41.281]      // end if-block "traceSWO"
[15:11:41.281]    </control>
[15:11:41.281]    <control if="traceTPIU" while="" timeout="0" info="">
[15:11:41.281]      // if-block "traceTPIU"
[15:11:41.281]        // =>  FALSE
[15:11:41.281]      // skip if-block "traceTPIU"
[15:11:41.281]    </control>
[15:11:41.281]  </sequence>
[15:11:41.281]  
[15:11:41.287]  **********  Sequence "TraceStart"  (Context="Reset", Pname="", info="")
[15:11:41.287]  
[15:11:41.287]  <debugvars>
[15:11:41.287]    // Pre-defined
[15:11:41.287]    __protocol=0x00010002      (Protocol="SWD", SWJ-DP="True")
[15:11:41.288]    __connection=0x00000201    (Connection Type="Debug", Reset Type="System Reset")
[15:11:41.288]    __dp=0x00000000
[15:11:41.288]    __ap=0x00000000
[15:11:41.288]    __traceout=0x00000001      (SWO Trace)
[15:11:41.288]    __errorcontrol=0x00000000  (Skip Errors="False")
[15:11:41.288]    __FlashAddr=0x00000000
[15:11:41.288]    __FlashLen=0x00000000
[15:11:41.288]    __FlashArg=0x00000000
[15:11:41.288]    __FlashOp=0x00000000
[15:11:41.288]    __Result=0x00000000
[15:11:41.288]    
[15:11:41.288]    // User-defined
[15:11:41.288]    DbgMCU_CR=0x00000007
[15:11:41.288]  </debugvars>
[15:11:41.288]  
[15:11:41.288]  <sequence name="TraceStart" Pname="" disable="false" info="">
[15:11:41.288]    <block atomic="false" info="">
[15:11:41.288]      __var traceSWO    = (__traceout & 0x1) != 0;                        // SWO Trace Selected?
[15:11:41.288]        // -> [traceSWO <= 0x00000001]
[15:11:41.288]      __var traceTPIU   = (__traceout & 0x2) != 0;                        // TPIU Trace Selected?
[15:11:41.288]        // -> [traceTPIU <= 0x00000000]
[15:11:41.288]    </block>
[15:11:41.288]    <control if="traceSWO" while="" timeout="0" info="">
[15:11:41.288]      // if-block "traceSWO"
[15:11:41.288]        // =>  TRUE
[15:11:41.288]      <block atomic="false" info="">
[15:11:41.288]        Sequence("EnableTraceSWO");                                           // Call SWO Trace Setup
[15:11:41.288]          <sequence name="EnableTraceSWO" Pname="" disable="false" info="">
[15:11:41.288]            <block atomic="false" info="">
[15:11:41.289]              __var dbgmcu_val    = 0;                                                // DBGMCU_CR Value
[15:11:41.289]                // -> [dbgmcu_val <= 0x00000000]
[15:11:41.289]              dbgmcu_val  = Read32(0xE0042004) & (~0xE0);                         // Read DBGMCU_CR and clear trace setup
[15:11:41.289]                // -> [Read32(0xE0042004) => 0x00000037]   (__dp=0x00000000, __ap=0x00000000)
[15:11:41.290]                // -> [dbgmcu_val <= 0x00000017]
[15:11:41.290]              dbgmcu_val |= (1 << 5);                                           // Trace I/O Enable + Trace Mode Asynchronous
[15:11:41.290]                // -> [dbgmcu_val <= 0x00000037]
[15:11:41.290]              Write32(0xE0042004, dbgmcu_val);                                        // Write DBGMCU_CR: Trace Settings
[15:11:41.290]                // -> [Write32(0xE0042004, 0x00000037)]   (__dp=0x00000000, __ap=0x00000000)
[15:11:41.290]            </block>
[15:11:41.290]          </sequence>
[15:11:41.290]      </block>
[15:11:41.291]      // end if-block "traceSWO"
[15:11:41.291]    </control>
[15:11:41.291]    <control if="traceTPIU" while="" timeout="0" info="">
[15:11:41.291]      // if-block "traceTPIU"
[15:11:41.291]        // =>  FALSE
[15:11:41.291]      // skip if-block "traceTPIU"
[15:11:41.291]    </control>
[15:11:41.291]  </sequence>
[15:11:41.291]  
[15:11:41.471]  **********  Sequence "TraceStart"  (Context="Reset", Pname="", info="")
[15:11:41.471]  
[15:11:41.478]  <debugvars>
[15:11:41.479]    // Pre-defined
[15:11:41.479]    __protocol=0x00010002      (Protocol="SWD", SWJ-DP="True")
[15:11:41.479]    __connection=0x00000201    (Connection Type="Debug", Reset Type="System Reset")
[15:11:41.479]    __dp=0x00000000
[15:11:41.479]    __ap=0x00000000
[15:11:41.479]    __traceout=0x00000001      (SWO Trace)
[15:11:41.479]    __errorcontrol=0x00000000  (Skip Errors="False")
[15:11:41.479]    __FlashAddr=0x00000000
[15:11:41.479]    __FlashLen=0x00000000
[15:11:41.479]    __FlashArg=0x00000000
[15:11:41.479]    __FlashOp=0x00000000
[15:11:41.479]    __Result=0x00000000
[15:11:41.479]    
[15:11:41.479]    // User-defined
[15:11:41.479]    DbgMCU_CR=0x00000007
[15:11:41.479]  </debugvars>
[15:11:41.479]  
[15:11:41.479]  <sequence name="TraceStart" Pname="" disable="false" info="">
[15:11:41.479]    <block atomic="false" info="">
[15:11:41.479]      __var traceSWO    = (__traceout & 0x1) != 0;                        // SWO Trace Selected?
[15:11:41.479]        // -> [traceSWO <= 0x00000001]
[15:11:41.479]      __var traceTPIU   = (__traceout & 0x2) != 0;                        // TPIU Trace Selected?
[15:11:41.479]        // -> [traceTPIU <= 0x00000000]
[15:11:41.479]    </block>
[15:11:41.479]    <control if="traceSWO" while="" timeout="0" info="">
[15:11:41.479]      // if-block "traceSWO"
[15:11:41.480]        // =>  TRUE
[15:11:41.480]      <block atomic="false" info="">
[15:11:41.480]        Sequence("EnableTraceSWO");                                           // Call SWO Trace Setup
[15:11:41.480]          <sequence name="EnableTraceSWO" Pname="" disable="false" info="">
[15:11:41.480]            <block atomic="false" info="">
[15:11:41.480]              __var dbgmcu_val    = 0;                                                // DBGMCU_CR Value
[15:11:41.480]                // -> [dbgmcu_val <= 0x00000000]
[15:11:41.480]              dbgmcu_val  = Read32(0xE0042004) & (~0xE0);                         // Read DBGMCU_CR and clear trace setup
[15:11:41.480]                // -> [Read32(0xE0042004) => 0x00000037]   (__dp=0x00000000, __ap=0x00000000)
[15:11:41.480]                // -> [dbgmcu_val <= 0x00000017]
[15:11:41.480]              dbgmcu_val |= (1 << 5);                                           // Trace I/O Enable + Trace Mode Asynchronous
[15:11:41.480]                // -> [dbgmcu_val <= 0x00000037]
[15:11:41.481]              Write32(0xE0042004, dbgmcu_val);                                        // Write DBGMCU_CR: Trace Settings
[15:11:41.481]                // -> [Write32(0xE0042004, 0x00000037)]   (__dp=0x00000000, __ap=0x00000000)
[15:11:41.481]            </block>
[15:11:41.481]          </sequence>
[15:11:41.481]      </block>
[15:11:41.481]      // end if-block "traceSWO"
[15:11:41.481]    </control>
[15:11:41.481]    <control if="traceTPIU" while="" timeout="0" info="">
[15:11:41.481]      // if-block "traceTPIU"
[15:11:41.481]        // =>  FALSE
[15:11:41.481]      // skip if-block "traceTPIU"
[15:11:41.481]    </control>
[15:11:41.481]  </sequence>
[15:11:41.481]  
[15:13:39.758]  **********  Sequence "DebugDeviceUnlock"  (Context="Target Access", Pname="", info="")
[15:13:39.758]  
[15:13:39.759]  <debugvars>
[15:13:39.759]    // Pre-defined
[15:13:39.759]    __protocol=0x00010002      (Protocol="SWD", SWJ-DP="True")
[15:13:39.759]    __connection=0x00000202    (Connection Type="Flash", Reset Type="System Reset")
[15:13:39.759]    __dp=0x00000000
[15:13:39.759]    __ap=0x00000000
[15:13:39.759]    __traceout=0x00000000      (Trace Disabled)
[15:13:39.759]    __errorcontrol=0x00000000  (Skip Errors="False")
[15:13:39.759]    __FlashAddr=0x00000000
[15:13:39.759]    __FlashLen=0x00000000
[15:13:39.759]    __FlashArg=0x00000000
[15:13:39.759]    __FlashOp=0x00000000
[15:13:39.760]    __Result=0x00000000
[15:13:39.760]    
[15:13:39.760]    // User-defined
[15:13:39.760]    DbgMCU_CR=0x00000007
[15:13:39.760]  </debugvars>
[15:13:39.760]  
[15:13:39.760]  <sequence name="DebugDeviceUnlock" Pname="" disable="false" info="">
[15:13:39.760]    <block atomic="false" info="">
[15:13:39.760]      Sequence("CheckID");
[15:13:39.760]        <sequence name="CheckID" Pname="" disable="false" info="">
[15:13:39.760]          <block atomic="false" info="">
[15:13:39.760]            __var pidr1 = 0;
[15:13:39.760]              // -> [pidr1 <= 0x00000000]
[15:13:39.760]            __var pidr2 = 0;
[15:13:39.760]              // -> [pidr2 <= 0x00000000]
[15:13:39.760]            __var jep106id = 0;
[15:13:39.760]              // -> [jep106id <= 0x00000000]
[15:13:39.760]            __var ROMTableBase = 0;
[15:13:39.761]              // -> [ROMTableBase <= 0x00000000]
[15:13:39.761]            __ap = 0;      // AHB-AP
[15:13:39.761]              // -> [__ap <= 0x00000000]
[15:13:39.761]            ROMTableBase = ReadAP(0xF8) & ~0x3;
[15:13:39.761]              // -> [ReadAP(0x000000F8) => 0xE00FF003]   (__dp=0x00000000, __ap=0x00000000)
[15:13:39.761]              // -> [ROMTableBase <= 0xE00FF000]
[15:13:39.761]            pidr1 = Read32(ROMTableBase + 0x0FE4);
[15:13:39.761]              // -> [Read32(0xE00FFFE4) => 0x00000004]   (__dp=0x00000000, __ap=0x00000000)
[15:13:39.761]              // -> [pidr1 <= 0x00000004]
[15:13:39.761]            pidr2 = Read32(ROMTableBase + 0x0FE8);
[15:13:39.762]              // -> [Read32(0xE00FFFE8) => 0x0000000A]   (__dp=0x00000000, __ap=0x00000000)
[15:13:39.762]              // -> [pidr2 <= 0x0000000A]
[15:13:39.762]            jep106id = ((pidr2 & 0x7) << 4 ) | ((pidr1 >> 4) & 0xF);
[15:13:39.762]              // -> [jep106id <= 0x00000020]
[15:13:39.762]          </block>
[15:13:39.762]          <control if="jep106id != 0x20" while="" timeout="0" info="">
[15:13:39.762]            // if-block "jep106id != 0x20"
[15:13:39.762]              // =>  FALSE
[15:13:39.762]            // skip if-block "jep106id != 0x20"
[15:13:39.762]          </control>
[15:13:39.763]        </sequence>
[15:13:39.763]    </block>
[15:13:39.763]  </sequence>
[15:13:39.763]  
[15:13:39.763]  **********  Sequence "DebugCoreStart"  (Context="Target Access", Pname="", info="")
[15:13:39.763]  
[15:13:39.763]  <debugvars>
[15:13:39.763]    // Pre-defined
[15:13:39.763]    __protocol=0x00010002      (Protocol="SWD", SWJ-DP="True")
[15:13:39.763]    __connection=0x00000202    (Connection Type="Flash", Reset Type="System Reset")
[15:13:39.763]    __dp=0x00000000
[15:13:39.763]    __ap=0x00000000
[15:13:39.763]    __traceout=0x00000000      (Trace Disabled)
[15:13:39.763]    __errorcontrol=0x00000000  (Skip Errors="False")
[15:13:39.763]    __FlashAddr=0x00000000
[15:13:39.763]    __FlashLen=0x00000000
[15:13:39.763]    __FlashArg=0x00000000
[15:13:39.763]    __FlashOp=0x00000000
[15:13:39.763]    __Result=0x00000000
[15:13:39.763]    
[15:13:39.763]    // User-defined
[15:13:39.763]    DbgMCU_CR=0x00000007
[15:13:39.763]  </debugvars>
[15:13:39.763]  
[15:13:39.763]  <sequence name="DebugCoreStart" Pname="" disable="false" info="">
[15:13:39.764]    <block atomic="false" info="">
[15:13:39.764]      Write32(0xE000EDF0, 0xA05F0001);                                        // Enable Core Debug via DHCSR
[15:13:39.764]        // -> [Write32(0xE000EDF0, 0xA05F0001)]   (__dp=0x00000000, __ap=0x00000000)
[15:13:39.764]      Write32(0xE0042004, DbgMCU_CR);                                         // DBGMCU_CR: Configure MCU Debug
[15:13:39.765]        // -> [Write32(0xE0042004, 0x00000007)]   (__dp=0x00000000, __ap=0x00000000)
[15:13:39.765]    </block>
[15:13:39.765]  </sequence>
[15:13:39.765]  
[15:13:42.182]  **********  Sequence "DebugDeviceUnlock"  (Context="Target Access", Pname="", info="")
[15:13:42.182]  
[15:13:42.182]  <debugvars>
[15:13:42.182]    // Pre-defined
[15:13:42.182]    __protocol=0x00010002      (Protocol="SWD", SWJ-DP="True")
[15:13:42.182]    __connection=0x00000201    (Connection Type="Debug", Reset Type="System Reset")
[15:13:42.182]    __dp=0x00000000
[15:13:42.182]    __ap=0x00000000
[15:13:42.182]    __traceout=0x00000000      (Trace Disabled)
[15:13:42.182]    __errorcontrol=0x00000000  (Skip Errors="False")
[15:13:42.182]    __FlashAddr=0x00000000
[15:13:42.182]    __FlashLen=0x00000000
[15:13:42.182]    __FlashArg=0x00000000
[15:13:42.182]    __FlashOp=0x00000000
[15:13:42.182]    __Result=0x00000000
[15:13:42.182]    
[15:13:42.182]    // User-defined
[15:13:42.182]    DbgMCU_CR=0x00000007
[15:13:42.182]  </debugvars>
[15:13:42.183]  
[15:13:42.183]  <sequence name="DebugDeviceUnlock" Pname="" disable="false" info="">
[15:13:42.183]    <block atomic="false" info="">
[15:13:42.183]      Sequence("CheckID");
[15:13:42.183]        <sequence name="CheckID" Pname="" disable="false" info="">
[15:13:42.183]          <block atomic="false" info="">
[15:13:42.183]            __var pidr1 = 0;
[15:13:42.183]              // -> [pidr1 <= 0x00000000]
[15:13:42.183]            __var pidr2 = 0;
[15:13:42.183]              // -> [pidr2 <= 0x00000000]
[15:13:42.183]            __var jep106id = 0;
[15:13:42.183]              // -> [jep106id <= 0x00000000]
[15:13:42.183]            __var ROMTableBase = 0;
[15:13:42.183]              // -> [ROMTableBase <= 0x00000000]
[15:13:42.183]            __ap = 0;      // AHB-AP
[15:13:42.183]              // -> [__ap <= 0x00000000]
[15:13:42.183]            ROMTableBase = ReadAP(0xF8) & ~0x3;
[15:13:42.183]              // -> [ReadAP(0x000000F8) => 0xE00FF003]   (__dp=0x00000000, __ap=0x00000000)
[15:13:42.183]              // -> [ROMTableBase <= 0xE00FF000]
[15:13:42.183]            pidr1 = Read32(ROMTableBase + 0x0FE4);
[15:13:42.184]              // -> [Read32(0xE00FFFE4) => 0x00000004]   (__dp=0x00000000, __ap=0x00000000)
[15:13:42.184]              // -> [pidr1 <= 0x00000004]
[15:13:42.184]            pidr2 = Read32(ROMTableBase + 0x0FE8);
[15:13:42.184]              // -> [Read32(0xE00FFFE8) => 0x0000000A]   (__dp=0x00000000, __ap=0x00000000)
[15:13:42.184]              // -> [pidr2 <= 0x0000000A]
[15:13:42.184]            jep106id = ((pidr2 & 0x7) << 4 ) | ((pidr1 >> 4) & 0xF);
[15:13:42.184]              // -> [jep106id <= 0x00000020]
[15:13:42.184]          </block>
[15:13:42.184]          <control if="jep106id != 0x20" while="" timeout="0" info="">
[15:13:42.184]            // if-block "jep106id != 0x20"
[15:13:42.185]              // =>  FALSE
[15:13:42.185]            // skip if-block "jep106id != 0x20"
[15:13:42.185]          </control>
[15:13:42.185]        </sequence>
[15:13:42.185]    </block>
[15:13:42.185]  </sequence>
[15:13:42.185]  
[15:13:42.185]  **********  Sequence "DebugCoreStart"  (Context="Target Access", Pname="", info="")
[15:13:42.185]  
[15:13:42.185]  <debugvars>
[15:13:42.185]    // Pre-defined
[15:13:42.185]    __protocol=0x00010002      (Protocol="SWD", SWJ-DP="True")
[15:13:42.185]    __connection=0x00000201    (Connection Type="Debug", Reset Type="System Reset")
[15:13:42.185]    __dp=0x00000000
[15:13:42.185]    __ap=0x00000000
[15:13:42.185]    __traceout=0x00000000      (Trace Disabled)
[15:13:42.185]    __errorcontrol=0x00000000  (Skip Errors="False")
[15:13:42.185]    __FlashAddr=0x00000000
[15:13:42.185]    __FlashLen=0x00000000
[15:13:42.185]    __FlashArg=0x00000000
[15:13:42.185]    __FlashOp=0x00000000
[15:13:42.185]    __Result=0x00000000
[15:13:42.185]    
[15:13:42.185]    // User-defined
[15:13:42.185]    DbgMCU_CR=0x00000007
[15:13:42.185]  </debugvars>
[15:13:42.185]  
[15:13:42.185]  <sequence name="DebugCoreStart" Pname="" disable="false" info="">
[15:13:42.186]    <block atomic="false" info="">
[15:13:42.186]      Write32(0xE000EDF0, 0xA05F0001);                                        // Enable Core Debug via DHCSR
[15:13:42.186]        // -> [Write32(0xE000EDF0, 0xA05F0001)]   (__dp=0x00000000, __ap=0x00000000)
[15:13:42.187]      Write32(0xE0042004, DbgMCU_CR);                                         // DBGMCU_CR: Configure MCU Debug
[15:13:42.187]        // -> [Write32(0xE0042004, 0x00000007)]   (__dp=0x00000000, __ap=0x00000000)
[15:13:42.187]    </block>
[15:13:42.187]  </sequence>
[15:13:42.187]  
[15:16:24.058]  **********  Sequence "DebugDeviceUnlock"  (Context="Target Access", Pname="", info="")
[15:16:24.058]  
[15:16:24.059]  <debugvars>
[15:16:24.059]    // Pre-defined
[15:16:24.059]    __protocol=0x00010002      (Protocol="SWD", SWJ-DP="True")
[15:16:24.059]    __connection=0x00000201    (Connection Type="Debug", Reset Type="System Reset")
[15:16:24.059]    __dp=0x00000000
[15:16:24.059]    __ap=0x00000000
[15:16:24.059]    __traceout=0x00000000      (Trace Disabled)
[15:16:24.059]    __errorcontrol=0x00000000  (Skip Errors="False")
[15:16:24.059]    __FlashAddr=0x00000000
[15:16:24.059]    __FlashLen=0x00000000
[15:16:24.059]    __FlashArg=0x00000000
[15:16:24.059]    __FlashOp=0x00000000
[15:16:24.059]    __Result=0x00000000
[15:16:24.059]    
[15:16:24.059]    // User-defined
[15:16:24.059]    DbgMCU_CR=0x00000007
[15:16:24.059]  </debugvars>
[15:16:24.059]  
[15:16:24.059]  <sequence name="DebugDeviceUnlock" Pname="" disable="false" info="">
[15:16:24.059]    <block atomic="false" info="">
[15:16:24.059]      Sequence("CheckID");
[15:16:24.059]        <sequence name="CheckID" Pname="" disable="false" info="">
[15:16:24.059]          <block atomic="false" info="">
[15:16:24.059]            __var pidr1 = 0;
[15:16:24.059]              // -> [pidr1 <= 0x00000000]
[15:16:24.059]            __var pidr2 = 0;
[15:16:24.059]              // -> [pidr2 <= 0x00000000]
[15:16:24.060]            __var jep106id = 0;
[15:16:24.060]              // -> [jep106id <= 0x00000000]
[15:16:24.060]            __var ROMTableBase = 0;
[15:16:24.060]              // -> [ROMTableBase <= 0x00000000]
[15:16:24.060]            __ap = 0;      // AHB-AP
[15:16:24.060]              // -> [__ap <= 0x00000000]
[15:16:24.060]            ROMTableBase = ReadAP(0xF8) & ~0x3;
[15:16:24.060]              // -> [ReadAP(0x000000F8) => 0xE00FF003]   (__dp=0x00000000, __ap=0x00000000)
[15:16:24.060]              // -> [ROMTableBase <= 0xE00FF000]
[15:16:24.060]            pidr1 = Read32(ROMTableBase + 0x0FE4);
[15:16:24.060]              // -> [Read32(0xE00FFFE4) => 0x00000004]   (__dp=0x00000000, __ap=0x00000000)
[15:16:24.060]              // -> [pidr1 <= 0x00000004]
[15:16:24.060]            pidr2 = Read32(ROMTableBase + 0x0FE8);
[15:16:24.061]              // -> [Read32(0xE00FFFE8) => 0x0000000A]   (__dp=0x00000000, __ap=0x00000000)
[15:16:24.061]              // -> [pidr2 <= 0x0000000A]
[15:16:24.061]            jep106id = ((pidr2 & 0x7) << 4 ) | ((pidr1 >> 4) & 0xF);
[15:16:24.061]              // -> [jep106id <= 0x00000020]
[15:16:24.061]          </block>
[15:16:24.061]          <control if="jep106id != 0x20" while="" timeout="0" info="">
[15:16:24.061]            // if-block "jep106id != 0x20"
[15:16:24.061]              // =>  FALSE
[15:16:24.061]            // skip if-block "jep106id != 0x20"
[15:16:24.061]          </control>
[15:16:24.061]        </sequence>
[15:16:24.061]    </block>
[15:16:24.061]  </sequence>
[15:16:24.061]  
[15:16:24.061]  **********  Sequence "DebugCoreStart"  (Context="Target Access", Pname="", info="")
[15:16:24.061]  
[15:16:24.061]  <debugvars>
[15:16:24.061]    // Pre-defined
[15:16:24.062]    __protocol=0x00010002      (Protocol="SWD", SWJ-DP="True")
[15:16:24.062]    __connection=0x00000201    (Connection Type="Debug", Reset Type="System Reset")
[15:16:24.062]    __dp=0x00000000
[15:16:24.062]    __ap=0x00000000
[15:16:24.062]    __traceout=0x00000000      (Trace Disabled)
[15:16:24.062]    __errorcontrol=0x00000000  (Skip Errors="False")
[15:16:24.062]    __FlashAddr=0x00000000
[15:16:24.062]    __FlashLen=0x00000000
[15:16:24.062]    __FlashArg=0x00000000
[15:16:24.062]    __FlashOp=0x00000000
[15:16:24.062]    __Result=0x00000000
[15:16:24.062]    
[15:16:24.062]    // User-defined
[15:16:24.062]    DbgMCU_CR=0x00000007
[15:16:24.062]  </debugvars>
[15:16:24.062]  
[15:16:24.062]  <sequence name="DebugCoreStart" Pname="" disable="false" info="">
[15:16:24.062]    <block atomic="false" info="">
[15:16:24.062]      Write32(0xE000EDF0, 0xA05F0001);                                        // Enable Core Debug via DHCSR
[15:16:24.062]        // -> [Write32(0xE000EDF0, 0xA05F0001)]   (__dp=0x00000000, __ap=0x00000000)
[15:16:24.062]      Write32(0xE0042004, DbgMCU_CR);                                         // DBGMCU_CR: Configure MCU Debug
[15:16:24.063]        // -> [Write32(0xE0042004, 0x00000007)]   (__dp=0x00000000, __ap=0x00000000)
[15:16:24.063]    </block>
[15:16:24.063]  </sequence>
[15:16:24.063]  
[15:17:34.013]  **********  Sequence "DebugDeviceUnlock"  (Context="Target Access", Pname="", info="")
[15:17:34.013]  
[15:17:34.021]  <debugvars>
[15:17:34.021]    // Pre-defined
[15:17:34.021]    __protocol=0x00010002      (Protocol="SWD", SWJ-DP="True")
[15:17:34.021]    __connection=0x00000202    (Connection Type="Flash", Reset Type="System Reset")
[15:17:34.021]    __dp=0x00000000
[15:17:34.021]    __ap=0x00000000
[15:17:34.021]    __traceout=0x00000000      (Trace Disabled)
[15:17:34.021]    __errorcontrol=0x00000000  (Skip Errors="False")
[15:17:34.021]    __FlashAddr=0x00000000
[15:17:34.021]    __FlashLen=0x00000000
[15:17:34.021]    __FlashArg=0x00000000
[15:17:34.021]    __FlashOp=0x00000000
[15:17:34.021]    __Result=0x00000000
[15:17:34.021]    
[15:17:34.021]    // User-defined
[15:17:34.021]    DbgMCU_CR=0x00000007
[15:17:34.021]  </debugvars>
[15:17:34.021]  
[15:17:34.021]  <sequence name="DebugDeviceUnlock" Pname="" disable="false" info="">
[15:17:34.021]    <block atomic="false" info="">
[15:17:34.021]      Sequence("CheckID");
[15:17:34.021]        <sequence name="CheckID" Pname="" disable="false" info="">
[15:17:34.022]          <block atomic="false" info="">
[15:17:34.022]            __var pidr1 = 0;
[15:17:34.022]              // -> [pidr1 <= 0x00000000]
[15:17:34.022]            __var pidr2 = 0;
[15:17:34.022]              // -> [pidr2 <= 0x00000000]
[15:17:34.022]            __var jep106id = 0;
[15:17:34.022]              // -> [jep106id <= 0x00000000]
[15:17:34.022]            __var ROMTableBase = 0;
[15:17:34.022]              // -> [ROMTableBase <= 0x00000000]
[15:17:34.022]            __ap = 0;      // AHB-AP
[15:17:34.022]              // -> [__ap <= 0x00000000]
[15:17:34.022]            ROMTableBase = ReadAP(0xF8) & ~0x3;
[15:17:34.022]              // -> [ReadAP(0x000000F8) => 0xE00FF003]   (__dp=0x00000000, __ap=0x00000000)
[15:17:34.022]              // -> [ROMTableBase <= 0xE00FF000]
[15:17:34.022]            pidr1 = Read32(ROMTableBase + 0x0FE4);
[15:17:34.023]              // -> [Read32(0xE00FFFE4) => 0x00000004]   (__dp=0x00000000, __ap=0x00000000)
[15:17:34.023]              // -> [pidr1 <= 0x00000004]
[15:17:34.023]            pidr2 = Read32(ROMTableBase + 0x0FE8);
[15:17:34.023]              // -> [Read32(0xE00FFFE8) => 0x0000000A]   (__dp=0x00000000, __ap=0x00000000)
[15:17:34.023]              // -> [pidr2 <= 0x0000000A]
[15:17:34.023]            jep106id = ((pidr2 & 0x7) << 4 ) | ((pidr1 >> 4) & 0xF);
[15:17:34.023]              // -> [jep106id <= 0x00000020]
[15:17:34.023]          </block>
[15:17:34.023]          <control if="jep106id != 0x20" while="" timeout="0" info="">
[15:17:34.023]            // if-block "jep106id != 0x20"
[15:17:34.023]              // =>  FALSE
[15:17:34.023]            // skip if-block "jep106id != 0x20"
[15:17:34.023]          </control>
[15:17:34.023]        </sequence>
[15:17:34.023]    </block>
[15:17:34.023]  </sequence>
[15:17:34.023]  
[15:17:34.024]  **********  Sequence "DebugCoreStart"  (Context="Target Access", Pname="", info="")
[15:17:34.024]  
[15:17:34.024]  <debugvars>
[15:17:34.024]    // Pre-defined
[15:17:34.024]    __protocol=0x00010002      (Protocol="SWD", SWJ-DP="True")
[15:17:34.024]    __connection=0x00000202    (Connection Type="Flash", Reset Type="System Reset")
[15:17:34.024]    __dp=0x00000000
[15:17:34.024]    __ap=0x00000000
[15:17:34.024]    __traceout=0x00000000      (Trace Disabled)
[15:17:34.024]    __errorcontrol=0x00000000  (Skip Errors="False")
[15:17:34.024]    __FlashAddr=0x00000000
[15:17:34.024]    __FlashLen=0x00000000
[15:17:34.024]    __FlashArg=0x00000000
[15:17:34.024]    __FlashOp=0x00000000
[15:17:34.024]    __Result=0x00000000
[15:17:34.024]    
[15:17:34.024]    // User-defined
[15:17:34.024]    DbgMCU_CR=0x00000007
[15:17:34.024]  </debugvars>
[15:17:34.024]  
[15:17:34.024]  <sequence name="DebugCoreStart" Pname="" disable="false" info="">
[15:17:34.024]    <block atomic="false" info="">
[15:17:34.024]      Write32(0xE000EDF0, 0xA05F0001);                                        // Enable Core Debug via DHCSR
[15:17:34.025]        // -> [Write32(0xE000EDF0, 0xA05F0001)]   (__dp=0x00000000, __ap=0x00000000)
[15:17:34.025]      Write32(0xE0042004, DbgMCU_CR);                                         // DBGMCU_CR: Configure MCU Debug
[15:17:34.025]        // -> [Write32(0xE0042004, 0x00000007)]   (__dp=0x00000000, __ap=0x00000000)
[15:17:34.025]    </block>
[15:17:34.026]  </sequence>
[15:17:34.026]  
[15:17:37.412]  **********  Sequence "DebugDeviceUnlock"  (Context="Target Access", Pname="", info="")
[15:17:37.412]  
[15:17:37.412]  <debugvars>
[15:17:37.412]    // Pre-defined
[15:17:37.413]    __protocol=0x00010002      (Protocol="SWD", SWJ-DP="True")
[15:17:37.413]    __connection=0x00000201    (Connection Type="Debug", Reset Type="System Reset")
[15:17:37.413]    __dp=0x00000000
[15:17:37.413]    __ap=0x00000000
[15:17:37.413]    __traceout=0x00000000      (Trace Disabled)
[15:17:37.413]    __errorcontrol=0x00000000  (Skip Errors="False")
[15:17:37.413]    __FlashAddr=0x00000000
[15:17:37.413]    __FlashLen=0x00000000
[15:17:37.413]    __FlashArg=0x00000000
[15:17:37.413]    __FlashOp=0x00000000
[15:17:37.413]    __Result=0x00000000
[15:17:37.413]    
[15:17:37.413]    // User-defined
[15:17:37.413]    DbgMCU_CR=0x00000007
[15:17:37.413]  </debugvars>
[15:17:37.413]  
[15:17:37.413]  <sequence name="DebugDeviceUnlock" Pname="" disable="false" info="">
[15:17:37.413]    <block atomic="false" info="">
[15:17:37.413]      Sequence("CheckID");
[15:17:37.413]        <sequence name="CheckID" Pname="" disable="false" info="">
[15:17:37.413]          <block atomic="false" info="">
[15:17:37.413]            __var pidr1 = 0;
[15:17:37.413]              // -> [pidr1 <= 0x00000000]
[15:17:37.413]            __var pidr2 = 0;
[15:17:37.413]              // -> [pidr2 <= 0x00000000]
[15:17:37.413]            __var jep106id = 0;
[15:17:37.413]              // -> [jep106id <= 0x00000000]
[15:17:37.414]            __var ROMTableBase = 0;
[15:17:37.414]              // -> [ROMTableBase <= 0x00000000]
[15:17:37.414]            __ap = 0;      // AHB-AP
[15:17:37.414]              // -> [__ap <= 0x00000000]
[15:17:37.414]            ROMTableBase = ReadAP(0xF8) & ~0x3;
[15:17:37.414]              // -> [ReadAP(0x000000F8) => 0xE00FF003]   (__dp=0x00000000, __ap=0x00000000)
[15:17:37.414]              // -> [ROMTableBase <= 0xE00FF000]
[15:17:37.414]            pidr1 = Read32(ROMTableBase + 0x0FE4);
[15:17:37.414]              // -> [Read32(0xE00FFFE4) => 0x00000004]   (__dp=0x00000000, __ap=0x00000000)
[15:17:37.414]              // -> [pidr1 <= 0x00000004]
[15:17:37.414]            pidr2 = Read32(ROMTableBase + 0x0FE8);
[15:17:37.415]              // -> [Read32(0xE00FFFE8) => 0x0000000A]   (__dp=0x00000000, __ap=0x00000000)
[15:17:37.415]              // -> [pidr2 <= 0x0000000A]
[15:17:37.415]            jep106id = ((pidr2 & 0x7) << 4 ) | ((pidr1 >> 4) & 0xF);
[15:17:37.415]              // -> [jep106id <= 0x00000020]
[15:17:37.415]          </block>
[15:17:37.415]          <control if="jep106id != 0x20" while="" timeout="0" info="">
[15:17:37.415]            // if-block "jep106id != 0x20"
[15:17:37.415]              // =>  FALSE
[15:17:37.415]            // skip if-block "jep106id != 0x20"
[15:17:37.415]          </control>
[15:17:37.415]        </sequence>
[15:17:37.415]    </block>
[15:17:37.415]  </sequence>
[15:17:37.415]  
[15:17:37.415]  **********  Sequence "DebugCoreStart"  (Context="Target Access", Pname="", info="")
[15:17:37.415]  
[15:17:37.415]  <debugvars>
[15:17:37.415]    // Pre-defined
[15:17:37.415]    __protocol=0x00010002      (Protocol="SWD", SWJ-DP="True")
[15:17:37.415]    __connection=0x00000201    (Connection Type="Debug", Reset Type="System Reset")
[15:17:37.416]    __dp=0x00000000
[15:17:37.416]    __ap=0x00000000
[15:17:37.416]    __traceout=0x00000000      (Trace Disabled)
[15:17:37.416]    __errorcontrol=0x00000000  (Skip Errors="False")
[15:17:37.416]    __FlashAddr=0x00000000
[15:17:37.416]    __FlashLen=0x00000000
[15:17:37.416]    __FlashArg=0x00000000
[15:17:37.416]    __FlashOp=0x00000000
[15:17:37.416]    __Result=0x00000000
[15:17:37.416]    
[15:17:37.416]    // User-defined
[15:17:37.416]    DbgMCU_CR=0x00000007
[15:17:37.416]  </debugvars>
[15:17:37.416]  
[15:17:37.416]  <sequence name="DebugCoreStart" Pname="" disable="false" info="">
[15:17:37.416]    <block atomic="false" info="">
[15:17:37.416]      Write32(0xE000EDF0, 0xA05F0001);                                        // Enable Core Debug via DHCSR
[15:17:37.416]        // -> [Write32(0xE000EDF0, 0xA05F0001)]   (__dp=0x00000000, __ap=0x00000000)
[15:17:37.416]      Write32(0xE0042004, DbgMCU_CR);                                         // DBGMCU_CR: Configure MCU Debug
[15:17:37.418]        // -> [Write32(0xE0042004, 0x00000007)]   (__dp=0x00000000, __ap=0x00000000)
[15:17:37.418]    </block>
[15:17:37.418]  </sequence>
[15:17:37.418]  
[15:18:39.807]  **********  Sequence "DebugDeviceUnlock"  (Context="Target Access", Pname="", info="")
[15:18:39.807]  
[15:18:39.814]  <debugvars>
[15:18:39.814]    // Pre-defined
[15:18:39.814]    __protocol=0x00010002      (Protocol="SWD", SWJ-DP="True")
[15:18:39.814]    __connection=0x00000202    (Connection Type="Flash", Reset Type="System Reset")
[15:18:39.814]    __dp=0x00000000
[15:18:39.814]    __ap=0x00000000
[15:18:39.814]    __traceout=0x00000000      (Trace Disabled)
[15:18:39.814]    __errorcontrol=0x00000000  (Skip Errors="False")
[15:18:39.814]    __FlashAddr=0x00000000
[15:18:39.814]    __FlashLen=0x00000000
[15:18:39.814]    __FlashArg=0x00000000
[15:18:39.814]    __FlashOp=0x00000000
[15:18:39.814]    __Result=0x00000000
[15:18:39.814]    
[15:18:39.814]    // User-defined
[15:18:39.815]    DbgMCU_CR=0x00000007
[15:18:39.815]  </debugvars>
[15:18:39.815]  
[15:18:39.815]  <sequence name="DebugDeviceUnlock" Pname="" disable="false" info="">
[15:18:39.815]    <block atomic="false" info="">
[15:18:39.815]      Sequence("CheckID");
[15:18:39.815]        <sequence name="CheckID" Pname="" disable="false" info="">
[15:18:39.815]          <block atomic="false" info="">
[15:18:39.815]            __var pidr1 = 0;
[15:18:39.815]              // -> [pidr1 <= 0x00000000]
[15:18:39.816]            __var pidr2 = 0;
[15:18:39.816]              // -> [pidr2 <= 0x00000000]
[15:18:39.816]            __var jep106id = 0;
[15:18:39.816]              // -> [jep106id <= 0x00000000]
[15:18:39.816]            __var ROMTableBase = 0;
[15:18:39.816]              // -> [ROMTableBase <= 0x00000000]
[15:18:39.816]            __ap = 0;      // AHB-AP
[15:18:39.816]              // -> [__ap <= 0x00000000]
[15:18:39.816]            ROMTableBase = ReadAP(0xF8) & ~0x3;
[15:18:39.816]              // -> [ReadAP(0x000000F8) => 0xE00FF003]   (__dp=0x00000000, __ap=0x00000000)
[15:18:39.816]              // -> [ROMTableBase <= 0xE00FF000]
[15:18:39.816]            pidr1 = Read32(ROMTableBase + 0x0FE4);
[15:18:39.817]              // -> [Read32(0xE00FFFE4) => 0x00000004]   (__dp=0x00000000, __ap=0x00000000)
[15:18:39.817]              // -> [pidr1 <= 0x00000004]
[15:18:39.817]            pidr2 = Read32(ROMTableBase + 0x0FE8);
[15:18:39.818]              // -> [Read32(0xE00FFFE8) => 0x0000000A]   (__dp=0x00000000, __ap=0x00000000)
[15:18:39.818]              // -> [pidr2 <= 0x0000000A]
[15:18:39.818]            jep106id = ((pidr2 & 0x7) << 4 ) | ((pidr1 >> 4) & 0xF);
[15:18:39.818]              // -> [jep106id <= 0x00000020]
[15:18:39.818]          </block>
[15:18:39.818]          <control if="jep106id != 0x20" while="" timeout="0" info="">
[15:18:39.818]            // if-block "jep106id != 0x20"
[15:18:39.818]              // =>  FALSE
[15:18:39.818]            // skip if-block "jep106id != 0x20"
[15:18:39.818]          </control>
[15:18:39.818]        </sequence>
[15:18:39.818]    </block>
[15:18:39.818]  </sequence>
[15:18:39.818]  
[15:18:39.819]  **********  Sequence "DebugCoreStart"  (Context="Target Access", Pname="", info="")
[15:18:39.819]  
[15:18:39.819]  <debugvars>
[15:18:39.819]    // Pre-defined
[15:18:39.819]    __protocol=0x00010002      (Protocol="SWD", SWJ-DP="True")
[15:18:39.819]    __connection=0x00000202    (Connection Type="Flash", Reset Type="System Reset")
[15:18:39.819]    __dp=0x00000000
[15:18:39.819]    __ap=0x00000000
[15:18:39.819]    __traceout=0x00000000      (Trace Disabled)
[15:18:39.819]    __errorcontrol=0x00000000  (Skip Errors="False")
[15:18:39.819]    __FlashAddr=0x00000000
[15:18:39.819]    __FlashLen=0x00000000
[15:18:39.819]    __FlashArg=0x00000000
[15:18:39.819]    __FlashOp=0x00000000
[15:18:39.819]    __Result=0x00000000
[15:18:39.819]    
[15:18:39.819]    // User-defined
[15:18:39.819]    DbgMCU_CR=0x00000007
[15:18:39.819]  </debugvars>
[15:18:39.819]  
[15:18:39.820]  <sequence name="DebugCoreStart" Pname="" disable="false" info="">
[15:18:39.820]    <block atomic="false" info="">
[15:18:39.820]      Write32(0xE000EDF0, 0xA05F0001);                                        // Enable Core Debug via DHCSR
[15:18:39.821]        // -> [Write32(0xE000EDF0, 0xA05F0001)]   (__dp=0x00000000, __ap=0x00000000)
[15:18:39.821]      Write32(0xE0042004, DbgMCU_CR);                                         // DBGMCU_CR: Configure MCU Debug
[15:18:39.822]        // -> [Write32(0xE0042004, 0x00000007)]   (__dp=0x00000000, __ap=0x00000000)
[15:18:39.822]    </block>
[15:18:39.822]  </sequence>
[15:18:39.822]  
[15:18:43.870]  **********  Sequence "DebugDeviceUnlock"  (Context="Target Access", Pname="", info="")
[15:18:43.870]  
[15:18:43.878]  <debugvars>
[15:18:43.878]    // Pre-defined
[15:18:43.878]    __protocol=0x00010002      (Protocol="SWD", SWJ-DP="True")
[15:18:43.878]    __connection=0x00000201    (Connection Type="Debug", Reset Type="System Reset")
[15:18:43.878]    __dp=0x00000000
[15:18:43.878]    __ap=0x00000000
[15:18:43.878]    __traceout=0x00000000      (Trace Disabled)
[15:18:43.878]    __errorcontrol=0x00000000  (Skip Errors="False")
[15:18:43.878]    __FlashAddr=0x00000000
[15:18:43.878]    __FlashLen=0x00000000
[15:18:43.879]    __FlashArg=0x00000000
[15:18:43.879]    __FlashOp=0x00000000
[15:18:43.879]    __Result=0x00000000
[15:18:43.879]    
[15:18:43.879]    // User-defined
[15:18:43.879]    DbgMCU_CR=0x00000007
[15:18:43.879]  </debugvars>
[15:18:43.879]  
[15:18:43.879]  <sequence name="DebugDeviceUnlock" Pname="" disable="false" info="">
[15:18:43.879]    <block atomic="false" info="">
[15:18:43.879]      Sequence("CheckID");
[15:18:43.880]        <sequence name="CheckID" Pname="" disable="false" info="">
[15:18:43.880]          <block atomic="false" info="">
[15:18:43.880]            __var pidr1 = 0;
[15:18:43.880]              // -> [pidr1 <= 0x00000000]
[15:18:43.880]            __var pidr2 = 0;
[15:18:43.880]              // -> [pidr2 <= 0x00000000]
[15:18:43.880]            __var jep106id = 0;
[15:18:43.880]              // -> [jep106id <= 0x00000000]
[15:18:43.880]            __var ROMTableBase = 0;
[15:18:43.880]              // -> [ROMTableBase <= 0x00000000]
[15:18:43.880]            __ap = 0;      // AHB-AP
[15:18:43.880]              // -> [__ap <= 0x00000000]
[15:18:43.880]            ROMTableBase = ReadAP(0xF8) & ~0x3;
[15:18:43.881]              // -> [ReadAP(0x000000F8) => 0xE00FF003]   (__dp=0x00000000, __ap=0x00000000)
[15:18:43.881]              // -> [ROMTableBase <= 0xE00FF000]
[15:18:43.881]            pidr1 = Read32(ROMTableBase + 0x0FE4);
[15:18:43.881]              // -> [Read32(0xE00FFFE4) => 0x00000004]   (__dp=0x00000000, __ap=0x00000000)
[15:18:43.881]              // -> [pidr1 <= 0x00000004]
[15:18:43.881]            pidr2 = Read32(ROMTableBase + 0x0FE8);
[15:18:43.881]              // -> [Read32(0xE00FFFE8) => 0x0000000A]   (__dp=0x00000000, __ap=0x00000000)
[15:18:43.881]              // -> [pidr2 <= 0x0000000A]
[15:18:43.882]            jep106id = ((pidr2 & 0x7) << 4 ) | ((pidr1 >> 4) & 0xF);
[15:18:43.882]              // -> [jep106id <= 0x00000020]
[15:18:43.882]          </block>
[15:18:43.882]          <control if="jep106id != 0x20" while="" timeout="0" info="">
[15:18:43.882]            // if-block "jep106id != 0x20"
[15:18:43.882]              // =>  FALSE
[15:18:43.882]            // skip if-block "jep106id != 0x20"
[15:18:43.882]          </control>
[15:18:43.882]        </sequence>
[15:18:43.882]    </block>
[15:18:43.882]  </sequence>
[15:18:43.882]  
[15:18:43.882]  **********  Sequence "DebugCoreStart"  (Context="Target Access", Pname="", info="")
[15:18:43.882]  
[15:18:43.882]  <debugvars>
[15:18:43.882]    // Pre-defined
[15:18:43.882]    __protocol=0x00010002      (Protocol="SWD", SWJ-DP="True")
[15:18:43.882]    __connection=0x00000201    (Connection Type="Debug", Reset Type="System Reset")
[15:18:43.882]    __dp=0x00000000
[15:18:43.882]    __ap=0x00000000
[15:18:43.882]    __traceout=0x00000000      (Trace Disabled)
[15:18:43.883]    __errorcontrol=0x00000000  (Skip Errors="False")
[15:18:43.883]    __FlashAddr=0x00000000
[15:18:43.883]    __FlashLen=0x00000000
[15:18:43.883]    __FlashArg=0x00000000
[15:18:43.883]    __FlashOp=0x00000000
[15:18:43.883]    __Result=0x00000000
[15:18:43.883]    
[15:18:43.883]    // User-defined
[15:18:43.883]    DbgMCU_CR=0x00000007
[15:18:43.883]  </debugvars>
[15:18:43.883]  
[15:18:43.883]  <sequence name="DebugCoreStart" Pname="" disable="false" info="">
[15:18:43.883]    <block atomic="false" info="">
[15:18:43.883]      Write32(0xE000EDF0, 0xA05F0001);                                        // Enable Core Debug via DHCSR
[15:18:43.884]        // -> [Write32(0xE000EDF0, 0xA05F0001)]   (__dp=0x00000000, __ap=0x00000000)
[15:18:43.884]      Write32(0xE0042004, DbgMCU_CR);                                         // DBGMCU_CR: Configure MCU Debug
[15:18:43.884]        // -> [Write32(0xE0042004, 0x00000007)]   (__dp=0x00000000, __ap=0x00000000)
[15:18:43.884]    </block>
[15:18:43.884]  </sequence>
[15:18:43.884]  
[15:21:33.263]  **********  Sequence "DebugDeviceUnlock"  (Context="Target Access", Pname="", info="")
[15:21:33.263]  
[15:21:33.263]  <debugvars>
[15:21:33.264]    // Pre-defined
[15:21:33.264]    __protocol=0x00010002      (Protocol="SWD", SWJ-DP="True")
[15:21:33.264]    __connection=0x00000202    (Connection Type="Flash", Reset Type="System Reset")
[15:21:33.264]    __dp=0x00000000
[15:21:33.264]    __ap=0x00000000
[15:21:33.264]    __traceout=0x00000000      (Trace Disabled)
[15:21:33.264]    __errorcontrol=0x00000000  (Skip Errors="False")
[15:21:33.264]    __FlashAddr=0x00000000
[15:21:33.264]    __FlashLen=0x00000000
[15:21:33.264]    __FlashArg=0x00000000
[15:21:33.264]    __FlashOp=0x00000000
[15:21:33.264]    __Result=0x00000000
[15:21:33.265]    
[15:21:33.265]    // User-defined
[15:21:33.265]    DbgMCU_CR=0x00000007
[15:21:33.265]  </debugvars>
[15:21:33.265]  
[15:21:33.265]  <sequence name="DebugDeviceUnlock" Pname="" disable="false" info="">
[15:21:33.265]    <block atomic="false" info="">
[15:21:33.265]      Sequence("CheckID");
[15:21:33.265]        <sequence name="CheckID" Pname="" disable="false" info="">
[15:21:33.265]          <block atomic="false" info="">
[15:21:33.265]            __var pidr1 = 0;
[15:21:33.265]              // -> [pidr1 <= 0x00000000]
[15:21:33.265]            __var pidr2 = 0;
[15:21:33.265]              // -> [pidr2 <= 0x00000000]
[15:21:33.265]            __var jep106id = 0;
[15:21:33.265]              // -> [jep106id <= 0x00000000]
[15:21:33.265]            __var ROMTableBase = 0;
[15:21:33.265]              // -> [ROMTableBase <= 0x00000000]
[15:21:33.265]            __ap = 0;      // AHB-AP
[15:21:33.265]              // -> [__ap <= 0x00000000]
[15:21:33.265]            ROMTableBase = ReadAP(0xF8) & ~0x3;
[15:21:33.267]              // -> [ReadAP(0x000000F8) => 0xE00FF003]   (__dp=0x00000000, __ap=0x00000000)
[15:21:33.267]              // -> [ROMTableBase <= 0xE00FF000]
[15:21:33.267]            pidr1 = Read32(ROMTableBase + 0x0FE4);
[15:21:33.267]              // -> [Read32(0xE00FFFE4) => 0x00000004]   (__dp=0x00000000, __ap=0x00000000)
[15:21:33.267]              // -> [pidr1 <= 0x00000004]
[15:21:33.267]            pidr2 = Read32(ROMTableBase + 0x0FE8);
[15:21:33.267]              // -> [Read32(0xE00FFFE8) => 0x0000000A]   (__dp=0x00000000, __ap=0x00000000)
[15:21:33.267]              // -> [pidr2 <= 0x0000000A]
[15:21:33.267]            jep106id = ((pidr2 & 0x7) << 4 ) | ((pidr1 >> 4) & 0xF);
[15:21:33.267]              // -> [jep106id <= 0x00000020]
[15:21:33.267]          </block>
[15:21:33.268]          <control if="jep106id != 0x20" while="" timeout="0" info="">
[15:21:33.268]            // if-block "jep106id != 0x20"
[15:21:33.268]              // =>  FALSE
[15:21:33.268]            // skip if-block "jep106id != 0x20"
[15:21:33.268]          </control>
[15:21:33.268]        </sequence>
[15:21:33.268]    </block>
[15:21:33.268]  </sequence>
[15:21:33.268]  
[15:21:33.268]  **********  Sequence "DebugCoreStart"  (Context="Target Access", Pname="", info="")
[15:21:33.268]  
[15:21:33.268]  <debugvars>
[15:21:33.268]    // Pre-defined
[15:21:33.268]    __protocol=0x00010002      (Protocol="SWD", SWJ-DP="True")
[15:21:33.268]    __connection=0x00000202    (Connection Type="Flash", Reset Type="System Reset")
[15:21:33.268]    __dp=0x00000000
[15:21:33.268]    __ap=0x00000000
[15:21:33.268]    __traceout=0x00000000      (Trace Disabled)
[15:21:33.268]    __errorcontrol=0x00000000  (Skip Errors="False")
[15:21:33.268]    __FlashAddr=0x00000000
[15:21:33.268]    __FlashLen=0x00000000
[15:21:33.268]    __FlashArg=0x00000000
[15:21:33.268]    __FlashOp=0x00000000
[15:21:33.269]    __Result=0x00000000
[15:21:33.269]    
[15:21:33.269]    // User-defined
[15:21:33.269]    DbgMCU_CR=0x00000007
[15:21:33.269]  </debugvars>
[15:21:33.269]  
[15:21:33.269]  <sequence name="DebugCoreStart" Pname="" disable="false" info="">
[15:21:33.269]    <block atomic="false" info="">
[15:21:33.269]      Write32(0xE000EDF0, 0xA05F0001);                                        // Enable Core Debug via DHCSR
[15:21:33.269]        // -> [Write32(0xE000EDF0, 0xA05F0001)]   (__dp=0x00000000, __ap=0x00000000)
[15:21:33.269]      Write32(0xE0042004, DbgMCU_CR);                                         // DBGMCU_CR: Configure MCU Debug
[15:21:33.270]        // -> [Write32(0xE0042004, 0x00000007)]   (__dp=0x00000000, __ap=0x00000000)
[15:21:33.270]    </block>
[15:21:33.270]  </sequence>
[15:21:33.270]  
[15:21:37.713]  **********  Sequence "DebugDeviceUnlock"  (Context="Target Access", Pname="", info="")
[15:21:37.713]  
[15:21:37.713]  <debugvars>
[15:21:37.713]    // Pre-defined
[15:21:37.713]    __protocol=0x00010002      (Protocol="SWD", SWJ-DP="True")
[15:21:37.713]    __connection=0x00000201    (Connection Type="Debug", Reset Type="System Reset")
[15:21:37.713]    __dp=0x00000000
[15:21:37.713]    __ap=0x00000000
[15:21:37.713]    __traceout=0x00000000      (Trace Disabled)
[15:21:37.713]    __errorcontrol=0x00000000  (Skip Errors="False")
[15:21:37.713]    __FlashAddr=0x00000000
[15:21:37.713]    __FlashLen=0x00000000
[15:21:37.713]    __FlashArg=0x00000000
[15:21:37.714]    __FlashOp=0x00000000
[15:21:37.714]    __Result=0x00000000
[15:21:37.714]    
[15:21:37.714]    // User-defined
[15:21:37.714]    DbgMCU_CR=0x00000007
[15:21:37.714]  </debugvars>
[15:21:37.714]  
[15:21:37.714]  <sequence name="DebugDeviceUnlock" Pname="" disable="false" info="">
[15:21:37.714]    <block atomic="false" info="">
[15:21:37.714]      Sequence("CheckID");
[15:21:37.714]        <sequence name="CheckID" Pname="" disable="false" info="">
[15:21:37.714]          <block atomic="false" info="">
[15:21:37.714]            __var pidr1 = 0;
[15:21:37.714]              // -> [pidr1 <= 0x00000000]
[15:21:37.714]            __var pidr2 = 0;
[15:21:37.714]              // -> [pidr2 <= 0x00000000]
[15:21:37.714]            __var jep106id = 0;
[15:21:37.714]              // -> [jep106id <= 0x00000000]
[15:21:37.715]            __var ROMTableBase = 0;
[15:21:37.715]              // -> [ROMTableBase <= 0x00000000]
[15:21:37.715]            __ap = 0;      // AHB-AP
[15:21:37.715]              // -> [__ap <= 0x00000000]
[15:21:37.715]            ROMTableBase = ReadAP(0xF8) & ~0x3;
[15:21:37.715]              // -> [ReadAP(0x000000F8) => 0xE00FF003]   (__dp=0x00000000, __ap=0x00000000)
[15:21:37.715]              // -> [ROMTableBase <= 0xE00FF000]
[15:21:37.715]            pidr1 = Read32(ROMTableBase + 0x0FE4);
[15:21:37.716]              // -> [Read32(0xE00FFFE4) => 0x00000004]   (__dp=0x00000000, __ap=0x00000000)
[15:21:37.716]              // -> [pidr1 <= 0x00000004]
[15:21:37.716]            pidr2 = Read32(ROMTableBase + 0x0FE8);
[15:21:37.717]              // -> [Read32(0xE00FFFE8) => 0x0000000A]   (__dp=0x00000000, __ap=0x00000000)
[15:21:37.717]              // -> [pidr2 <= 0x0000000A]
[15:21:37.717]            jep106id = ((pidr2 & 0x7) << 4 ) | ((pidr1 >> 4) & 0xF);
[15:21:37.717]              // -> [jep106id <= 0x00000020]
[15:21:37.717]          </block>
[15:21:37.717]          <control if="jep106id != 0x20" while="" timeout="0" info="">
[15:21:37.717]            // if-block "jep106id != 0x20"
[15:21:37.718]              // =>  FALSE
[15:21:37.718]            // skip if-block "jep106id != 0x20"
[15:21:37.718]          </control>
[15:21:37.718]        </sequence>
[15:21:37.718]    </block>
[15:21:37.718]  </sequence>
[15:21:37.718]  
[15:21:37.718]  **********  Sequence "DebugCoreStart"  (Context="Target Access", Pname="", info="")
[15:21:37.718]  
[15:21:37.718]  <debugvars>
[15:21:37.719]    // Pre-defined
[15:21:37.719]    __protocol=0x00010002      (Protocol="SWD", SWJ-DP="True")
[15:21:37.719]    __connection=0x00000201    (Connection Type="Debug", Reset Type="System Reset")
[15:21:37.719]    __dp=0x00000000
[15:21:37.719]    __ap=0x00000000
[15:21:37.719]    __traceout=0x00000000      (Trace Disabled)
[15:21:37.719]    __errorcontrol=0x00000000  (Skip Errors="False")
[15:21:37.719]    __FlashAddr=0x00000000
[15:21:37.719]    __FlashLen=0x00000000
[15:21:37.719]    __FlashArg=0x00000000
[15:21:37.719]    __FlashOp=0x00000000
[15:21:37.719]    __Result=0x00000000
[15:21:37.719]    
[15:21:37.719]    // User-defined
[15:21:37.719]    DbgMCU_CR=0x00000007
[15:21:37.719]  </debugvars>
[15:21:37.719]  
[15:21:37.719]  <sequence name="DebugCoreStart" Pname="" disable="false" info="">
[15:21:37.719]    <block atomic="false" info="">
[15:21:37.719]      Write32(0xE000EDF0, 0xA05F0001);                                        // Enable Core Debug via DHCSR
[15:21:37.720]        // -> [Write32(0xE000EDF0, 0xA05F0001)]   (__dp=0x00000000, __ap=0x00000000)
[15:21:37.720]      Write32(0xE0042004, DbgMCU_CR);                                         // DBGMCU_CR: Configure MCU Debug
[15:21:37.720]        // -> [Write32(0xE0042004, 0x00000007)]   (__dp=0x00000000, __ap=0x00000000)
[15:21:37.720]    </block>
[15:21:37.720]  </sequence>
[15:21:37.720]  
